-1 -10 11 8 -10 1 0 0
-1 -10 12 12 -16 4 0 0
-1 -10 13 12 -11 -2 0 0
-1 -10 14 10 -20 1 7 -2
-1 -10 15 10 -17 1 0 0
-1 -10 15 14 -27 -1 11 -2
-1 -10 15 16 -32 5 7 -2
-1 -10 17 10 -31 10 7 -3
-1 -10 17 8 -23 6 0 0
-1 -10 19 0 -18 9 0 0
-1 -10 19 6 -35 23 -1 -2
-1 -10 21 -4 -22 22 -8 1
-1 -11 8 16 0 0 0 0
-1 -2 0 0 0 0 0 0
-1 -3 0 0 0 0 0 0
-1 -3 2 0 0 0 0 0
-1 -3 2 1 0 0 0 0
-1 -4 0 0 0 0 0 0
-1 -4 1 1 0 0 0 0
-1 -4 1 2 0 0 0 0
-1 -4 1 3 0 0 0 0
-1 -4 2 1 0 0 0 0
-1 -4 2 2 -1 0 0 0
-1 -4 2 2 0 0 0 0
-1 -4 2 3 -1 0 0 0
-1 -4 2 3 0 0 0 0
-1 -4 3 0 0 0 0 0
-1 -4 3 1 0 0 0 0
-1 -4 3 2 -1 0 0 0
-1 -4 3 2 0 0 0 0
-1 -4 3 3 -1 0 0 0
-1 -4 3 3 -2 0 0 0
-1 -4 3 4 -2 -1 0 0
-1 -4 4 1 -1 0 0 0
-1 -4 4 2 -2 0 0 0
-1 -4 4 3 -2 -1 0 0
-1 -4 4 3 -3 0 0 0
-1 -4 4 3 -4 1 0 0
-1 -4 5 0 -1 0 0 0
-1 -4 5 1 -2 0 0 0
-1 -4 5 2 -4 1 0 0
-1 -4 6 -2 0 0 0 0
-1 -5 -1 1 0 0 0 0
-1 -5 -3 0 0 0 0 0
-1 -5 0 0 0 0 0 0
-1 -5 0 2 0 0 0 0
-1 -5 0 3 0 0 0 0
-1 -5 0 4 1 0 0 0
-1 -5 0 5 2 0 0 0
-1 -5 1 1 0 0 0 0
-1 -5 1 2 0 0 0 0
-1 -5 1 3 -1 0 0 0
-1 -5 1 3 0 0 0 0
-1 -5 1 4 0 0 0 0
-1 -5 1 4 1 0 0 0
-1 -5 1 5 0 -1 0 0
-1 -5 1 5 1 0 0 0
-1 -5 1 6 1 -1 0 0
-1 -5 1 6 2 0 0 0
-1 -5 2 1 0 0 0 0
-1 -5 2 2 0 0 0 0
-1 -5 2 3 -1 0 0 0
-1 -5 2 3 0 0 0 0
-1 -5 2 4 -1 0 0 0
-1 -5 2 4 -2 0 0 0
-1 -5 2 4 0 0 0 0
-1 -5 2 4 1 0 0 0
-1 -5 2 5 -1 -1 0 0
-1 -5 2 5 -1 0 0 0
-1 -5 2 5 0 0 0 0
-1 -5 2 5 1 0 0 0
-1 -5 2 6 -1 -2 0 0
-1 -5 2 6 0 -1 0 0
-1 -5 2 6 1 0 0 0
-1 -5 2 6 2 0 0 0
-1 -5 2 7 -1 -3 0 0
-1 -5 2 7 0 -2 0 0
-1 -5 3 0 0 0 0 0
-1 -5 3 1 0 0 0 0
-1 -5 3 2 -1 0 0 0
-1 -5 3 2 0 0 0 0
-1 -5 3 3 -1 0 0 0
-1 -5 3 3 0 0 0 0
-1 -5 3 4 -1 0 0 0
-1 -5 3 4 -2 0 0 0
-1 -5 3 4 0 0 0 0
-1 -5 3 5 -1 -1 0 0
-1 -5 3 5 -1 0 0 0
-1 -5 3 5 -2 -1 0 0
-1 -5 3 5 -2 0 0 0
-1 -5 3 5 -3 0 0 0
-1 -5 3 5 0 0 0 0
-1 -5 3 5 1 0 0 0
-1 -5 3 6 -1 -1 0 0
-1 -5 3 6 -1 0 0 0
-1 -5 3 6 -2 -1 0 0
-1 -5 3 6 -2 -2 0 0
-1 -5 3 6 -3 -2 1 0
-1 -5 3 6 0 -1 0 0
-1 -5 3 7 -1 -2 0 0
-1 -5 3 7 -2 -3 0 0
-1 -5 3 7 -3 -3 1 0
-1 -5 4 0 0 0 0 0
-1 -5 4 1 0 0 0 0
-1 -5 4 2 -1 0 0 0
-1 -5 4 2 0 0 0 0
-1 -5 4 3 -1 0 0 0
-1 -5 4 3 -2 0 0 0
-1 -5 4 3 0 0 0 0
-1 -5 4 4 -1 0 0 0
-1 -5 4 4 -2 -1 0 0
-1 -5 4 4 -2 0 0 0
-1 -5 4 4 -3 0 0 0
-1 -5 4 5 -2 -1 0 0
-1 -5 4 5 -3 -1 0 0
-1 -5 4 5 -3 0 0 0
-1 -5 4 5 -4 0 0 0
-1 -5 4 6 -3 -1 0 0
-1 -5 4 6 -3 -2 0 0
-1 -5 4 6 -4 -1 0 0
-1 -5 4 6 -4 -2 1 0
-1 -5 4 6 -4 0 0 0
-1 -5 4 6 -5 -1 1 0
-1 -5 4 7 -5 -3 2 0
-1 -5 5 0 0 0 0 0
-1 -5 5 1 -1 0 0 0
-1 -5 5 1 0 0 0 0
-1 -5 5 2 -1 0 0 0
-1 -5 5 2 -2 0 0 0
-1 -5 5 3 -2 0 0 0
-1 -5 5 3 -3 0 0 0
-1 -5 5 4 -4 0 0 0
-1 -5 5 4 -5 1 0 0
-1 -5 5 5 -3 -2 0 0
-1 -5 5 5 -6 1 0 0
-1 -5 6 -1 0 0 0 0
-1 -5 6 0 -1 0 0 0
-1 -5 6 0 0 0 0 0
-1 -5 6 1 -2 0 0 0
-1 -5 6 2 -4 1 0 0
-1 -5 6 4 -7 2 0 0
-1 -5 7 -2 0 0 0 0
-1 -6 -1 5 1 -1 0 0
-1 -6 0 0 0 0 0 0
-1 -6 0 4 0 0 0 0
-1 -6 0 8 3 -1 0 0
-1 -6 1 1 0 0 0 0
-1 -6 1 2 0 0 0 0
-1 -6 10 -4 0 0 0 0
-1 -6 2 1 0 0 0 0
-1 -6 2 10 -1 -6 0 1
-1 -6 2 2 0 0 0 0
-1 -6 2 3 -1 0 0 0
-1 -6 2 3 0 0 0 0
-1 -6 2 4 0 0 0 0
-1 -6 2 8 -1 -2 0 0
-1 -6 3 0 0 0 0 0
-1 -6 3 1 0 0 0 0
-1 -6 3 2 0 0 0 0
-1 -6 3 3 -1 0 0 0
-1 -6 3 3 0 0 0 0
-1 -6 3 4 -1 0 0 0
-1 -6 3 4 -2 0 0 0
-1 -6 3 4 0 0 0 0
-1 -6 3 5 -1 -1 0 0
-1 -6 3 5 -1 0 0 0
-1 -6 3 5 -2 0 0 0
-1 -6 3 5 0 0 0 0
-1 -6 3 5 1 0 0 0
-1 -6 3 6 0 0 0 0
-1 -6 3 6 1 0 0 0
-1 -6 3 7 0 0 0 0
-1 -6 3 7 2 0 0 0
-1 -6 3 9 1 -1 0 0
-1 -6 4 0 0 0 0 0
-1 -6 4 1 0 0 0 0
-1 -6 4 2 -1 0 0 0
-1 -6 4 2 0 0 0 0
-1 -6 4 3 -1 0 0 0
-1 -6 4 3 0 0 0 0
-1 -6 4 4 -1 0 0 0
-1 -6 4 4 -2 0 0 0
-1 -6 4 4 0 0 0 0
-1 -6 4 5 -1 0 0 0
-1 -6 4 5 -2 -1 0 0
-1 -6 4 5 -2 0 0 0
-1 -6 4 5 -3 0 0 0
-1 -6 4 5 0 0 0 0
-1 -6 4 5 1 0 0 0
-1 -6 4 6 -1 -1 0 0
-1 -6 4 6 -1 0 0 0
-1 -6 4 6 -2 -1 0 0
-1 -6 4 6 -2 0 0 0
-1 -6 4 6 -3 -1 0 0
-1 -6 4 6 -3 0 0 0
-1 -6 4 6 -4 0 0 0
-1 -6 4 6 0 0 0 0
-1 -6 4 6 1 0 0 0
-1 -6 4 7 -1 -1 0 0
-1 -6 4 7 -1 0 0 0
-1 -6 4 7 -2 -1 0 0
-1 -6 4 7 -2 -2 0 0
-1 -6 4 7 -2 0 0 0
-1 -6 4 7 -3 -2 0 0
-1 -6 4 7 0 -1 0 0
-1 -6 4 7 0 0 0 0
-1 -6 4 8 -1 -1 0 0
-1 -6 4 8 -1 -2 0 0
-1 -6 4 8 -5 -1 0 0
-1 -6 4 8 0 -1 0 0
-1 -6 5 -1 0 0 0 0
-1 -6 5 0 0 0 0 0
-1 -6 5 1 -1 0 0 0
-1 -6 5 1 0 0 0 0
-1 -6 5 2 -1 0 0 0
-1 -6 5 2 0 0 0 0
-1 -6 5 3 -1 0 0 0
-1 -6 5 3 -2 0 0 0
-1 -6 5 3 0 0 0 0
-1 -6 5 4 -1 0 0 0
-1 -6 5 4 -2 -1 0 0
-1 -6 5 4 -2 0 0 0
-1 -6 5 4 -3 0 0 0
-1 -6 5 4 0 0 0 0
-1 -6 5 5 -1 0 0 0
-1 -6 5 5 -2 -1 0 0
-1 -6 5 5 -2 0 0 0
-1 -6 5 5 -3 -1 0 0
-1 -6 5 5 -3 0 0 0
-1 -6 5 5 -4 0 0 0
-1 -6 5 5 -5 1 0 0
-1 -6 5 5 0 0 0 0
-1 -6 5 6 -1 -1 0 0
-1 -6 5 6 -1 0 0 0
-1 -6 5 6 -2 -1 0 0
-1 -6 5 6 -2 0 0 0
-1 -6 5 6 -3 -1 0 0
-1 -6 5 6 -3 -2 0 0
-1 -6 5 6 -3 0 0 0
-1 -6 5 6 -4 -1 0 0
-1 -6 5 6 -4 0 0 0
-1 -6 5 6 -5 0 0 0
-1 -6 5 6 -6 1 0 0
-1 -6 5 7 -2 -1 0 0
-1 -6 5 7 -2 -2 0 0
-1 -6 5 7 -3 -1 0 0
-1 -6 5 7 -3 -2 0 0
-1 -6 5 7 -3 0 0 0
-1 -6 5 7 -4 -1 0 0
-1 -6 5 7 -4 -2 0 0
-1 -6 5 7 -4 -2 1 0
-1 -6 5 7 -4 0 0 0
-1 -6 5 7 -5 -1 0 0
-1 -6 5 7 -5 -2 1 0
-1 -6 5 7 -5 0 0 0
-1 -6 5 7 -6 -1 1 0
-1 -6 5 7 -6 0 0 0
-1 -6 5 7 -6 1 0 0
-1 -6 5 8 -3 -2 0 0
-1 -6 5 8 -3 -3 0 0
-1 -6 5 8 -4 -1 0 0
-1 -6 5 8 -4 -2 0 0
-1 -6 5 8 -4 -3 0 0
-1 -6 5 8 -4 0 0 0
-1 -6 5 8 -5 -2 0 0
-1 -6 5 8 -5 -2 1 0
-1 -6 5 8 -5 -3 1 0
-1 -6 5 8 -6 -3 2 0
-1 -6 5 9 -5 -2 0 0
-1 -6 5 9 -6 -5 2 1
-1 -6 6 -1 0 0 0 0
-1 -6 6 0 0 0 0 0
-1 -6 6 1 -1 0 0 0
-1 -6 6 1 0 0 0 0
-1 -6 6 2 -1 0 0 0
-1 -6 6 2 -2 0 0 0
-1 -6 6 2 0 0 0 0
-1 -6 6 3 -1 0 0 0
-1 -6 6 3 -2 0 0 0
-1 -6 6 3 -3 0 0 0
-1 -6 6 3 0 0 0 0
-1 -6 6 4 -1 0 0 0
-1 -6 6 4 -2 0 0 0
-1 -6 6 4 -3 -1 0 0
-1 -6 6 4 -3 0 0 0
-1 -6 6 4 -4 0 0 0
-1 -6 6 4 -5 1 0 0
-1 -6 6 4 0 0 0 0
-1 -6 6 5 -2 -1 0 0
-1 -6 6 5 -2 0 0 0
-1 -6 6 5 -3 -1 0 0
-1 -6 6 5 -3 0 0 0
-1 -6 6 5 -4 -1 0 0
-1 -6 6 5 -4 0 0 0
-1 -6 6 5 -5 -1 1 0
-1 -6 6 5 -5 0 0 0
-1 -6 6 5 -6 1 0 0
-1 -6 6 6 -3 -2 0 0
-1 -6 6 6 -4 -1 0 0
-1 -6 6 6 -4 -2 0 0
-1 -6 6 6 -4 0 0 0
-1 -6 6 6 -5 -1 0 0
-1 -6 6 6 -5 0 0 0
-1 -6 6 6 -6 -1 1 0
-1 -6 6 6 -6 0 0 0
-1 -6 6 6 -6 1 0 0
-1 -6 6 6 -7 1 0 0
-1 -6 6 6 -8 2 0 0
-1 -6 6 7 -5 -2 0 0
-1 -6 6 7 -6 -1 0 0
-1 -6 6 7 -6 -2 1 0
-1 -6 6 7 -6 0 0 0
-1 -6 6 7 -7 -1 1 0
-1 -6 6 7 -7 -2 2 0
-1 -6 6 7 -7 0 0 0
-1 -6 6 7 -7 1 0 0
-1 -6 6 7 -8 0 1 0
-1 -6 6 7 -8 1 0 0
-1 -6 6 7 -9 2 0 0
-1 -6 6 8 -7 -3 2 0
-1 -6 6 8 -8 -1 1 0
-1 -6 6 8 -8 -2 2 0
-1 -6 6 8 -8 -3 3 0
-1 -6 6 8 -8 0 0 0
-1 -6 6 8 -9 -1 2 0
-1 -6 6 9 -9 -4 4 0
-1 -6 7 -1 0 0 0 0
-1 -6 7 0 -1 0 0 0
-1 -6 7 0 0 0 0 0
-1 -6 7 1 -1 0 0 0
-1 -6 7 1 -2 0 0 0
-1 -6 7 1 0 0 0 0
-1 -6 7 2 -1 0 0 0
-1 -6 7 2 -2 0 0 0
-1 -6 7 2 -3 0 0 0
-1 -6 7 2 -4 1 0 0
-1 -6 7 2 0 0 0 0
-1 -6 7 3 -2 0 0 0
-1 -6 7 3 -3 -1 0 0
-1 -6 7 3 -3 0 0 0
-1 -6 7 3 -4 0 0 0
-1 -6 7 3 -5 1 0 0
-1 -6 7 4 -4 -1 0 0
-1 -6 7 4 -4 0 0 0
-1 -6 7 4 -5 0 0 0
-1 -6 7 4 -5 1 0 0
-1 -6 7 4 -6 1 0 0
-1 -6 7 4 -7 2 0 0
-1 -6 7 5 -6 -1 1 0
-1 -6 7 5 -6 0 0 0
-1 -6 7 5 -7 0 1 0
-1 -6 7 5 -7 1 0 0
-1 -6 7 5 -8 2 0 0
-1 -6 7 6 -10 3 0 0
-1 -6 7 6 -8 -1 2 0
-1 -6 7 6 -9 1 1 0
-1 -6 7 6 -9 2 0 0
-1 -6 7 7 -12 4 0 0
-1 -6 8 -1 -1 0 0 0
-1 -6 8 -1 0 0 0 0
-1 -6 8 -2 0 0 0 0
-1 -6 8 0 -1 0 0 0
-1 -6 8 0 -2 0 0 0
-1 -6 8 1 -2 0 0 0
-1 -6 8 1 -3 0 0 0
-1 -6 8 1 -4 1 0 0
-1 -6 8 2 -4 0 0 0
-1 -6 8 2 -5 1 0 0
-1 -6 8 3 -7 2 0 0
-1 -6 9 -1 -2 0 0 0
-1 -6 9 -1 -3 1 0 0
-1 -6 9 -2 -1 0 0 0
-1 -6 9 -2 0 0 0 0
-1 -6 9 -3 0 0 0 0
-1 -7 -1 1 0 0 0 0
-1 -7 -1 2 0 0 0 0
-1 -7 0 0 0 0 0 0
-1 -7 0 2 0 0 0 0
-1 -7 0 3 0 0 0 0
-1 -7 0 4 0 0 0 0
-1 -7 0 4 1 0 0 0
-1 -7 1 1 0 0 0 0
-1 -7 1 2 0 0 0 0
-1 -7 1 3 0 0 0 0
-1 -7 1 4 -1 0 0 0
-1 -7 1 4 0 0 0 0
-1 -7 1 4 1 0 0 0
-1 -7 1 5 -1 0 0 0
-1 -7 1 5 0 0 0 0
-1 -7 1 5 1 0 0 0
-1 -7 1 6 0 -1 0 0
-1 -7 1 6 0 0 0 0
-1 -7 1 6 1 0 0 0
-1 -7 1 7 2 0 0 0
-1 -7 10 -1 -1 0 0 0
-1 -7 10 -1 -2 0 0 0
-1 -7 10 -1 0 0 0 0
-1 -7 10 -2 -1 0 0 0
-1 -7 10 -2 0 0 0 0
-1 -7 10 -3 0 0 0 0
-1 -7 10 0 -1 0 0 0
-1 -7 10 0 -2 0 0 0
-1 -7 10 0 -3 0 0 0
-1 -7 10 0 -4 1 0 0
-1 -7 10 1 -3 0 0 0
-1 -7 10 1 -4 0 0 0
-1 -7 10 1 -5 1 0 0
-1 -7 10 1 -6 2 0 0
-1 -7 10 2 -4 -1 0 0
-1 -7 10 2 -4 0 0 0
-1 -7 10 2 -5 0 0 0
-1 -7 10 2 -5 1 0 0
-1 -7 10 2 -6 1 0 0
-1 -7 10 2 -7 2 0 0
-1 -7 10 3 -5 -1 0 0
-1 -7 10 3 -6 0 0 0
-1 -7 10 3 -7 0 1 0
-1 -7 10 3 -7 1 0 0
-1 -7 10 3 -8 1 1 0
-1 -7 10 3 -8 2 0 0
-1 -7 10 3 -9 3 0 0
-1 -7 10 4 -10 2 1 0
-1 -7 10 4 -10 3 0 0
-1 -7 10 4 -11 4 0 0
-1 -7 10 4 -9 0 2 0
-1 -7 10 4 -9 1 1 0
-1 -7 10 5 -12 2 3 -1
-1 -7 10 5 -12 3 1 0
-1 -7 10 5 -12 4 0 0
-1 -7 10 5 -13 5 0 0
-1 -7 10 5 -14 7 -1 0
-1 -7 10 6 -15 6 0 0
-1 -7 10 6 -16 8 -1 0
-1 -7 10 7 -15 3 3 -1
-1 -7 10 7 -17 7 0 0
-1 -7 10 9 -22 10 1 -1
-1 -7 11 -1 -2 0 0 0
-1 -7 11 -1 -3 0 0 0
-1 -7 11 -1 -4 1 0 0
-1 -7 11 -2 -1 0 0 0
-1 -7 11 -2 -2 0 0 0
-1 -7 11 -2 -3 1 0 0
-1 -7 11 -3 -1 0 0 0
-1 -7 11 -3 0 0 0 0
-1 -7 11 -4 0 0 0 0
-1 -7 11 0 -4 1 0 0
-1 -7 11 0 -5 1 0 0
-1 -7 11 0 -6 2 0 0
-1 -7 11 1 -7 1 1 0
-1 -7 11 1 -8 3 0 0
-1 -7 11 6 -17 4 5 -2
-1 -7 12 -2 -5 2 0 0
-1 -7 12 -3 -3 1 0 0
-1 -7 12 -4 -1 0 0 0
-1 -7 12 -5 0 0 0 0
-1 -7 13 -2 -8 4 0 0
-1 -7 13 -6 0 0 0 0
-1 -7 13 -7 1 0 0 0
-1 -7 14 -7 0 0 0 0
-1 -7 2 1 0 0 0 0
-1 -7 2 10 4 0 0 0
-1 -7 2 2 0 0 0 0
-1 -7 2 3 -1 0 0 0
-1 -7 2 3 0 0 0 0
-1 -7 2 4 -1 0 0 0
-1 -7 2 4 0 0 0 0
-1 -7 2 5 -1 0 0 0
-1 -7 2 5 -2 0 0 0
-1 -7 2 5 0 0 0 0
-1 -7 2 5 1 0 0 0
-1 -7 2 6 -1 -1 0 0
-1 -7 2 6 -1 0 0 0
-1 -7 2 6 -2 0 0 0
-1 -7 2 6 0 0 0 0
-1 -7 2 6 1 0 0 0
-1 -7 2 7 -1 -1 0 0
-1 -7 2 7 -1 0 0 0
-1 -7 2 7 -2 -1 0 0
-1 -7 2 7 0 -1 0 0
-1 -7 2 7 0 0 0 0
-1 -7 2 7 1 0 0 0
-1 -7 2 7 2 0 0 0
-1 -7 2 8 -1 -2 0 0
-1 -7 2 8 0 -1 0 0
-1 -7 2 8 0 0 0 0
-1 -7 2 8 1 -1 0 0
-1 -7 2 8 1 0 0 0
-1 -7 2 8 2 0 0 0
-1 -7 2 9 2 0 0 0
-1 -7 2 9 3 0 0 0
-1 -7 3 0 0 0 0 0
-1 -7 3 1 0 0 0 0
-1 -7 3 10 -1 -3 0 0
-1 -7 3 10 0 -1 0 0
-1 -7 3 10 0 -2 0 0
-1 -7 3 10 0 0 0 0
-1 -7 3 10 1 -1 0 0
-1 -7 3 10 1 0 0 0
-1 -7 3 10 2 -1 0 0
-1 -7 3 10 2 0 0 0
-1 -7 3 10 3 0 0 0
-1 -7 3 11 1 -2 0 0
-1 -7 3 11 2 -1 0 0
-1 -7 3 11 2 -3 -1 0
-1 -7 3 11 3 0 0 0
-1 -7 3 11 4 0 0 0
-1 -7 3 12 4 0 0 0
-1 -7 3 2 0 0 0 0
-1 -7 3 3 -1 0 0 0
-1 -7 3 3 0 0 0 0
-1 -7 3 4 -1 0 0 0
-1 -7 3 4 0 0 0 0
-1 -7 3 5 -1 -1 0 0
-1 -7 3 5 -1 0 0 0
-1 -7 3 5 -2 0 0 0
-1 -7 3 5 0 0 0 0
-1 -7 3 5 1 0 0 0
-1 -7 3 6 -1 -1 0 0
-1 -7 3 6 -1 0 0 0
-1 -7 3 6 -2 0 0 0
-1 -7 3 6 -3 0 0 0
-1 -7 3 6 0 0 0 0
-1 -7 3 6 1 0 0 0
-1 -7 3 7 -1 -1 0 0
-1 -7 3 7 -1 0 0 0
-1 -7 3 7 -2 -1 0 0
-1 -7 3 7 -2 0 0 0
-1 -7 3 7 -3 0 0 0
-1 -7 3 7 0 -1 0 0
-1 -7 3 7 0 0 0 0
-1 -7 3 7 1 0 0 0
-1 -7 3 8 -1 -1 0 0
-1 -7 3 8 -1 -2 0 0
-1 -7 3 8 -1 0 0 0
-1 -7 3 8 -2 -1 0 0
-1 -7 3 8 -2 -2 0 0
-1 -7 3 8 -2 0 0 0
-1 -7 3 8 -3 -1 0 0
-1 -7 3 8 -3 0 0 0
-1 -7 3 8 -4 0 0 0
-1 -7 3 8 0 -1 0 0
-1 -7 3 8 0 0 0 0
-1 -7 3 8 1 0 0 0
-1 -7 3 8 2 0 0 0
-1 -7 3 9 -1 -1 0 0
-1 -7 3 9 -1 -2 0 0
-1 -7 3 9 -1 0 0 0
-1 -7 3 9 -2 -1 0 0
-1 -7 3 9 -2 -2 0 0
-1 -7 3 9 -2 -3 0 0
-1 -7 3 9 -2 0 0 0
-1 -7 3 9 -3 -2 0 0
-1 -7 3 9 -3 -3 1 0
-1 -7 3 9 0 -1 0 0
-1 -7 3 9 0 -2 0 0
-1 -7 3 9 0 0 0 0
-1 -7 3 9 1 -1 0 0
-1 -7 3 9 1 0 0 0
-1 -7 3 9 2 0 0 0
-1 -7 3 9 3 0 0 0
-1 -7 4 0 0 0 0 0
-1 -7 4 1 0 0 0 0
-1 -7 4 10 -1 -1 0 0
-1 -7 4 10 -1 -2 0 0
-1 -7 4 10 -1 0 0 0
-1 -7 4 10 -2 -1 0 0
-1 -7 4 10 -2 -2 0 0
-1 -7 4 10 -2 -3 0 0
-1 -7 4 10 -2 0 0 0
-1 -7 4 10 -3 -1 0 0
-1 -7 4 10 -3 -2 0 0
-1 -7 4 10 -3 -3 0 0
-1 -7 4 10 -3 -3 1 0
-1 -7 4 10 -3 -4 0 0
-1 -7 4 10 -3 0 0 0
-1 -7 4 10 -4 -1 0 0
-1 -7 4 10 -4 -2 0 0
-1 -7 4 10 -4 -3 0 0
-1 -7 4 10 -4 -3 1 0
-1 -7 4 10 -4 -4 1 0
-1 -7 4 10 -4 0 0 0
-1 -7 4 10 -5 -2 0 0
-1 -7 4 10 -5 -3 1 0
-1 -7 4 10 -5 -4 2 0
-1 -7 4 10 0 -1 0 0
-1 -7 4 10 0 -2 0 0
-1 -7 4 10 0 0 0 0
-1 -7 4 10 1 -1 0 0
-1 -7 4 10 1 0 0 0
-1 -7 4 10 2 0 0 0
-1 -7 4 10 3 0 0 0
-1 -7 4 11 -1 -1 0 0
-1 -7 4 11 -1 -2 0 0
-1 -7 4 11 -1 -3 0 0
-1 -7 4 11 -1 0 0 0
-1 -7 4 11 -2 -1 0 0
-1 -7 4 11 -2 -2 0 0
-1 -7 4 11 -2 -3 0 0
-1 -7 4 11 -2 -4 0 0
-1 -7 4 11 -2 -5 -1 0
-1 -7 4 11 -2 0 0 0
-1 -7 4 11 -3 -2 0 0
-1 -7 4 11 -3 -3 0 0
-1 -7 4 11 -3 -4 0 0
-1 -7 4 11 -3 -4 1 0
-1 -7 4 11 -3 -5 0 0
-1 -7 4 11 -4 -4 0 0
-1 -7 4 11 -4 -4 1 0
-1 -7 4 11 -4 -5 1 0
-1 -7 4 11 -4 -6 1 1
-1 -7 4 11 -5 -5 2 0
-1 -7 4 11 0 -1 0 0
-1 -7 4 11 0 -2 0 0
-1 -7 4 11 0 -4 -1 0
-1 -7 4 11 0 0 0 0
-1 -7 4 11 1 -1 0 0
-1 -7 4 11 1 0 0 0
-1 -7 4 11 2 -1 0 0
-1 -7 4 11 2 0 0 0
-1 -7 4 12 -1 -3 0 0
-1 -7 4 12 -1 -4 0 0
-1 -7 4 12 -1 -5 -1 0
-1 -7 4 12 -2 -4 0 0
-1 -7 4 12 -2 -4 1 0
-1 -7 4 12 -2 -5 -1 0
-1 -7 4 12 -2 -5 0 0
-1 -7 4 12 -2 -6 -1 0
-1 -7 4 12 -3 -6 0 0
-1 -7 4 12 0 -1 0 0
-1 -7 4 12 0 -2 0 0
-1 -7 4 12 0 -3 0 0
-1 -7 4 12 0 -4 -1 0
-1 -7 4 12 1 -2 0 0
-1 -7 4 13 -1 -7 -2 0
-1 -7 4 13 0 -5 -1 0
-1 -7 4 2 -1 0 0 0
-1 -7 4 2 0 0 0 0
-1 -7 4 3 -1 0 0 0
-1 -7 4 3 0 0 0 0
-1 -7 4 4 -1 0 0 0
-1 -7 4 4 -2 0 0 0
-1 -7 4 4 0 0 0 0
-1 -7 4 5 -1 0 0 0
-1 -7 4 5 -2 0 0 0
-1 -7 4 5 0 0 0 0
-1 -7 4 6 -1 -1 0 0
-1 -7 4 6 -1 0 0 0
-1 -7 4 6 -2 -1 0 0
-1 -7 4 6 -2 0 0 0
-1 -7 4 6 -3 0 0 0
-1 -7 4 6 0 0 0 0
-1 -7 4 6 1 0 0 0
-1 -7 4 7 -1 -1 0 0
-1 -7 4 7 -1 0 0 0
-1 -7 4 7 -2 -1 0 0
-1 -7 4 7 -2 -2 0 0
-1 -7 4 7 -2 0 0 0
-1 -7 4 7 -3 -1 0 0
-1 -7 4 7 -3 0 0 0
-1 -7 4 7 -4 0 0 0
-1 -7 4 7 0 0 0 0
-1 -7 4 7 1 0 0 0
-1 -7 4 8 -1 -1 0 0
-1 -7 4 8 -1 0 0 0
-1 -7 4 8 -2 -1 0 0
-1 -7 4 8 -2 -2 0 0
-1 -7 4 8 -2 0 0 0
-1 -7 4 8 -3 -1 0 0
-1 -7 4 8 -3 -2 0 0
-1 -7 4 8 -3 0 0 0
-1 -7 4 8 -4 -1 0 0
-1 -7 4 8 -4 0 0 0
-1 -7 4 8 -5 0 0 0
-1 -7 4 8 -6 1 0 0
-1 -7 4 8 0 -1 0 0
-1 -7 4 8 0 0 0 0
-1 -7 4 8 1 0 0 0
-1 -7 4 8 2 0 0 0
-1 -7 4 9 -1 -1 0 0
-1 -7 4 9 -1 -2 0 0
-1 -7 4 9 -1 0 0 0
-1 -7 4 9 -2 -1 0 0
-1 -7 4 9 -2 -2 0 0
-1 -7 4 9 -2 -3 0 0
-1 -7 4 9 -2 0 0 0
-1 -7 4 9 -3 -1 0 0
-1 -7 4 9 -3 -2 0 0
-1 -7 4 9 -3 -3 0 0
-1 -7 4 9 -3 0 0 0
-1 -7 4 9 -4 -1 0 0
-1 -7 4 9 -4 -2 0 0
-1 -7 4 9 -4 -3 1 0
-1 -7 4 9 -4 0 0 0
-1 -7 4 9 -5 -1 0 0
-1 -7 4 9 -5 -2 1 0
-1 -7 4 9 -5 0 0 0
-1 -7 4 9 -6 0 0 0
-1 -7 4 9 0 -1 0 0
-1 -7 4 9 0 0 0 0
-1 -7 4 9 1 -1 0 0
-1 -7 4 9 1 0 0 0
-1 -7 4 9 2 0 0 0
-1 -7 5 0 0 0 0 0
-1 -7 5 1 0 0 0 0
-1 -7 5 10 -1 -1 0 0
-1 -7 5 10 -1 -2 0 0
-1 -7 5 10 -1 -4 -1 0
-1 -7 5 10 -1 0 0 0
-1 -7 5 10 -2 -1 0 0
-1 -7 5 10 -2 -2 0 0
-1 -7 5 10 -2 -3 0 0
-1 -7 5 10 -2 0 0 0
-1 -7 5 10 -3 -1 0 0
-1 -7 5 10 -3 -2 0 0
-1 -7 5 10 -3 -3 0 0
-1 -7 5 10 -3 0 0 0
-1 -7 5 10 -4 -1 0 0
-1 -7 5 10 -4 -2 0 0
-1 -7 5 10 -4 -3 0 0
-1 -7 5 10 -4 -3 1 0
-1 -7 5 10 -4 -4 0 0
-1 -7 5 10 -4 0 0 0
-1 -7 5 10 -5 -1 0 0
-1 -7 5 10 -5 -2 0 0
-1 -7 5 10 -5 -3 0 0
-1 -7 5 10 -5 -3 1 0
-1 -7 5 10 -5 -4 1 0
-1 -7 5 10 -5 0 0 0
-1 -7 5 10 -6 -1 0 0
-1 -7 5 10 -6 -2 0 0
-1 -7 5 10 -6 -2 1 0
-1 -7 5 10 -6 -3 1 0
-1 -7 5 10 -6 -4 2 0
-1 -7 5 10 -6 0 0 0
-1 -7 5 10 -7 -1 0 0
-1 -7 5 10 -7 -2 1 0
-1 -7 5 10 -7 -3 2 0
-1 -7 5 10 -7 0 0 0
-1 -7 5 10 -7 1 0 0
-1 -7 5 10 -8 -1 1 0
-1 -7 5 10 -8 0 0 0
-1 -7 5 10 0 -1 0 0
-1 -7 5 10 0 0 0 0
-1 -7 5 11 -1 -2 0 0
-1 -7 5 11 -1 -3 0 0
-1 -7 5 11 -2 -1 0 0
-1 -7 5 11 -2 -2 0 0
-1 -7 5 11 -2 -3 0 0
-1 -7 5 11 -2 -5 -1 0
-1 -7 5 11 -3 -1 0 0
-1 -7 5 11 -3 -2 0 0
-1 -7 5 11 -3 -3 0 0
-1 -7 5 11 -3 -4 0 0
-1 -7 5 11 -3 -5 -1 0
-1 -7 5 11 -3 0 0 0
-1 -7 5 11 -4 -1 0 0
-1 -7 5 11 -4 -2 0 0
-1 -7 5 11 -4 -3 0 0
-1 -7 5 11 -4 -3 1 0
-1 -7 5 11 -4 -4 0 0
-1 -7 5 11 -4 -4 1 0
-1 -7 5 11 -4 -5 0 0
-1 -7 5 11 -4 0 0 0
-1 -7 5 11 -5 -1 0 0
-1 -7 5 11 -5 -2 0 0
-1 -7 5 11 -5 -3 0 0
-1 -7 5 11 -5 -3 1 0
-1 -7 5 11 -5 -4 0 0
-1 -7 5 11 -5 -4 1 0
-1 -7 5 11 -5 -5 1 0
-1 -7 5 11 -5 0 0 0
-1 -7 5 11 -6 -1 0 0
-1 -7 5 11 -6 -2 0 0
-1 -7 5 11 -6 -2 1 0
-1 -7 5 11 -6 -3 0 0
-1 -7 5 11 -6 -3 1 0
-1 -7 5 11 -6 -4 1 0
-1 -7 5 11 -6 -4 2 0
-1 -7 5 11 -6 -5 2 0
-1 -7 5 11 -6 -6 2 1
-1 -7 5 11 -6 0 0 0
-1 -7 5 11 -7 -2 0 0
-1 -7 5 11 -7 -2 1 0
-1 -7 5 11 -7 -3 1 0
-1 -7 5 11 -7 -4 2 0
-1 -7 5 11 -7 -5 3 0
-1 -7 5 11 -8 -3 2 0
-1 -7 5 12 -2 -4 0 0
-1 -7 5 12 -2 -5 -1 0
-1 -7 5 12 -2 -7 -2 0
-1 -7 5 12 -3 -2 0 0
-1 -7 5 12 -3 -3 0 0
-1 -7 5 12 -3 -4 0 0
-1 -7 5 12 -3 -4 1 0
-1 -7 5 12 -3 -5 0 0
-1 -7 5 12 -3 -6 -1 0
-1 -7 5 12 -4 -1 0 0
-1 -7 5 12 -4 -2 0 0
-1 -7 5 12 -4 -3 0 0
-1 -7 5 12 -4 -3 1 0
-1 -7 5 12 -4 -4 0 0
-1 -7 5 12 -4 -4 1 0
-1 -7 5 12 -4 -5 0 0
-1 -7 5 12 -4 -5 1 0
-1 -7 5 12 -4 -6 -1 0
-1 -7 5 12 -4 -6 0 0
-1 -7 5 12 -5 -2 0 0
-1 -7 5 12 -5 -3 0 0
-1 -7 5 12 -5 -3 1 0
-1 -7 5 12 -5 -4 0 0
-1 -7 5 12 -5 -4 1 0
-1 -7 5 12 -5 -5 0 0
-1 -7 5 12 -5 -5 1 0
-1 -7 5 12 -5 -5 2 0
-1 -7 5 12 -5 -6 1 0
-1 -7 5 12 -5 -7 1 1
-1 -7 5 12 -6 -4 0 0
-1 -7 5 12 -6 -4 1 0
-1 -7 5 12 -6 -5 1 0
-1 -7 5 12 -6 -5 2 0
-1 -7 5 12 -6 -6 2 0
-1 -7 5 12 -6 -7 2 1
-1 -7 5 12 -7 -5 2 0
-1 -7 5 12 -7 -6 2 1
-1 -7 5 12 -7 -6 3 0
-1 -7 5 12 -7 -7 3 1
-1 -7 5 12 -8 -6 4 0
-1 -7 5 13 -3 -6 -1 0
-1 -7 5 13 -3 -6 0 0
-1 -7 5 13 -3 -7 -1 0
-1 -7 5 13 -3 -8 -2 0
-1 -7 5 13 -4 -4 0 0
-1 -7 5 13 -4 -5 0 0
-1 -7 5 13 -4 -5 1 0
-1 -7 5 13 -4 -6 -1 0
-1 -7 5 13 -4 -6 0 0
-1 -7 5 13 -4 -6 1 0
-1 -7 5 13 -4 -7 -1 0
-1 -7 5 13 -4 -7 0 0
-1 -7 5 13 -4 -7 1 1
-1 -7 5 13 -4 -8 -1 0
-1 -7 5 13 -4 -8 0 1
-1 -7 5 13 -5 -5 2 0
-1 -7 5 13 -5 -6 0 0
-1 -7 5 13 -5 -6 1 0
-1 -7 5 13 -5 -6 2 0
-1 -7 5 13 -5 -7 0 0
-1 -7 5 13 -5 -7 1 0
-1 -7 5 13 -5 -7 1 1
-1 -7 5 13 -5 -8 1 1
-1 -7 5 13 -6 -7 2 0
-1 -7 5 13 -6 -8 2 1
-1 -7 5 13 -6 -9 2 2
-1 -7 5 14 -3 -10 -3 0
-1 -7 5 14 -3 -9 -2 0
-1 -7 5 14 -4 -10 -1 1
-1 -7 5 14 -4 -8 0 0
-1 -7 5 14 -4 -9 -1 0
-1 -7 5 14 -4 -9 -2 0
-1 -7 5 14 -4 -9 0 1
-1 -7 5 14 -5 -10 1 2
-1 -7 5 2 -1 0 0 0
-1 -7 5 2 0 0 0 0
-1 -7 5 3 -1 0 0 0
-1 -7 5 3 -2 0 0 0
-1 -7 5 3 0 0 0 0
-1 -7 5 4 -1 0 0 0
-1 -7 5 4 -2 0 0 0
-1 -7 5 4 0 0 0 0
-1 -7 5 5 -1 0 0 0
-1 -7 5 5 -2 -1 0 0
-1 -7 5 5 -2 0 0 0
-1 -7 5 5 -3 0 0 0
-1 -7 5 5 0 0 0 0
-1 -7 5 6 -1 0 0 0
-1 -7 5 6 -2 -1 0 0
-1 -7 5 6 -2 0 0 0
-1 -7 5 6 -3 -1 0 0
-1 -7 5 6 -3 0 0 0
-1 -7 5 6 -4 0 0 0
-1 -7 5 6 0 0 0 0
-1 -7 5 6 1 0 0 0
-1 -7 5 7 -1 -1 0 0
-1 -7 5 7 -1 0 0 0
-1 -7 5 7 -2 -1 0 0
-1 -7 5 7 -2 0 0 0
-1 -7 5 7 -3 -1 0 0
-1 -7 5 7 -3 -2 0 0
-1 -7 5 7 -3 0 0 0
-1 -7 5 7 -4 -1 0 0
-1 -7 5 7 -4 0 0 0
-1 -7 5 7 -5 0 0 0
-1 -7 5 7 -6 1 0 0
-1 -7 5 7 0 0 0 0
-1 -7 5 7 1 0 0 0
-1 -7 5 8 -1 -1 0 0
-1 -7 5 8 -1 0 0 0
-1 -7 5 8 -2 -1 0 0
-1 -7 5 8 -2 -2 0 0
-1 -7 5 8 -2 0 0 0
-1 -7 5 8 -3 -1 0 0
-1 -7 5 8 -3 -2 0 0
-1 -7 5 8 -3 0 0 0
-1 -7 5 8 -4 -1 0 0
-1 -7 5 8 -4 -2 0 0
-1 -7 5 8 -4 0 0 0
-1 -7 5 8 -5 -1 0 0
-1 -7 5 8 -5 -2 1 0
-1 -7 5 8 -5 0 0 0
-1 -7 5 8 -6 0 0 0
-1 -7 5 8 -6 1 0 0
-1 -7 5 8 -7 1 0 0
-1 -7 5 8 0 -1 0 0
-1 -7 5 8 0 0 0 0
-1 -7 5 8 1 0 0 0
-1 -7 5 8 2 0 0 0
-1 -7 5 9 -1 -1 0 0
-1 -7 5 9 -1 -2 0 0
-1 -7 5 9 -1 0 0 0
-1 -7 5 9 -2 -1 0 0
-1 -7 5 9 -2 -2 0 0
-1 -7 5 9 -2 0 0 0
-1 -7 5 9 -3 -1 0 0
-1 -7 5 9 -3 -2 0 0
-1 -7 5 9 -3 -3 0 0
-1 -7 5 9 -3 0 0 0
-1 -7 5 9 -4 -1 0 0
-1 -7 5 9 -4 -2 0 0
-1 -7 5 9 -4 -3 0 0
-1 -7 5 9 -4 0 0 0
-1 -7 5 9 -5 -1 0 0
-1 -7 5 9 -5 -2 0 0
-1 -7 5 9 -5 -2 1 0
-1 -7 5 9 -5 -3 1 0
-1 -7 5 9 -5 0 0 0
-1 -7 5 9 -6 -1 0 0
-1 -7 5 9 -6 -2 1 0
-1 -7 5 9 -6 0 0 0
-1 -7 5 9 -7 -1 1 0
-1 -7 5 9 -7 0 0 0
-1 -7 5 9 -7 1 0 0
-1 -7 5 9 -8 1 0 0
-1 -7 5 9 -9 2 0 0
-1 -7 5 9 0 -1 0 0
-1 -7 5 9 0 0 0 0
-1 -7 5 9 1 0 0 0
-1 -7 5 9 2 0 0 0
-1 -7 6 -1 0 0 0 0
-1 -7 6 0 0 0 0 0
-1 -7 6 1 -1 0 0 0
-1 -7 6 1 0 0 0 0
-1 -7 6 10 -10 0 1 0
-1 -7 6 10 -10 1 0 0
-1 -7 6 10 -10 2 0 0
-1 -7 6 10 -11 1 1 0
-1 -7 6 10 -11 2 0 0
-1 -7 6 10 -3 -2 0 0
-1 -7 6 10 -3 -3 0 0
-1 -7 6 10 -3 -5 -1 0
-1 -7 6 10 -4 -1 0 0
-1 -7 6 10 -4 -2 0 0
-1 -7 6 10 -4 -3 0 0
-1 -7 6 10 -4 -3 1 0
-1 -7 6 10 -4 -4 0 0
-1 -7 6 10 -4 0 0 0
-1 -7 6 10 -5 -1 0 0
-1 -7 6 10 -5 -2 0 0
-1 -7 6 10 -5 -3 0 0
-1 -7 6 10 -5 -3 1 0
-1 -7 6 10 -5 -4 0 0
-1 -7 6 10 -5 0 0 0
-1 -7 6 10 -6 -1 0 0
-1 -7 6 10 -6 -2 0 0
-1 -7 6 10 -6 -2 1 0
-1 -7 6 10 -6 -3 0 0
-1 -7 6 10 -6 -3 1 0
-1 -7 6 10 -6 -4 1 0
-1 -7 6 10 -6 0 0 0
-1 -7 6 10 -7 -1 0 0
-1 -7 6 10 -7 -2 0 0
-1 -7 6 10 -7 -2 1 0
-1 -7 6 10 -7 -3 1 0
-1 -7 6 10 -7 -4 2 0
-1 -7 6 10 -7 -5 2 1
-1 -7 6 10 -7 0 0 0
-1 -7 6 10 -7 1 0 0
-1 -7 6 10 -8 -1 0 0
-1 -7 6 10 -8 -1 1 0
-1 -7 6 10 -8 -2 1 0
-1 -7 6 10 -8 -3 2 0
-1 -7 6 10 -8 -4 3 0
-1 -7 6 10 -8 0 0 0
-1 -7 6 10 -8 1 0 0
-1 -7 6 10 -9 -1 1 0
-1 -7 6 10 -9 -2 2 0
-1 -7 6 10 -9 0 0 0
-1 -7 6 10 -9 1 0 0
-1 -7 6 11 -10 -1 1 0
-1 -7 6 11 -10 -2 2 0
-1 -7 6 11 -10 -3 3 0
-1 -7 6 11 -10 -4 5 -1
-1 -7 6 11 -10 0 0 0
-1 -7 6 11 -10 0 1 0
-1 -7 6 11 -11 -1 2 0
-1 -7 6 11 -4 -4 0 0
-1 -7 6 11 -4 -6 -1 0
-1 -7 6 11 -5 -2 0 0
-1 -7 6 11 -5 -3 0 0
-1 -7 6 11 -5 -3 1 0
-1 -7 6 11 -5 -4 0 0
-1 -7 6 11 -5 -4 1 0
-1 -7 6 11 -5 -5 0 0
-1 -7 6 11 -5 -6 1 1
-1 -7 6 11 -6 -1 0 0
-1 -7 6 11 -6 -2 0 0
-1 -7 6 11 -6 -2 1 0
-1 -7 6 11 -6 -3 0 0
-1 -7 6 11 -6 -3 1 0
-1 -7 6 11 -6 -4 0 0
-1 -7 6 11 -6 -4 1 0
-1 -7 6 11 -6 -4 2 0
-1 -7 6 11 -6 -5 0 0
-1 -7 6 11 -6 -5 1 0
-1 -7 6 11 -7 -1 0 0
-1 -7 6 11 -7 -2 0 0
-1 -7 6 11 -7 -2 1 0
-1 -7 6 11 -7 -3 0 0
-1 -7 6 11 -7 -3 1 0
-1 -7 6 11 -7 -4 1 0
-1 -7 6 11 -7 -4 2 0
-1 -7 6 11 -7 -5 2 0
-1 -7 6 11 -7 -6 2 1
-1 -7 6 11 -7 0 0 0
-1 -7 6 11 -8 -1 0 0
-1 -7 6 11 -8 -2 0 0
-1 -7 6 11 -8 -2 1 0
-1 -7 6 11 -8 -3 1 0
-1 -7 6 11 -8 -3 2 0
-1 -7 6 11 -8 -4 2 0
-1 -7 6 11 -8 -5 3 0
-1 -7 6 11 -8 -6 3 1
-1 -7 6 11 -8 0 0 0
-1 -7 6 11 -8 1 0 0
-1 -7 6 11 -9 -1 0 0
-1 -7 6 11 -9 -1 1 0
-1 -7 6 11 -9 -2 1 0
-1 -7 6 11 -9 -3 2 0
-1 -7 6 11 -9 -4 3 0
-1 -7 6 11 -9 -5 4 0
-1 -7 6 11 -9 0 0 0
-1 -7 6 11 -9 1 0 0
-1 -7 6 12 -10 -4 3 0
-1 -7 6 12 -10 -5 3 1
-1 -7 6 12 -10 -5 4 0
-1 -7 6 12 -10 -6 5 0
-1 -7 6 12 -11 -5 6 -1
-1 -7 6 12 -4 -8 -2 0
-1 -7 6 12 -5 -6 -1 0
-1 -7 6 12 -5 -6 0 0
-1 -7 6 12 -5 -7 -1 0
-1 -7 6 12 -6 -4 0 0
-1 -7 6 12 -6 -5 0 0
-1 -7 6 12 -6 -5 1 0
-1 -7 6 12 -6 -5 2 0
-1 -7 6 12 -6 -6 -1 0
-1 -7 6 12 -6 -6 0 0
-1 -7 6 12 -6 -6 1 0
-1 -7 6 12 -6 -7 1 1
-1 -7 6 12 -7 -2 0 0
-1 -7 6 12 -7 -3 0 0
-1 -7 6 12 -7 -3 1 0
-1 -7 6 12 -7 -4 0 0
-1 -7 6 12 -7 -4 1 0
-1 -7 6 12 -7 -4 2 0
-1 -7 6 12 -7 -5 0 0
-1 -7 6 12 -7 -5 1 0
-1 -7 6 12 -7 -5 2 0
-1 -7 6 12 -7 -6 1 0
-1 -7 6 12 -7 -6 2 0
-1 -7 6 12 -7 -7 2 1
-1 -7 6 12 -8 -1 0 0
-1 -7 6 12 -8 -2 0 0
-1 -7 6 12 -8 -2 1 0
-1 -7 6 12 -8 -3 0 0
-1 -7 6 12 -8 -3 1 0
-1 -7 6 12 -8 -4 0 0
-1 -7 6 12 -8 -4 1 0
-1 -7 6 12 -8 -4 2 0
-1 -7 6 12 -8 -5 2 0
-1 -7 6 12 -8 -5 3 0
-1 -7 6 12 -8 -6 2 1
-1 -7 6 12 -8 -6 3 0
-1 -7 6 12 -8 -7 3 1
-1 -7 6 12 -8 -8 3 2
-1 -7 6 12 -9 -2 0 0
-1 -7 6 12 -9 -2 1 0
-1 -7 6 12 -9 -3 1 0
-1 -7 6 12 -9 -3 2 0
-1 -7 6 12 -9 -4 2 0
-1 -7 6 12 -9 -5 3 0
-1 -7 6 12 -9 -6 3 1
-1 -7 6 12 -9 -6 4 0
-1 -7 6 12 -9 -7 4 1
-1 -7 6 13 -10 -6 4 0
-1 -7 6 13 -10 -7 4 1
-1 -7 6 13 -10 -7 5 0
-1 -7 6 13 -10 -8 5 1
-1 -7 6 13 -11 -7 6 0
-1 -7 6 13 -5 -9 -2 0
-1 -7 6 13 -6 -8 -1 0
-1 -7 6 13 -6 -8 0 0
-1 -7 6 13 -6 -9 0 1
-1 -7 6 13 -7 -6 0 0
-1 -7 6 13 -7 -7 0 0
-1 -7 6 13 -7 -7 1 0
-1 -7 6 13 -7 -7 2 0
-1 -7 6 13 -7 -8 1 0
-1 -7 6 13 -7 -8 1 1
-1 -7 6 13 -7 -8 2 1
-1 -7 6 13 -7 -9 2 2
-1 -7 6 13 -8 -4 0 0
-1 -7 6 13 -8 -5 0 0
-1 -7 6 13 -8 -5 1 0
-1 -7 6 13 -8 -5 2 0
-1 -7 6 13 -8 -6 0 0
-1 -7 6 13 -8 -6 1 0
-1 -7 6 13 -8 -6 2 0
-1 -7 6 13 -8 -6 2 1
-1 -7 6 13 -8 -6 3 0
-1 -7 6 13 -8 -7 2 0
-1 -7 6 13 -8 -7 2 1
-1 -7 6 13 -8 -7 3 0
-1 -7 6 13 -8 -8 2 1
-1 -7 6 13 -8 -8 3 1
-1 -7 6 13 -8 -9 3 2
-1 -7 6 13 -9 -5 3 0
-1 -7 6 13 -9 -6 2 0
-1 -7 6 13 -9 -6 3 0
-1 -7 6 13 -9 -7 3 1
-1 -7 6 13 -9 -7 4 0
-1 -7 6 13 -9 -8 4 1
-1 -7 6 13 -9 -9 4 2
-1 -7 6 14 -10 -10 5 2
-1 -7 6 14 -8 -10 2 2
-1 -7 6 14 -8 -10 3 2
-1 -7 6 14 -8 -11 3 3
-1 -7 6 14 -8 -8 0 0
-1 -7 6 14 -8 -9 1 1
-1 -7 6 14 -9 -10 4 2
-1 -7 6 14 -9 -11 4 3
-1 -7 6 14 -9 -9 3 1
-1 -7 6 14 -9 -9 3 2
-1 -7 6 14 -9 -9 4 1
-1 -7 6 15 -9 -13 4 4
-1 -7 6 2 -1 0 0 0
-1 -7 6 2 0 0 0 0
-1 -7 6 3 -1 0 0 0
-1 -7 6 3 -2 0 0 0
-1 -7 6 3 0 0 0 0
-1 -7 6 4 -1 0 0 0
-1 -7 6 4 -2 0 0 0
-1 -7 6 4 -3 0 0 0
-1 -7 6 4 0 0 0 0
-1 -7 6 5 -1 0 0 0
-1 -7 6 5 -2 -1 0 0
-1 -7 6 5 -2 0 0 0
-1 -7 6 5 -3 -1 0 0
-1 -7 6 5 -3 0 0 0
-1 -7 6 5 -4 0 0 0
-1 -7 6 5 -5 1 0 0
-1 -7 6 5 0 0 0 0
-1 -7 6 6 -1 0 0 0
-1 -7 6 6 -2 -1 0 0
-1 -7 6 6 -2 0 0 0
-1 -7 6 6 -3 -1 0 0
-1 -7 6 6 -3 0 0 0
-1 -7 6 6 -4 -1 0 0
-1 -7 6 6 -4 0 0 0
-1 -7 6 6 -5 0 0 0
-1 -7 6 6 -6 1 0 0
-1 -7 6 6 0 0 0 0
-1 -7 6 6 1 0 0 0
-1 -7 6 7 -1 -1 0 0
-1 -7 6 7 -1 0 0 0
-1 -7 6 7 -2 -1 0 0
-1 -7 6 7 -2 0 0 0
-1 -7 6 7 -3 -1 0 0
-1 -7 6 7 -3 -2 0 0
-1 -7 6 7 -3 0 0 0
-1 -7 6 7 -4 -1 0 0
-1 -7 6 7 -4 -2 0 0
-1 -7 6 7 -4 0 0 0
-1 -7 6 7 -5 -1 0 0
-1 -7 6 7 -5 -2 1 0
-1 -7 6 7 -5 0 0 0
-1 -7 6 7 -6 -1 1 0
-1 -7 6 7 -6 0 0 0
-1 -7 6 7 -6 1 0 0
-1 -7 6 7 -7 1 0 0
-1 -7 6 7 0 0 0 0
-1 -7 6 7 1 0 0 0
-1 -7 6 8 -1 -1 0 0
-1 -7 6 8 -1 0 0 0
-1 -7 6 8 -2 -1 0 0
-1 -7 6 8 -2 -2 0 0
-1 -7 6 8 -2 0 0 0
-1 -7 6 8 -3 -1 0 0
-1 -7 6 8 -3 -2 0 0
-1 -7 6 8 -3 0 0 0
-1 -7 6 8 -4 -1 0 0
-1 -7 6 8 -4 -2 0 0
-1 -7 6 8 -4 -3 0 0
-1 -7 6 8 -4 0 0 0
-1 -7 6 8 -5 -1 0 0
-1 -7 6 8 -5 -2 0 0
-1 -7 6 8 -5 -2 1 0
-1 -7 6 8 -5 0 0 0
-1 -7 6 8 -6 -1 0 0
-1 -7 6 8 -6 -2 1 0
-1 -7 6 8 -6 0 0 0
-1 -7 6 8 -7 -1 1 0
-1 -7 6 8 -7 0 0 0
-1 -7 6 8 -7 1 0 0
-1 -7 6 8 -8 1 0 0
-1 -7 6 8 -9 2 0 0
-1 -7 6 8 0 0 0 0
-1 -7 6 9 -10 2 0 0
-1 -7 6 9 -11 3 0 0
-1 -7 6 9 -2 -1 0 0
-1 -7 6 9 -2 -2 0 0
-1 -7 6 9 -2 0 0 0
-1 -7 6 9 -3 -1 0 0
-1 -7 6 9 -3 -2 0 0
-1 -7 6 9 -3 -3 0 0
-1 -7 6 9 -3 0 0 0
-1 -7 6 9 -4 -1 0 0
-1 -7 6 9 -4 -2 0 0
-1 -7 6 9 -4 -3 0 0
-1 -7 6 9 -4 0 0 0
-1 -7 6 9 -5 -1 0 0
-1 -7 6 9 -5 -2 0 0
-1 -7 6 9 -5 -3 0 0
-1 -7 6 9 -5 -3 1 0
-1 -7 6 9 -5 0 0 0
-1 -7 6 9 -6 -1 0 0
-1 -7 6 9 -6 -2 0 0
-1 -7 6 9 -6 -2 1 0
-1 -7 6 9 -6 -3 1 0
-1 -7 6 9 -6 0 0 0
-1 -7 6 9 -7 -1 0 0
-1 -7 6 9 -7 -2 1 0
-1 -7 6 9 -7 -3 2 0
-1 -7 6 9 -7 0 0 0
-1 -7 6 9 -7 1 0 0
-1 -7 6 9 -8 -1 1 0
-1 -7 6 9 -8 -2 2 0
-1 -7 6 9 -8 0 0 0
-1 -7 6 9 -8 1 0 0
-1 -7 6 9 -9 0 1 0
-1 -7 6 9 -9 1 0 0
-1 -7 7 -1 0 0 0 0
-1 -7 7 0 0 0 0 0
-1 -7 7 1 -1 0 0 0
-1 -7 7 1 0 0 0 0
-1 -7 7 10 -10 -1 1 0
-1 -7 7 10 -10 -2 2 0
-1 -7 7 10 -10 -3 3 0
-1 -7 7 10 -10 -4 4 0
-1 -7 7 10 -10 0 0 0
-1 -7 7 10 -10 0 1 0
-1 -7 7 10 -10 1 0 0
-1 -7 7 10 -10 2 0 0
-1 -7 7 10 -11 -1 2 0
-1 -7 7 10 -11 -2 3 0
-1 -7 7 10 -11 -3 5 -1
-1 -7 7 10 -11 0 1 0
-1 -7 7 10 -11 1 0 0
-1 -7 7 10 -11 2 0 0
-1 -7 7 10 -12 0 2 0
-1 -7 7 10 -12 1 1 0
-1 -7 7 10 -12 2 0 0
-1 -7 7 10 -12 3 0 0
-1 -7 7 10 -13 2 1 0
-1 -7 7 10 -13 3 0 0
-1 -7 7 10 -14 4 0 0
-1 -7 7 10 -5 -6 -1 0
-1 -7 7 10 -6 -4 0 0
-1 -7 7 10 -6 -5 0 0
-1 -7 7 10 -7 -3 0 0
-1 -7 7 10 -7 -3 1 0
-1 -7 7 10 -7 -4 0 0
-1 -7 7 10 -7 -4 1 0
-1 -7 7 10 -8 -1 0 0
-1 -7 7 10 -8 -1 1 0
-1 -7 7 10 -8 -2 0 0
-1 -7 7 10 -8 -2 1 0
-1 -7 7 10 -8 -3 0 0
-1 -7 7 10 -8 -3 1 0
-1 -7 7 10 -8 -3 2 0
-1 -7 7 10 -8 -4 2 0
-1 -7 7 10 -9 -1 0 0
-1 -7 7 10 -9 -1 1 0
-1 -7 7 10 -9 -2 1 0
-1 -7 7 10 -9 -3 2 0
-1 -7 7 10 -9 -4 3 0
-1 -7 7 10 -9 -5 3 1
-1 -7 7 10 -9 0 0 0
-1 -7 7 10 -9 1 0 0
-1 -7 7 11 -10 -1 0 0
-1 -7 7 11 -10 -1 1 0
-1 -7 7 11 -10 -2 0 0
-1 -7 7 11 -10 -2 1 0
-1 -7 7 11 -10 -2 2 0
-1 -7 7 11 -10 -3 2 0
-1 -7 7 11 -10 -4 3 0
-1 -7 7 11 -10 -5 3 1
-1 -7 7 11 -10 -5 4 0
-1 -7 7 11 -10 -6 4 1
-1 -7 7 11 -11 -1 1 0
-1 -7 7 11 -11 -2 2 0
-1 -7 7 11 -11 -3 3 0
-1 -7 7 11 -11 -4 4 0
-1 -7 7 11 -11 -5 5 0
-1 -7 7 11 -11 0 0 0
-1 -7 7 11 -11 0 1 0
-1 -7 7 11 -11 1 0 0
-1 -7 7 11 -12 -1 2 0
-1 -7 7 11 -12 -2 3 0
-1 -7 7 11 -12 -3 4 0
-1 -7 7 11 -12 -3 5 -1
-1 -7 7 11 -12 -4 6 -1
-1 -7 7 11 -12 0 1 0
-1 -7 7 11 -12 1 0 0
-1 -7 7 11 -12 1 1 0
-1 -7 7 11 -12 2 0 0
-1 -7 7 11 -13 -1 3 0
-1 -7 7 11 -13 -2 5 -1
-1 -7 7 11 -13 0 2 0
-1 -7 7 11 -13 1 1 0
-1 -7 7 11 -13 2 0 0
-1 -7 7 11 -14 0 4 -1
-1 -7 7 11 -7 -7 1 1
-1 -7 7 11 -8 -5 1 0
-1 -7 7 11 -8 -5 2 0
-1 -7 7 11 -8 -6 2 1
-1 -7 7 11 -9 -2 0 0
-1 -7 7 11 -9 -3 0 0
-1 -7 7 11 -9 -3 1 0
-1 -7 7 11 -9 -3 2 0
-1 -7 7 11 -9 -4 1 0
-1 -7 7 11 -9 -4 2 0
-1 -7 7 11 -9 -5 3 0
-1 -7 7 11 -9 -6 3 1
-1 -7 7 12 -10 -4 0 0
-1 -7 7 12 -10 -5 2 0
-1 -7 7 12 -10 -6 3 0
-1 -7 7 12 -10 -6 3 1
-1 -7 7 12 -10 -6 4 0
-1 -7 7 12 -10 -7 4 1
-1 -7 7 12 -10 -8 4 2
-1 -7 7 12 -11 -2 0 0
-1 -7 7 12 -11 -3 1 0
-1 -7 7 12 -11 -4 2 0
-1 -7 7 12 -11 -4 3 0
-1 -7 7 12 -11 -4 5 -1
-1 -7 7 12 -11 -5 3 1
-1 -7 7 12 -11 -5 4 0
-1 -7 7 12 -11 -6 4 1
-1 -7 7 12 -11 -6 5 0
-1 -7 7 12 -11 -7 5 1
-1 -7 7 12 -12 -1 0 0
-1 -7 7 12 -12 -1 1 0
-1 -7 7 12 -12 -2 2 0
-1 -7 7 12 -12 -3 3 0
-1 -7 7 12 -12 -4 4 0
-1 -7 7 12 -12 -5 4 1
-1 -7 7 12 -12 -5 5 0
-1 -7 7 12 -12 -5 6 -1
-1 -7 7 12 -12 -6 6 0
-1 -7 7 12 -13 -2 3 0
-1 -7 7 12 -13 -3 4 0
-1 -7 7 12 -13 -3 5 -1
-1 -7 7 12 -13 -4 5 0
-1 -7 7 12 -13 -4 6 -1
-1 -7 7 12 -13 -5 7 -1
-1 -7 7 12 -14 -2 4 0
-1 -7 7 12 -14 -2 5 -1
-1 -7 7 12 -14 -3 6 -1
-1 -7 7 12 -14 -4 8 -2
-1 -7 7 12 -8 -7 0 0
-1 -7 7 12 -9 -8 3 2
-1 -7 7 13 -11 -9 5 2
-1 -7 7 13 -12 -6 4 0
-1 -7 7 13 -12 -7 5 1
-1 -7 7 13 -12 -7 6 0
-1 -7 7 13 -12 -8 6 1
-1 -7 7 13 -13 -4 4 0
-1 -7 7 13 -13 -5 4 1
-1 -7 7 13 -13 -5 5 0
-1 -7 7 13 -13 -5 6 -1
-1 -7 7 13 -13 -6 5 1
-1 -7 7 13 -13 -6 6 0
-1 -7 7 13 -13 -6 7 -1
-1 -7 7 13 -13 -7 7 0
-1 -7 7 13 -14 -5 6 0
-1 -7 7 13 -14 -5 7 -1
-1 -7 7 13 -14 -6 8 -1
-1 -7 7 13 -15 -5 9 -2
-1 -7 7 14 -13 -8 5 2
-1 -7 7 14 -14 -7 9 -2
-1 -7 7 14 -14 -8 8 0
-1 -7 7 2 -1 0 0 0
-1 -7 7 2 -2 0 0 0
-1 -7 7 2 0 0 0 0
-1 -7 7 3 -1 0 0 0
-1 -7 7 3 -2 0 0 0
-1 -7 7 3 -3 0 0 0
-1 -7 7 3 0 0 0 0
-1 -7 7 4 -1 0 0 0
-1 -7 7 4 -2 0 0 0
-1 -7 7 4 -3 -1 0 0
-1 -7 7 4 -3 0 0 0
-1 -7 7 4 -4 0 0 0
-1 -7 7 4 -5 1 0 0
-1 -7 7 4 0 0 0 0
-1 -7 7 5 -1 0 0 0
-1 -7 7 5 -2 -1 0 0
-1 -7 7 5 -2 0 0 0
-1 -7 7 5 -3 -1 0 0
-1 -7 7 5 -3 0 0 0
-1 -7 7 5 -4 -1 0 0
-1 -7 7 5 -4 0 0 0
-1 -7 7 5 -5 0 0 0
-1 -7 7 5 -6 1 0 0
-1 -7 7 5 0 0 0 0
-1 -7 7 6 -1 0 0 0
-1 -7 7 6 -2 -1 0 0
-1 -7 7 6 -2 0 0 0
-1 -7 7 6 -3 -1 0 0
-1 -7 7 6 -3 0 0 0
-1 -7 7 6 -4 -1 0 0
-1 -7 7 6 -4 -2 0 0
-1 -7 7 6 -4 0 0 0
-1 -7 7 6 -5 -1 0 0
-1 -7 7 6 -5 0 0 0
-1 -7 7 6 -6 -1 1 0
-1 -7 7 6 -6 0 0 0
-1 -7 7 6 -6 1 0 0
-1 -7 7 6 -7 1 0 0
-1 -7 7 6 -8 2 0 0
-1 -7 7 6 0 0 0 0
-1 -7 7 7 -2 -1 0 0
-1 -7 7 7 -2 0 0 0
-1 -7 7 7 -3 -1 0 0
-1 -7 7 7 -3 -2 0 0
-1 -7 7 7 -3 0 0 0
-1 -7 7 7 -4 -1 0 0
-1 -7 7 7 -4 -2 0 0
-1 -7 7 7 -4 0 0 0
-1 -7 7 7 -5 -1 0 0
-1 -7 7 7 -5 -2 0 0
-1 -7 7 7 -5 0 0 0
-1 -7 7 7 -6 -1 0 0
-1 -7 7 7 -6 -2 1 0
-1 -7 7 7 -6 0 0 0
-1 -7 7 7 -6 1 0 0
-1 -7 7 7 -7 -1 1 0
-1 -7 7 7 -7 0 0 0
-1 -7 7 7 -7 1 0 0
-1 -7 7 7 -8 0 1 0
-1 -7 7 7 -8 1 0 0
-1 -7 7 7 -9 2 0 0
-1 -7 7 8 -10 2 0 0
-1 -7 7 8 -11 3 0 0
-1 -7 7 8 -3 -2 0 0
-1 -7 7 8 -4 -1 0 0
-1 -7 7 8 -4 -2 0 0
-1 -7 7 8 -4 -3 0 0
-1 -7 7 8 -4 0 0 0
-1 -7 7 8 -5 -1 0 0
-1 -7 7 8 -5 -2 0 0
-1 -7 7 8 -5 -2 1 0
-1 -7 7 8 -5 -3 0 0
-1 -7 7 8 -5 0 0 0
-1 -7 7 8 -6 -1 0 0
-1 -7 7 8 -6 -2 0 0
-1 -7 7 8 -6 -2 1 0
-1 -7 7 8 -6 0 0 0
-1 -7 7 8 -7 -1 0 0
-1 -7 7 8 -7 -1 1 0
-1 -7 7 8 -7 -2 1 0
-1 -7 7 8 -7 0 0 0
-1 -7 7 8 -7 1 0 0
-1 -7 7 8 -8 -1 1 0
-1 -7 7 8 -8 -2 2 0
-1 -7 7 8 -8 0 0 0
-1 -7 7 8 -8 1 0 0
-1 -7 7 8 -9 0 1 0
-1 -7 7 8 -9 1 0 0
-1 -7 7 8 -9 2 0 0
-1 -7 7 9 -10 -1 2 0
-1 -7 7 9 -10 0 1 0
-1 -7 7 9 -10 1 0 0
-1 -7 7 9 -10 2 0 0
-1 -7 7 9 -11 1 1 0
-1 -7 7 9 -11 2 0 0
-1 -7 7 9 -12 3 0 0
-1 -7 7 9 -13 4 0 0
-1 -7 7 9 -4 -5 -1 0
-1 -7 7 9 -5 -3 0 0
-1 -7 7 9 -5 -4 0 0
-1 -7 7 9 -6 -1 0 0
-1 -7 7 9 -6 -2 0 0
-1 -7 7 9 -6 -2 1 0
-1 -7 7 9 -6 -3 0 0
-1 -7 7 9 -6 -3 1 0
-1 -7 7 9 -6 0 0 0
-1 -7 7 9 -7 -1 0 0
-1 -7 7 9 -7 -2 0 0
-1 -7 7 9 -7 -2 1 0
-1 -7 7 9 -7 -3 1 0
-1 -7 7 9 -7 -3 2 0
-1 -7 7 9 -7 0 0 0
-1 -7 7 9 -7 1 0 0
-1 -7 7 9 -8 -1 0 0
-1 -7 7 9 -8 -1 1 0
-1 -7 7 9 -8 -2 1 0
-1 -7 7 9 -8 -3 2 0
-1 -7 7 9 -8 0 0 0
-1 -7 7 9 -8 1 0 0
-1 -7 7 9 -9 -1 1 0
-1 -7 7 9 -9 -2 2 0
-1 -7 7 9 -9 -3 3 0
-1 -7 7 9 -9 0 0 0
-1 -7 7 9 -9 1 0 0
-1 -7 8 -1 0 0 0 0
-1 -7 8 -2 0 0 0 0
-1 -7 8 0 -1 0 0 0
-1 -7 8 0 0 0 0 0
-1 -7 8 1 -1 0 0 0
-1 -7 8 1 -2 0 0 0
-1 -7 8 1 0 0 0 0
-1 -7 8 10 -11 -5 4 1
-1 -7 8 10 -12 -2 3 0
-1 -7 8 10 -12 -3 4 0
-1 -7 8 10 -12 -3 5 -1
-1 -7 8 10 -12 -4 5 0
-1 -7 8 10 -12 0 0 0
-1 -7 8 10 -13 -1 3 0
-1 -7 8 10 -13 -2 4 0
-1 -7 8 10 -13 -2 5 -1
-1 -7 8 10 -13 -3 6 -1
-1 -7 8 10 -13 0 2 0
-1 -7 8 10 -13 1 1 0
-1 -7 8 10 -13 2 0 0
-1 -7 8 10 -14 -1 5 -1
-1 -7 8 10 -14 -2 7 -2
-1 -7 8 10 -14 0 3 0
-1 -7 8 10 -14 0 4 -1
-1 -7 8 10 -14 1 2 0
-1 -7 8 10 -14 2 1 0
-1 -7 8 10 -14 3 0 0
-1 -7 8 10 -15 1 4 -1
-1 -7 8 10 -15 2 2 0
-1 -7 8 10 -15 3 1 0
-1 -7 8 10 -15 4 0 0
-1 -7 8 10 -16 3 3 -1
-1 -7 8 10 -16 4 1 0
-1 -7 8 10 -16 5 0 0
-1 -7 8 10 -17 6 0 0
-1 -7 8 11 -13 -4 4 1
-1 -7 8 11 -14 -3 5 0
-1 -7 8 11 -14 -3 6 -1
-1 -7 8 11 -14 -4 7 -1
-1 -7 8 11 -14 1 0 0
-1 -7 8 11 -15 -1 4 0
-1 -7 8 11 -15 -1 5 -1
-1 -7 8 11 -15 -2 6 -1
-1 -7 8 11 -15 -3 8 -2
-1 -7 8 11 -15 0 3 0
-1 -7 8 11 -16 -1 7 -2
-1 -7 8 11 -16 0 5 -1
-1 -7 8 11 -16 1 3 0
-1 -7 8 11 -16 1 4 -1
-1 -7 8 11 -16 2 2 0
-1 -7 8 11 -16 3 1 0
-1 -7 8 11 -17 1 6 -2
-1 -7 8 11 -17 2 4 -1
-1 -7 8 11 -17 3 2 0
-1 -7 8 12 -17 -1 6 -1
-1 -7 8 12 -17 -1 7 -2
-1 -7 8 12 -17 -2 8 -2
-1 -7 8 12 -17 -3 10 -3
-1 -7 8 12 -18 -1 9 -3
-1 -7 8 12 -18 0 7 -2
-1 -7 8 13 -16 -5 6 1
-1 -7 8 13 -18 -3 9 -2
-1 -7 8 13 -19 -3 12 -4
-1 -7 8 2 -1 0 0 0
-1 -7 8 2 -2 0 0 0
-1 -7 8 2 -3 0 0 0
-1 -7 8 2 0 0 0 0
-1 -7 8 3 -1 0 0 0
-1 -7 8 3 -2 0 0 0
-1 -7 8 3 -3 -1 0 0
-1 -7 8 3 -3 0 0 0
-1 -7 8 3 -4 0 0 0
-1 -7 8 3 -5 1 0 0
-1 -7 8 3 0 0 0 0
-1 -7 8 4 -1 0 0 0
-1 -7 8 4 -2 0 0 0
-1 -7 8 4 -3 -1 0 0
-1 -7 8 4 -3 0 0 0
-1 -7 8 4 -4 -1 0 0
-1 -7 8 4 -4 0 0 0
-1 -7 8 4 -5 0 0 0
-1 -7 8 4 -5 1 0 0
-1 -7 8 4 -6 1 0 0
-1 -7 8 5 -2 0 0 0
-1 -7 8 5 -3 -1 0 0
-1 -7 8 5 -3 0 0 0
-1 -7 8 5 -4 -1 0 0
-1 -7 8 5 -4 0 0 0
-1 -7 8 5 -5 -1 0 0
-1 -7 8 5 -5 0 0 0
-1 -7 8 5 -6 -1 1 0
-1 -7 8 5 -6 0 0 0
-1 -7 8 5 -6 1 0 0
-1 -7 8 5 -7 0 1 0
-1 -7 8 5 -7 1 0 0
-1 -7 8 5 -8 2 0 0
-1 -7 8 6 -10 3 0 0
-1 -7 8 6 -4 -1 0 0
-1 -7 8 6 -4 -2 0 0
-1 -7 8 6 -5 -1 0 0
-1 -7 8 6 -5 -2 0 0
-1 -7 8 6 -5 0 0 0
-1 -7 8 6 -6 -1 0 0
-1 -7 8 6 -6 -1 1 0
-1 -7 8 6 -6 0 0 0
-1 -7 8 6 -6 1 0 0
-1 -7 8 6 -7 -1 1 0
-1 -7 8 6 -7 0 0 0
-1 -7 8 6 -7 1 0 0
-1 -7 8 6 -8 0 1 0
-1 -7 8 6 -8 1 0 0
-1 -7 8 6 -9 2 0 0
-1 -7 8 7 -10 1 1 0
-1 -7 8 7 -10 2 0 0
-1 -7 8 7 -11 3 0 0
-1 -7 8 7 -5 -2 0 0
-1 -7 8 7 -5 -3 0 0
-1 -7 8 7 -6 -1 0 0
-1 -7 8 7 -6 -2 0 0
-1 -7 8 7 -6 -2 1 0
-1 -7 8 7 -6 0 0 0
-1 -7 8 7 -7 -1 0 0
-1 -7 8 7 -7 -1 1 0
-1 -7 8 7 -7 -2 1 0
-1 -7 8 7 -7 0 0 0
-1 -7 8 7 -7 1 0 0
-1 -7 8 7 -8 -1 1 0
-1 -7 8 7 -8 -2 2 0
-1 -7 8 7 -8 0 0 0
-1 -7 8 7 -8 1 0 0
-1 -7 8 7 -9 -1 2 0
-1 -7 8 7 -9 0 1 0
-1 -7 8 7 -9 1 0 0
-1 -7 8 7 -9 2 0 0
-1 -7 8 8 -10 -1 2 0
-1 -7 8 8 -10 -2 3 0
-1 -7 8 8 -10 0 1 0
-1 -7 8 8 -10 1 0 0
-1 -7 8 8 -10 2 0 0
-1 -7 8 8 -11 -1 4 -1
-1 -7 8 8 -11 0 2 0
-1 -7 8 8 -11 1 1 0
-1 -7 8 8 -11 2 0 0
-1 -7 8 8 -12 2 1 0
-1 -7 8 8 -12 3 0 0
-1 -7 8 8 -13 4 0 0
-1 -7 8 8 -15 7 -1 0
-1 -7 8 8 -6 -4 0 0
-1 -7 8 8 -7 -2 0 0
-1 -7 8 8 -7 -3 0 0
-1 -7 8 8 -7 -3 1 0
-1 -7 8 8 -8 -1 0 0
-1 -7 8 8 -8 -1 1 0
-1 -7 8 8 -8 -2 1 0
-1 -7 8 8 -9 -1 1 0
-1 -7 8 8 -9 -2 2 0
-1 -7 8 8 -9 0 0 0
-1 -7 8 8 -9 0 1 0
-1 -7 8 8 -9 1 0 0
-1 -7 8 8 -9 2 0 0
-1 -7 8 9 -10 -1 1 0
-1 -7 8 9 -10 -2 2 0
-1 -7 8 9 -10 -3 3 0
-1 -7 8 9 -10 -4 3 1
-1 -7 8 9 -11 -1 2 0
-1 -7 8 9 -11 -2 3 0
-1 -7 8 9 -11 -3 4 0
-1 -7 8 9 -11 0 1 0
-1 -7 8 9 -11 1 0 0
-1 -7 8 9 -11 2 0 0
-1 -7 8 9 -12 -1 3 0
-1 -7 8 9 -12 -2 5 -1
-1 -7 8 9 -12 0 2 0
-1 -7 8 9 -12 1 1 0
-1 -7 8 9 -12 2 0 0
-1 -7 8 9 -12 3 0 0
-1 -7 8 9 -13 0 4 -1
-1 -7 8 9 -13 1 2 0
-1 -7 8 9 -13 2 1 0
-1 -7 8 9 -13 3 0 0
-1 -7 8 9 -14 3 1 0
-1 -7 8 9 -14 4 0 0
-1 -7 8 9 -15 5 0 0
-1 -7 8 9 -8 -5 2 1
-1 -7 8 9 -9 -3 2 0
-1 -7 9 -1 -1 0 0 0
-1 -7 9 -1 0 0 0 0
-1 -7 9 -2 0 0 0 0
-1 -7 9 0 -1 0 0 0
-1 -7 9 0 -2 0 0 0
-1 -7 9 0 0 0 0 0
-1 -7 9 1 -1 0 0 0
-1 -7 9 1 -2 0 0 0
-1 -7 9 1 -3 0 0 0
-1 -7 9 1 -4 1 0 0
-1 -7 9 1 0 0 0 0
-1 -7 9 10 -15 -3 7 -1
-1 -7 9 10 -16 0 5 -1
-1 -7 9 10 -19 5 3 -1
-1 -7 9 10 -19 7 0 0
-1 -7 9 10 -20 7 2 -1
-1 -7 9 10 -20 8 0 0
-1 -7 9 2 -1 0 0 0
-1 -7 9 2 -2 0 0 0
-1 -7 9 2 -3 0 0 0
-1 -7 9 2 -4 0 0 0
-1 -7 9 2 -5 1 0 0
-1 -7 9 3 -3 0 0 0
-1 -7 9 3 -4 -1 0 0
-1 -7 9 3 -4 0 0 0
-1 -7 9 3 -5 0 0 0
-1 -7 9 3 -5 1 0 0
-1 -7 9 3 -6 1 0 0
-1 -7 9 3 -7 2 0 0
-1 -7 9 4 -4 -1 0 0
-1 -7 9 4 -4 0 0 0
-1 -7 9 4 -5 -1 0 0
-1 -7 9 4 -5 0 0 0
-1 -7 9 4 -6 0 0 0
-1 -7 9 4 -6 1 0 0
-1 -7 9 4 -7 0 1 0
-1 -7 9 4 -7 1 0 0
-1 -7 9 4 -8 2 0 0
-1 -7 9 5 -10 3 0 0
-1 -7 9 5 -5 -2 0 0
-1 -7 9 5 -6 -1 0 0
-1 -7 9 5 -6 -1 1 0
-1 -7 9 5 -6 0 0 0
-1 -7 9 5 -7 -1 1 0
-1 -7 9 5 -7 0 0 0
-1 -7 9 5 -7 1 0 0
-1 -7 9 5 -8 0 1 0
-1 -7 9 5 -8 1 0 0
-1 -7 9 5 -8 2 0 0
-1 -7 9 5 -9 1 1 0
-1 -7 9 5 -9 2 0 0
-1 -7 9 6 -10 0 2 0
-1 -7 9 6 -10 1 1 0
-1 -7 9 6 -10 2 0 0
-1 -7 9 6 -11 2 1 0
-1 -7 9 6 -11 3 0 0
-1 -7 9 6 -12 4 0 0
-1 -7 9 6 -7 -1 0 0
-1 -7 9 6 -8 -1 1 0
-1 -7 9 6 -9 -1 2 0
-1 -7 9 6 -9 0 1 0
-1 -7 9 6 -9 1 0 0
-1 -7 9 6 -9 2 0 0
-1 -7 9 7 -11 -1 3 0
-1 -7 9 7 -11 0 2 0
-1 -7 9 7 -11 1 1 0
-1 -7 9 7 -12 0 4 -1
-1 -7 9 7 -12 1 2 0
-1 -7 9 7 -12 2 1 0
-1 -7 9 7 -12 3 0 0
-1 -7 9 7 -13 3 1 0
-1 -7 9 7 -13 4 0 0
-1 -7 9 7 -14 5 0 0
-1 -7 9 7 -15 7 -1 0
-1 -7 9 8 -12 -2 4 0
-1 -7 9 8 -13 -1 5 -1
-1 -7 9 8 -13 0 3 0
-1 -7 9 8 -13 0 4 -1
-1 -7 9 8 -14 1 4 -1
-1 -7 9 8 -14 2 2 0
-1 -7 9 8 -14 3 1 0
-1 -7 9 8 -14 4 0 0
-1 -7 9 8 -15 3 3 -1
-1 -7 9 8 -15 4 1 0
-1 -7 9 8 -15 5 0 0
-1 -7 9 8 -16 6 0 0
-1 -7 9 8 -17 8 -1 0
-1 -7 9 8 -9 -5 2 1
-1 -7 9 9 -15 -1 7 -2
-1 -7 9 9 -16 1 6 -2
-1 -7 9 9 -16 2 4 -1
-1 -7 9 9 -16 3 2 0
-1 -7 9 9 -17 4 3 -1
-1 -7 9 9 -17 5 1 0
-1 -7 9 9 -18 6 2 -1
-1 -7 9 9 -18 7 0 0
-1 -7 9 9 -18 8 -1 0
-1 -7 9 9 -19 9 -1 0
-1 -8 -1 8 -1 -1 0 0
-1 -8 -2 13 11 2 0 0
-1 -8 -2 17 18 3 -3 -1
-1 -8 -2 9 6 1 0 0
-1 -8 -3 8 3 -2 0 0
-1 -8 0 13 5 -1 0 0
-1 -8 0 15 5 -7 -2 1
-1 -8 0 9 0 0 0 0
-1 -8 1 14 0 -7 0 0
-1 -8 13 -1 -4 1 0 0
-1 -8 15 -3 -8 4 0 0
-1 -8 2 13 -1 -2 0 0
-1 -8 2 17 -1 -14 0 4
-1 -8 2 17 7 -2 0 0
-1 -8 2 9 -6 1 0 0
-1 -9 -2 9 6 1 0 0
-1 -9 0 9 0 0 0 0
-1 -9 1 1 0 0 0 0
-1 -9 2 15 -1 -3 0 0
-1 -9 2 17 -1 -9 0 1
-1 -9 4 15 -7 -2 0 0
-1 -9 4 17 -7 -8 2 1
-1 -9 5 9 -3 -2 0 0
-1 -9 8 1 0 0 0 0
-1 -9 9 -1 0 0 0 0
-1 -9 9 -2 0 0 0 0
-1 -9 9 0 0 0 0 0
-1 0 0 0 0 0 0 0
-2 -10 22 8 -38 10 18 -9
-2 -2 2 0 0 0 0 0
-2 -2 3 0 0 0 0 0
-2 -2 4 -1 0 0 0 0
-2 -2 4 0 -1 0 0 0
-2 -2 5 -1 -1 0 0 0
-2 -2 5 -2 0 0 0 0
-2 -2 6 0 -6 2 2 -1
-2 -3 0 0 0 0 0 0
-2 -3 2 1 0 0 0 0
-2 -3 3 0 0 0 0 0
-2 -3 3 1 0 0 0 0
-2 -3 3 2 0 0 0 0
-2 -3 3 3 0 0 0 0
-2 -3 4 0 0 0 0 0
-2 -3 4 1 -1 0 0 0
-2 -3 4 1 0 0 0 0
-2 -3 4 2 -1 0 0 0
-2 -3 4 2 -2 0 0 0
-2 -3 4 2 0 0 0 0
-2 -3 4 3 -1 0 0 0
-2 -3 4 3 0 0 0 0
-2 -3 5 -1 0 0 0 0
-2 -3 5 0 -1 0 0 0
-2 -3 5 0 0 0 0 0
-2 -3 5 1 -1 0 0 0
-2 -3 5 1 -2 0 0 0
-2 -3 5 1 0 0 0 0
-2 -3 5 2 -1 0 0 0
-2 -3 5 2 -2 0 0 0
-2 -3 5 2 -3 0 0 0
-2 -3 5 3 -3 -1 0 0
-2 -3 6 -1 -1 0 0 0
-2 -3 6 -1 0 0 0 0
-2 -3 6 -2 0 0 0 0
-2 -3 6 0 -1 0 0 0
-2 -3 6 0 -2 0 0 0
-2 -3 6 0 -3 1 0 0
-2 -3 6 1 -2 0 0 0
-2 -3 6 1 -3 0 0 0
-2 -3 6 1 -4 1 0 0
-2 -3 6 2 -3 -1 0 0
-2 -3 6 2 -5 0 1 0
-2 -3 7 -1 -2 0 0 0
-2 -3 7 -1 -3 1 0 0
-2 -3 7 -2 -1 0 0 0
-2 -3 7 -3 0 0 0 0
-2 -3 7 0 -4 1 0 0
-2 -3 7 0 -5 2 0 0
-2 -3 8 -4 0 0 0 0
-2 -3 9 -4 -3 2 0 0
-2 -4 0 0 0 0 0 0
-2 -4 10 -1 -8 4 0 0
-2 -4 10 -1 -9 6 -1 0
-2 -4 10 -2 -5 2 0 0
-2 -4 10 -2 -6 3 0 0
-2 -4 10 -3 -2 0 0 0
-2 -4 10 -3 -3 1 0 0
-2 -4 10 -3 -4 2 0 0
-2 -4 10 -4 -1 0 0 0
-2 -4 10 -4 -2 1 0 0
-2 -4 10 -5 0 0 0 0
-2 -4 10 -6 1 0 0 0
-2 -4 11 -5 -3 2 0 0
-2 -4 11 -6 -1 1 0 0
-2 -4 11 -6 0 0 0 0
-2 -4 11 -7 1 0 0 0
-2 -4 12 -9 2 0 0 0
-2 -4 2 1 0 0 0 0
-2 -4 2 2 0 0 0 0
-2 -4 2 3 0 0 0 0
-2 -4 2 4 1 0 0 0
-2 -4 3 0 0 0 0 0
-2 -4 3 1 0 0 0 0
-2 -4 3 2 -1 0 0 0
-2 -4 3 2 0 0 0 0
-2 -4 3 3 -1 0 0 0
-2 -4 3 3 0 0 0 0
-2 -4 3 4 -1 -1 0 0
-2 -4 3 4 0 0 0 0
-2 -4 3 5 1 0 0 0
-2 -4 4 0 0 0 0 0
-2 -4 4 1 -1 0 0 0
-2 -4 4 1 0 0 0 0
-2 -4 4 2 -1 0 0 0
-2 -4 4 2 0 0 0 0
-2 -4 4 3 -1 0 0 0
-2 -4 4 3 -2 0 0 0
-2 -4 4 3 0 0 0 0
-2 -4 4 4 -1 0 0 0
-2 -4 4 4 -2 -1 0 0
-2 -4 4 4 0 0 0 0
-2 -4 4 5 -1 -1 0 0
-2 -4 4 5 -2 -2 0 0
-2 -4 4 5 0 0 0 0
-2 -4 4 5 1 0 0 0
-2 -4 4 6 0 -1 0 0
-2 -4 4 6 1 0 0 0
-2 -4 5 -1 0 0 0 0
-2 -4 5 0 0 0 0 0
-2 -4 5 1 -1 0 0 0
-2 -4 5 1 0 0 0 0
-2 -4 5 2 -1 0 0 0
-2 -4 5 2 -2 0 0 0
-2 -4 5 2 0 0 0 0
-2 -4 5 3 -1 0 0 0
-2 -4 5 3 -2 0 0 0
-2 -4 5 3 -3 0 0 0
-2 -4 5 3 0 0 0 0
-2 -4 5 4 -1 0 0 0
-2 -4 5 4 -2 -1 0 0
-2 -4 5 4 -2 0 0 0
-2 -4 5 4 -3 -1 0 0
-2 -4 5 4 0 0 0 0
-2 -4 5 5 -1 -1 0 0
-2 -4 5 5 -1 0 0 0
-2 -4 5 5 -2 -1 0 0
-2 -4 5 5 -3 -2 0 0
-2 -4 5 5 0 0 0 0
-2 -4 5 6 -1 -1 0 0
-2 -4 5 6 -2 -2 0 0
-2 -4 6 -1 0 0 0 0
-2 -4 6 0 -1 0 0 0
-2 -4 6 0 0 0 0 0
-2 -4 6 1 -1 0 0 0
-2 -4 6 1 -2 0 0 0
-2 -4 6 1 0 0 0 0
-2 -4 6 2 -1 0 0 0
-2 -4 6 2 -2 0 0 0
-2 -4 6 2 -3 0 0 0
-2 -4 6 2 -4 1 0 0
-2 -4 6 2 0 0 0 0
-2 -4 6 3 -1 0 0 0
-2 -4 6 3 -2 0 0 0
-2 -4 6 3 -3 -1 0 0
-2 -4 6 3 -3 0 0 0
-2 -4 6 3 -4 0 0 0
-2 -4 6 3 0 0 0 0
-2 -4 6 4 -1 0 0 0
-2 -4 6 4 -2 -1 0 0
-2 -4 6 4 -2 0 0 0
-2 -4 6 4 -3 -1 0 0
-2 -4 6 4 -3 0 0 0
-2 -4 6 4 -4 -1 0 0
-2 -4 6 4 -4 0 0 0
-2 -4 6 4 -5 -1 1 0
-2 -4 6 5 -2 -1 0 0
-2 -4 6 5 -3 -1 0 0
-2 -4 6 5 -3 -2 0 0
-2 -4 6 5 -4 -2 0 0
-2 -4 6 5 -5 -2 1 0
-2 -4 6 6 -4 -3 0 0
-2 -4 7 -1 -1 0 0 0
-2 -4 7 -1 0 0 0 0
-2 -4 7 -2 0 0 0 0
-2 -4 7 0 -1 0 0 0
-2 -4 7 0 -2 0 0 0
-2 -4 7 0 0 0 0 0
-2 -4 7 1 -1 0 0 0
-2 -4 7 1 -2 0 0 0
-2 -4 7 1 -3 0 0 0
-2 -4 7 1 -4 1 0 0
-2 -4 7 1 0 0 0 0
-2 -4 7 2 -1 0 0 0
-2 -4 7 2 -2 0 0 0
-2 -4 7 2 -3 -1 0 0
-2 -4 7 2 -3 0 0 0
-2 -4 7 2 -4 0 0 0
-2 -4 7 2 -5 1 0 0
-2 -4 7 2 -6 2 0 0
-2 -4 7 3 -3 -1 0 0
-2 -4 7 3 -3 0 0 0
-2 -4 7 3 -4 -1 0 0
-2 -4 7 3 -4 0 0 0
-2 -4 7 3 -5 0 0 0
-2 -4 7 3 -5 1 0 0
-2 -4 7 3 -6 0 1 0
-2 -4 7 3 -6 1 0 0
-2 -4 7 4 -4 -1 0 0
-2 -4 7 4 -4 -2 0 0
-2 -4 7 4 -5 -1 0 0
-2 -4 7 4 -5 -1 1 0
-2 -4 7 4 -5 0 0 0
-2 -4 7 4 -6 -1 1 0
-2 -4 7 4 -6 0 0 0
-2 -4 7 4 -7 -1 2 0
-2 -4 7 5 -5 -3 0 0
-2 -4 7 5 -6 -2 0 0
-2 -4 7 5 -6 -2 1 0
-2 -4 7 5 -7 -2 2 0
-2 -4 8 -1 -1 0 0 0
-2 -4 8 -1 -2 0 0 0
-2 -4 8 -1 -3 1 0 0
-2 -4 8 -1 0 0 0 0
-2 -4 8 -2 -1 0 0 0
-2 -4 8 -2 0 0 0 0
-2 -4 8 -3 0 0 0 0
-2 -4 8 0 -1 0 0 0
-2 -4 8 0 -2 0 0 0
-2 -4 8 0 -3 0 0 0
-2 -4 8 0 -4 1 0 0
-2 -4 8 0 0 0 0 0
-2 -4 8 1 -3 0 0 0
-2 -4 8 1 -4 0 0 0
-2 -4 8 1 -4 1 0 0
-2 -4 8 1 -5 1 0 0
-2 -4 8 1 -6 2 0 0
-2 -4 8 2 -4 -1 0 0
-2 -4 8 2 -4 0 0 0
-2 -4 8 2 -5 0 0 0
-2 -4 8 2 -5 1 0 0
-2 -4 8 2 -6 0 1 0
-2 -4 8 2 -6 1 0 0
-2 -4 8 2 -7 1 1 0
-2 -4 8 2 -7 2 0 0
-2 -4 8 2 -8 3 0 0
-2 -4 8 3 -5 -2 0 0
-2 -4 8 3 -6 -1 1 0
-2 -4 8 3 -6 0 0 0
-2 -4 8 3 -7 0 1 0
-2 -4 8 3 -7 1 0 0
-2 -4 8 3 -8 0 2 0
-2 -4 8 3 -8 1 1 0
-2 -4 8 3 -8 2 0 0
-2 -4 8 3 -9 1 3 -1
-2 -4 8 4 -10 0 4 -1
-2 -4 8 4 -8 -1 2 0
-2 -4 8 4 -9 -1 3 0
-2 -4 9 -1 -3 0 0 0
-2 -4 9 -1 -4 1 0 0
-2 -4 9 -1 -5 2 0 0
-2 -4 9 -2 -1 0 0 0
-2 -4 9 -2 -2 0 0 0
-2 -4 9 -2 -3 1 0 0
-2 -4 9 -3 -1 0 0 0
-2 -4 9 -3 0 0 0 0
-2 -4 9 -4 0 0 0 0
-2 -4 9 0 -4 0 0 0
-2 -4 9 0 -5 1 0 0
-2 -4 9 0 -6 1 1 0
-2 -4 9 0 -6 2 0 0
-2 -4 9 0 -7 3 0 0
-2 -4 9 1 -7 1 1 0
-2 -4 9 1 -7 2 0 0
-2 -4 9 1 -8 2 1 0
-2 -4 9 1 -8 3 0 0
-2 -4 9 1 -9 4 0 0
-2 -4 9 2 -10 2 3 -1
-2 -4 9 2 -10 3 1 0
-2 -4 9 2 -11 4 2 -1
-2 -4 9 2 -9 1 2 0
-2 -5 10 -1 -1 0 0 0
-2 -5 10 -1 -2 0 0 0
-2 -5 10 -1 -3 0 0 0
-2 -5 10 -1 -4 1 0 0
-2 -5 10 -1 0 0 0 0
-2 -5 10 -2 -1 0 0 0
-2 -5 10 -2 -2 0 0 0
-2 -5 10 -2 -3 1 0 0
-2 -5 10 -2 0 0 0 0
-2 -5 10 -3 -1 0 0 0
-2 -5 10 -3 0 0 0 0
-2 -5 10 -4 0 0 0 0
-2 -5 10 0 -1 0 0 0
-2 -5 10 0 -2 0 0 0
-2 -5 10 0 -3 0 0 0
-2 -5 10 0 -4 0 0 0
-2 -5 10 0 -4 1 0 0
-2 -5 10 0 -5 1 0 0
-2 -5 10 0 -6 2 0 0
-2 -5 10 1 -3 0 0 0
-2 -5 10 1 -4 -1 0 0
-2 -5 10 1 -4 0 0 0
-2 -5 10 1 -5 0 0 0
-2 -5 10 1 -5 1 0 0
-2 -5 10 1 -6 1 0 0
-2 -5 10 1 -7 1 1 0
-2 -5 10 1 -7 2 0 0
-2 -5 10 1 -8 3 0 0
-2 -5 10 2 -10 4 0 0
-2 -5 10 2 -4 -1 0 0
-2 -5 10 2 -4 0 0 0
-2 -5 10 2 -5 -1 0 0
-2 -5 10 2 -5 0 0 0
-2 -5 10 2 -5 1 0 0
-2 -5 10 2 -6 0 0 0
-2 -5 10 2 -6 1 0 0
-2 -5 10 2 -7 0 1 0
-2 -5 10 2 -7 1 0 0
-2 -5 10 2 -7 2 0 0
-2 -5 10 2 -8 1 1 0
-2 -5 10 2 -8 2 0 0
-2 -5 10 2 -9 2 1 0
-2 -5 10 2 -9 3 0 0
-2 -5 10 3 -10 1 2 0
-2 -5 10 3 -11 2 3 -1
-2 -5 10 3 -6 -1 0 0
-2 -5 10 3 -6 -2 0 0
-2 -5 10 3 -6 0 0 0
-2 -5 10 3 -7 -1 0 0
-2 -5 10 3 -7 -1 1 0
-2 -5 10 3 -7 0 0 0
-2 -5 10 3 -7 0 1 0
-2 -5 10 3 -7 1 0 0
-2 -5 10 3 -8 0 1 0
-2 -5 10 3 -8 1 0 0
-2 -5 10 3 -8 2 0 0
-2 -5 10 3 -9 0 2 0
-2 -5 10 3 -9 1 1 0
-2 -5 10 3 -9 2 0 0
-2 -5 10 4 -7 -2 0 0
-2 -5 10 4 -7 -3 0 0
-2 -5 10 4 -8 -1 0 0
-2 -5 10 4 -8 -1 1 0
-2 -5 10 4 -8 -2 1 0
-2 -5 10 4 -8 0 0 0
-2 -5 10 4 -9 -1 2 0
-2 -5 10 5 -8 -4 0 0
-2 -5 10 5 -9 -2 0 0
-2 -5 10 7 -14 -2 4 1
-2 -5 10 7 -15 -2 7 -1
-2 -5 11 -1 -2 0 0 0
-2 -5 11 -1 -3 0 0 0
-2 -5 11 -1 -4 0 0 0
-2 -5 11 -1 -4 1 0 0
-2 -5 11 -1 -5 1 0 0
-2 -5 11 -1 -6 1 1 0
-2 -5 11 -1 -6 2 0 0
-2 -5 11 -1 -7 3 0 0
-2 -5 11 -2 -1 0 0 0
-2 -5 11 -2 -2 0 0 0
-2 -5 11 -2 -3 0 0 0
-2 -5 11 -2 -4 1 0 0
-2 -5 11 -2 -5 2 0 0
-2 -5 11 -3 -1 0 0 0
-2 -5 11 -3 -2 0 0 0
-2 -5 11 -3 -3 1 0 0
-2 -5 11 -3 0 0 0 0
-2 -5 11 -4 -1 0 0 0
-2 -5 11 -4 -2 1 0 0
-2 -5 11 -4 0 0 0 0
-2 -5 11 -5 0 0 0 0
-2 -5 11 -6 1 0 0 0
-2 -5 11 0 -10 6 -1 0
-2 -5 11 0 -4 0 0 0
-2 -5 11 0 -5 0 0 0
-2 -5 11 0 -5 1 0 0
-2 -5 11 0 -6 1 0 0
-2 -5 11 0 -6 2 0 0
-2 -5 11 0 -7 1 1 0
-2 -5 11 0 -7 2 0 0
-2 -5 11 0 -8 2 1 0
-2 -5 11 0 -8 3 0 0
-2 -5 11 0 -9 4 0 0
-2 -5 11 1 -10 3 1 0
-2 -5 11 1 -10 4 0 0
-2 -5 11 1 -11 5 0 0
-2 -5 11 1 -12 7 -1 0
-2 -5 11 1 -6 -1 0 0
-2 -5 11 1 -6 0 0 0
-2 -5 11 1 -7 0 1 0
-2 -5 11 1 -7 1 0 0
-2 -5 11 1 -7 2 0 0
-2 -5 11 1 -8 1 1 0
-2 -5 11 1 -8 2 0 0
-2 -5 11 1 -9 1 2 0
-2 -5 11 1 -9 2 1 0
-2 -5 11 1 -9 3 0 0
-2 -5 11 2 -10 1 2 0
-2 -5 11 2 -10 2 1 0
-2 -5 11 2 -10 3 0 0
-2 -5 11 2 -11 2 2 0
-2 -5 11 2 -11 2 3 -1
-2 -5 11 2 -11 3 1 0
-2 -5 11 2 -11 4 0 0
-2 -5 11 2 -12 3 3 -1
-2 -5 11 2 -12 4 1 0
-2 -5 11 2 -12 5 0 0
-2 -5 11 2 -13 5 2 -1
-2 -5 11 2 -13 6 0 0
-2 -5 11 2 -7 -2 0 0
-2 -5 11 2 -8 -1 1 0
-2 -5 11 2 -8 0 0 0
-2 -5 11 2 -9 0 2 0
-2 -5 11 2 -9 1 0 0
-2 -5 11 2 -9 1 1 0
-2 -5 11 3 -10 -1 2 0
-2 -5 11 3 -11 0 3 0
-2 -5 11 3 -11 1 2 0
-2 -5 11 3 -12 1 3 0
-2 -5 11 3 -12 2 2 0
-2 -5 11 3 -12 3 1 0
-2 -5 11 3 -12 4 0 0
-2 -5 11 3 -13 2 4 -1
-2 -5 11 3 -13 3 2 0
-2 -5 11 3 -13 3 3 -1
-2 -5 11 3 -14 3 5 -2
-2 -5 11 3 -15 7 0 0
-2 -5 11 5 -16 1 7 -2
-2 -5 12 -1 -10 4 2 -1
-2 -5 12 -1 -10 5 0 0
-2 -5 12 -1 -11 7 -1 0
-2 -5 12 -1 -6 0 0 0
-2 -5 12 -1 -7 1 1 0
-2 -5 12 -1 -7 2 0 0
-2 -5 12 -1 -8 2 1 0
-2 -5 12 -1 -8 3 0 0
-2 -5 12 -1 -9 3 1 0
-2 -5 12 -1 -9 4 0 0
-2 -5 12 -2 -4 0 0 0
-2 -5 12 -2 -5 1 0 0
-2 -5 12 -2 -6 2 0 0
-2 -5 12 -2 -7 2 1 0
-2 -5 12 -2 -7 3 0 0
-2 -5 12 -2 -8 4 0 0
-2 -5 12 -2 -9 6 -1 0
-2 -5 12 -3 -2 0 0 0
-2 -5 12 -3 -3 0 0 0
-2 -5 12 -3 -3 1 0 0
-2 -5 12 -3 -4 1 0 0
-2 -5 12 -3 -5 2 0 0
-2 -5 12 -3 -6 3 0 0
-2 -5 12 -4 -1 0 0 0
-2 -5 12 -4 -2 0 0 0
-2 -5 12 -4 -3 1 0 0
-2 -5 12 -4 -4 2 0 0
-2 -5 12 -5 -1 0 0 0
-2 -5 12 -5 -2 1 0 0
-2 -5 12 -5 0 0 0 0
-2 -5 12 -6 0 0 0 0
-2 -5 12 -7 1 0 0 0
-2 -5 12 0 -10 2 2 0
-2 -5 12 0 -10 3 1 0
-2 -5 12 0 -10 4 0 0
-2 -5 12 0 -11 4 1 0
-2 -5 12 0 -11 5 0 0
-2 -5 12 0 -12 5 2 -1
-2 -5 12 0 -12 6 0 0
-2 -5 12 0 -12 7 -1 0
-2 -5 12 0 -13 8 -1 0
-2 -5 12 0 -14 10 -2 0
-2 -5 12 1 -12 3 2 0
-2 -5 12 1 -12 3 3 -1
-2 -5 12 1 -13 4 3 -1
-2 -5 12 1 -13 5 1 0
-2 -5 12 1 -13 6 0 0
-2 -5 12 1 -14 5 4 -2
-2 -5 12 1 -14 6 2 -1
-2 -5 12 1 -14 7 0 0
-2 -5 12 1 -14 8 -1 0
-2 -5 12 1 -15 8 1 -1
-2 -5 12 1 -15 9 -1 0
-2 -5 12 1 -16 11 -2 0
-2 -5 12 2 -15 4 5 -2
-2 -5 12 2 -16 5 6 -3
-2 -5 12 2 -16 6 4 -2
-2 -5 12 2 -16 7 2 -1
-2 -5 12 2 -16 8 0 0
-2 -5 12 2 -17 8 3 -2
-2 -5 12 3 -17 5 5 -2
-2 -5 12 3 -18 5 8 -4
-2 -5 12 3 -19 9 3 -2
-2 -5 13 -1 -13 7 0 0
-2 -5 13 -1 -14 7 3 -2
-2 -5 13 -1 -15 10 0 -1
-2 -5 13 -1 -16 13 -3 0
-2 -5 13 -2 -11 5 2 -1
-2 -5 13 -2 -11 6 0 0
-2 -5 13 -2 -12 7 1 -1
-2 -5 13 -2 -12 8 -1 0
-2 -5 13 -2 -13 10 -2 0
-2 -5 13 -3 -10 7 -1 0
-2 -5 13 -3 -11 9 -2 0
-2 -5 13 -3 -8 3 1 0
-2 -5 13 -3 -8 4 0 0
-2 -5 13 -3 -9 5 0 0
-2 -5 13 -3 -9 6 -1 0
-2 -5 13 -4 -6 2 1 0
-2 -5 13 -4 -6 3 0 0
-2 -5 13 -4 -7 4 0 0
-2 -5 13 -4 -8 6 -1 0
-2 -5 13 -5 -3 1 0 0
-2 -5 13 -5 -4 2 0 0
-2 -5 13 -5 -5 3 0 0
-2 -5 13 -5 -6 5 -1 0
-2 -5 13 -6 -1 0 0 0
-2 -5 13 -6 -2 1 0 0
-2 -5 13 -6 -3 2 0 0
-2 -5 13 -6 0 0 0 0
-2 -5 13 -7 -1 1 0 0
-2 -5 13 -7 0 0 0 0
-2 -5 13 -7 1 0 0 0
-2 -5 13 -8 1 0 0 0
-2 -5 13 1 -20 13 1 -2
-2 -5 14 -10 2 0 0 0
-2 -5 14 -5 -9 6 1 -1
-2 -5 14 -6 -6 4 0 0
-2 -5 14 -6 -7 6 -1 0
-2 -5 14 -7 -3 2 0 0
-2 -5 14 -7 -4 3 0 0
-2 -5 14 -7 -5 5 -1 0
-2 -5 14 -8 -1 1 0 0
-2 -5 14 -8 -2 2 0 0
-2 -5 14 -8 0 0 0 0
-2 -5 14 -9 0 1 0 0
-2 -5 14 -9 1 0 0 0
-2 -5 15 -10 -1 2 0 0
-2 -5 15 -10 -2 4 -1 0
-2 -5 15 -11 1 1 0 0
-2 -5 15 -11 2 0 0 0
-2 -5 15 -12 3 0 0 0
-2 -5 15 -5 -17 20 -8 1
-2 -5 15 -7 -8 6 1 -1
-2 -5 16 -13 2 1 0 0
-2 -5 17 -17 7 -1 0 0
-2 -5 2 1 0 0 0 0
-2 -5 3 7 1 -1 0 0
-2 -5 5 -1 0 0 0 0
-2 -5 5 7 0 0 0 0
-2 -5 6 -1 0 0 0 0
-2 -5 6 0 0 0 0 0
-2 -5 6 1 0 0 0 0
-2 -5 6 9 -1 -2 0 0
-2 -5 6 9 0 0 0 0
-2 -5 7 -1 0 0 0 0
-2 -5 7 -2 0 0 0 0
-2 -5 7 0 -1 0 0 0
-2 -5 7 0 0 0 0 0
-2 -5 7 1 -1 0 0 0
-2 -5 7 1 -2 0 0 0
-2 -5 7 1 0 0 0 0
-2 -5 7 2 0 0 0 0
-2 -5 7 3 -3 -1 0 0
-2 -5 7 5 -6 1 0 0
-2 -5 7 7 -3 -1 0 0
-2 -5 8 -1 -1 0 0 0
-2 -5 8 -1 0 0 0 0
-2 -5 8 -2 0 0 0 0
-2 -5 8 0 -1 0 0 0
-2 -5 8 0 -2 0 0 0
-2 -5 8 0 0 0 0 0
-2 -5 8 1 -1 0 0 0
-2 -5 8 1 -2 0 0 0
-2 -5 8 1 -3 0 0 0
-2 -5 8 1 -4 1 0 0
-2 -5 8 1 0 0 0 0
-2 -5 8 2 -1 0 0 0
-2 -5 8 2 -2 0 0 0
-2 -5 8 2 -3 0 0 0
-2 -5 8 2 -4 0 0 0
-2 -5 8 2 0 0 0 0
-2 -5 8 3 -1 0 0 0
-2 -5 8 3 -2 0 0 0
-2 -5 8 3 -3 -1 0 0
-2 -5 8 3 -6 1 0 0
-2 -5 8 3 0 0 0 0
-2 -5 8 4 0 0 0 0
-2 -5 8 7 -7 -1 0 0
-2 -5 9 -1 -1 0 0 0
-2 -5 9 -1 -2 0 0 0
-2 -5 9 -1 0 0 0 0
-2 -5 9 -2 -1 0 0 0
-2 -5 9 -2 0 0 0 0
-2 -5 9 -3 0 0 0 0
-2 -5 9 0 -1 0 0 0
-2 -5 9 0 -2 0 0 0
-2 -5 9 0 -3 0 0 0
-2 -5 9 0 -4 1 0 0
-2 -5 9 0 0 0 0 0
-2 -5 9 1 -1 0 0 0
-2 -5 9 1 -2 0 0 0
-2 -5 9 1 -3 0 0 0
-2 -5 9 1 -4 0 0 0
-2 -5 9 1 -4 1 0 0
-2 -5 9 1 -5 1 0 0
-2 -5 9 1 -6 2 0 0
-2 -5 9 1 0 0 0 0
-2 -5 9 2 -1 0 0 0
-2 -5 9 2 -2 0 0 0
-2 -5 9 2 -3 0 0 0
-2 -5 9 2 -4 -1 0 0
-2 -5 9 2 -4 0 0 0
-2 -5 9 2 -5 0 0 0
-2 -5 9 2 -5 1 0 0
-2 -5 9 2 -6 0 1 0
-2 -5 9 2 -6 1 0 0
-2 -5 9 2 -7 2 0 0
-2 -5 9 3 -2 0 0 0
-2 -5 9 3 -3 -1 0 0
-2 -5 9 3 -3 0 0 0
-2 -5 9 3 -4 -1 0 0
-2 -5 9 3 -4 0 0 0
-2 -5 9 3 -5 -1 0 0
-2 -5 9 3 -5 0 0 0
-2 -5 9 3 -5 1 0 0
-2 -5 9 4 -4 -1 0 0
-2 -5 9 4 -4 0 0 0
-2 -5 9 5 -12 2 3 -1
-2 -5 9 5 -5 -2 0 0
-2 -5 9 5 -9 2 0 0
-2 -5 9 7 -11 -4 4 1
-2 -5 9 7 -8 -4 0 0
-2 -6 10 -3 0 0 0 0
-2 -6 11 5 -5 0 0 0
-2 -6 11 8 -10 -4 1 0
-2 -6 12 6 -10 -5 0 0
-2 -6 12 6 -14 4 0 0
-2 -6 12 7 -14 -3 4 0
-2 -6 12 8 -16 -3 4 1
-2 -6 12 8 -17 -2 5 1
-2 -6 13 2 -7 -2 0 0
-2 -6 13 3 -12 4 0 0
-2 -6 13 6 -17 0 4 0
-2 -6 13 6 -20 7 0 0
-2 -6 14 0 -8 0 0 0
-2 -6 14 1 -12 2 1 0
-2 -6 14 3 -20 10 0 0
-2 -6 14 5 -24 10 4 -2
-2 -6 15 -1 -15 6 4 -2
-2 -6 15 -4 -5 0 0 0
-2 -6 15 1 -19 10 0 0
-2 -6 15 2 -26 21 -5 0
-2 -6 16 -4 -14 11 -2 0
-2 -6 16 -8 0 0 0 0
-2 -6 17 -9 -7 8 -2 0
-2 -6 18 -14 2 1 0 0
-2 -6 4 0 0 0 0 0
-2 -6 5 0 0 0 0 0
-2 -6 5 1 0 0 0 0
-2 -6 5 2 0 0 0 0
-2 -6 6 -1 0 0 0 0
-2 -6 6 0 0 0 0 0
-2 -6 6 1 -1 0 0 0
-2 -6 6 1 0 0 0 0
-2 -6 6 2 -1 0 0 0
-2 -6 6 2 0 0 0 0
-2 -6 6 3 -1 0 0 0
-2 -6 6 3 -2 0 0 0
-2 -6 6 3 0 0 0 0
-2 -6 6 4 0 0 0 0
-2 -6 7 -1 0 0 0 0
-2 -6 7 0 -1 0 0 0
-2 -6 7 0 0 0 0 0
-2 -6 7 1 -1 0 0 0
-2 -6 7 1 0 0 0 0
-2 -6 7 2 -1 0 0 0
-2 -6 7 2 -2 0 0 0
-2 -6 7 2 0 0 0 0
-2 -6 7 3 -1 0 0 0
-2 -6 7 3 -2 0 0 0
-2 -6 7 3 -3 0 0 0
-2 -6 7 3 0 0 0 0
-2 -6 7 4 -1 0 0 0
-2 -6 7 4 -2 0 0 0
-2 -6 7 4 -3 -1 0 0
-2 -6 7 4 -3 0 0 0
-2 -6 7 4 -4 0 0 0
-2 -6 7 4 0 0 0 0
-2 -6 7 5 -1 0 0 0
-2 -6 7 5 -2 -1 0 0
-2 -6 7 5 -2 0 0 0
-2 -6 7 5 0 0 0 0
-2 -6 7 6 0 0 0 0
-2 -6 8 -1 0 0 0 0
-2 -6 8 -2 0 0 0 0
-2 -6 8 0 -1 0 0 0
-2 -6 8 0 0 0 0 0
-2 -6 8 1 -1 0 0 0
-2 -6 8 1 -2 0 0 0
-2 -6 8 1 0 0 0 0
-2 -6 8 2 -1 0 0 0
-2 -6 8 2 -2 0 0 0
-2 -6 8 2 -3 0 0 0
-2 -6 8 2 0 0 0 0
-2 -6 8 3 -1 0 0 0
-2 -6 8 3 -2 0 0 0
-2 -6 8 3 -3 -1 0 0
-2 -6 8 3 -3 0 0 0
-2 -6 8 3 -4 0 0 0
-2 -6 8 3 -5 1 0 0
-2 -6 8 3 0 0 0 0
-2 -6 8 4 -3 -1 0 0
-2 -6 8 4 -3 0 0 0
-2 -6 8 4 -4 -1 0 0
-2 -6 8 4 -4 0 0 0
-2 -6 8 4 -5 0 0 0
-2 -6 8 4 -5 1 0 0
-2 -6 8 4 -6 1 0 0
-2 -6 8 5 -6 -1 1 0
-2 -6 8 5 -6 0 0 0
-2 -6 9 -1 -1 0 0 0
-2 -6 9 -1 0 0 0 0
-2 -6 9 -2 0 0 0 0
-2 -6 9 0 -1 0 0 0
-2 -6 9 0 -2 0 0 0
-2 -6 9 0 0 0 0 0
-2 -6 9 1 -3 0 0 0
-2 -6 9 1 -4 1 0 0
-2 -7 10 10 -12 1 0 0
-2 -7 10 12 -14 -7 6 1
-2 -7 10 16 -10 -15 -2 1
-2 -7 10 16 -10 -7 2 1
-2 -7 10 18 -12 -15 4 4
-2 -7 10 8 -7 -2 0 0
-2 -7 10 9 -10 0 0 0
-2 -7 11 -3 0 0 0 0
-2 -7 11 3 -7 1 0 0
-2 -7 11 9 -16 -1 7 -2
-2 -7 11 9 -9 -2 0 0
-2 -7 12 14 -18 -4 4 1
-2 -7 12 16 -20 -12 8 4
-2 -7 12 4 -12 4 0 0
-2 -7 13 7 -21 9 0 0
-2 -7 14 12 -26 1 6 1
-2 -7 16 -8 0 0 0 0
-2 -7 2 6 -1 -1 0 0
-2 -7 21 -17 3 1 0 0
-2 -7 3 16 11 2 0 0
-2 -7 4 4 0 0 0 0
-2 -7 4 8 -1 -2 0 0
-2 -7 4 8 0 0 0 0
-2 -7 5 0 0 0 0 0
-2 -7 5 16 1 -9 -2 1
-2 -7 5 16 8 1 0 0
-2 -7 5 6 -1 -1 0 0
-2 -7 6 10 -1 -1 0 0
-2 -7 6 12 -6 -7 2 1
-2 -7 6 20 6 -7 -2 1
-2 -7 6 4 -1 0 0 0
-2 -7 7 10 -4 -4 0 0
-2 -7 7 12 -5 -2 0 0
-2 -7 7 14 0 0 0 0
-2 -7 7 16 -2 -8 0 1
-2 -7 7 8 -4 0 0 0
-2 -7 8 10 2 0 0 0
-2 -7 8 12 -4 -4 0 0
-2 -7 8 12 -9 -8 3 2
-2 -7 8 14 -7 -10 0 1
-2 -7 8 16 -4 -8 0 0
-2 -7 8 16 0 0 0 0
-2 -7 8 4 -5 1 0 0
-2 -7 8 6 -4 -2 0 0
-2 -7 9 10 -12 -3 5 -1
-2 -7 9 10 -7 -5 0 0
-2 -7 9 10 -9 -1 0 0
-2 -7 9 12 -13 -3 5 -1
-2 -7 9 12 -8 -7 0 0
-2 -7 9 9 -11 -1 2 0
-2 -7 9 9 -7 1 0 0
-2 -8 0 0 0 0 0 0
-2 -8 10 11 -10 -3 2 0
-2 -8 10 11 -16 4 0 0
-2 -8 10 12 -8 -4 2 0
-2 -8 10 13 -6 -5 0 0
-2 -8 10 15 -4 0 0 0
-2 -8 10 16 -2 -5 -1 0
-2 -8 11 12 -14 1 0 0
-2 -8 11 12 -16 -3 5 0
-2 -8 11 13 -12 -2 2 0
-2 -8 11 13 -14 -2 0 0
-2 -8 11 14 -10 -5 2 0
-2 -8 11 14 -7 0 0 0
-2 -8 11 15 -12 -10 1 1
-2 -8 11 15 -8 -8 0 0
-2 -8 11 15 -9 -8 -1 0
-2 -8 12 12 -16 0 0 0
-2 -8 12 13 -18 -6 8 0
-2 -8 12 14 -16 -7 5 0
-2 -8 12 14 -18 4 0 0
-2 -8 12 9 -19 8 -1 0
-2 -8 13 12 -26 7 5 -2
-2 -8 18 -10 1 0 0 0
-2 -8 18 -11 2 0 0 0
-2 -8 18 -9 0 0 0 0
-2 -8 3 3 -1 0 0 0
-2 -8 5 10 -1 -2 0 0
-2 -8 6 6 -4 0 0 0
-2 -8 6 7 0 0 0 0
-2 -8 7 12 -1 0 0 0
-2 -8 7 9 2 0 0 0
-2 -8 8 11 2 0 0 0
-2 -8 8 13 -4 -5 0 0
-2 -8 8 9 -8 1 0 0
-2 -8 9 10 -8 -3 2 0
-2 -8 9 11 -6 -2 0 0
-2 -8 9 12 -6 -6 -1 0
-2 -8 9 13 0 0 0 0
-2 -8 9 9 -9 0 0 0
-2 -9 13 18 -21 -9 8 1
-2 -9 13 20 -13 -19 -3 1
-2 -9 14 13 0 0 0 0
-2 -9 14 21 -20 -20 4 4
-2 -9 14 21 -24 -8 0 0
-2 -9 15 8 -14 1 0 0
-2 -9 16 -1 -6 1 0 0
-2 -9 16 11 -30 13 0 0
-2 -9 16 21 -28 -13 6 1
-2 -9 16 21 -32 -1 6 1
-2 -9 16 23 -34 -11 12 4
-2 -9 17 -3 0 0 0 0
-2 -9 18 -3 -8 3 0 0
-2 -9 18 -7 0 0 0 0
-2 -9 18 17 -40 16 0 0
-2 -9 18 19 -42 6 8 1
-2 -9 18 9 -16 -8 0 0
-2 -9 19 -9 -1 1 0 0
-2 -9 20 11 -42 13 16 -8
-2 -9 20 15 -50 25 0 0
-2 -9 20 3 -26 13 0 0
-2 -9 20 7 -34 9 16 -8
-2 -9 22 -1 -26 14 4 -3
-2 -9 24 -5 -22 13 0 0
-2 -9 25 -2 -35 18 12 -8
-2 -9 26 -9 -30 34 -12 1
-2 -9 27 -4 -56 72 -35 6
-2 -9 28 -17 -17 24 -9 1
-2 -9 32 -29 -10 33 -20 4
-2 -9 9 24 5 -3 0 0
-2 0 0 0 0 0 0 0
-2 1 0 0 0 0 0 0
-3 -1 10 -10 3 0 0 0
-3 -1 10 -8 -1 2 0 0
-3 -1 10 -8 -2 4 -1 0
-3 -1 10 -9 1 1 0 0
-3 -1 10 -9 2 0 0 0
-3 -1 11 -12 4 0 0 0
-3 -1 3 0 0 0 0 0
-3 -1 4 -1 0 0 0 0
-3 -1 4 0 -1 0 0 0
-3 -1 4 0 0 0 0 0
-3 -1 4 1 0 0 0 0
-3 -1 5 -1 -1 0 0 0
-3 -1 5 -1 0 0 0 0
-3 -1 5 -2 0 0 0 0
-3 -1 5 0 -1 0 0 0
-3 -1 5 0 0 0 0 0
-3 -1 5 1 -1 0 0 0
-3 -1 5 1 0 0 0 0
-3 -1 6 -1 -1 0 0 0
-3 -1 6 -1 -2 0 0 0
-3 -1 6 -1 0 0 0 0
-3 -1 6 -2 -1 0 0 0
-3 -1 6 -2 0 0 0 0
-3 -1 6 -3 0 0 0 0
-3 -1 6 0 -1 0 0 0
-3 -1 6 0 -2 0 0 0
-3 -1 6 0 -3 0 0 0
-3 -1 7 -1 -3 0 0 0
-3 -1 7 -2 -1 0 0 0
-3 -1 7 -2 -2 0 0 0
-3 -1 7 -2 -3 1 0 0
-3 -1 7 -2 -4 2 0 0
-3 -1 7 -3 -1 0 0 0
-3 -1 7 -3 -2 1 0 0
-3 -1 7 -3 0 0 0 0
-3 -1 7 -4 0 0 0 0
-3 -1 7 -5 1 0 0 0
-3 -1 8 -2 -5 1 1 0
-3 -1 8 -2 -6 2 1 0
-3 -1 8 -3 -2 0 0 0
-3 -1 8 -3 -3 1 0 0
-3 -1 8 -3 -4 2 0 0
-3 -1 8 -3 -5 3 0 0
-3 -1 8 -4 -1 0 0 0
-3 -1 8 -4 -2 1 0 0
-3 -1 8 -4 -3 2 0 0
-3 -1 8 -5 -1 1 0 0
-3 -1 8 -5 0 0 0 0
-3 -1 8 -6 1 0 0 0
-3 -1 9 -4 -7 5 1 -1
-3 -1 9 -5 -4 3 0 0
-3 -1 9 -5 -5 5 -1 0
-3 -1 9 -6 -1 1 0 0
-3 -1 9 -6 -2 2 0 0
-3 -1 9 -6 -3 4 -1 0
-3 -1 9 -7 0 1 0 0
-3 -1 9 -7 1 0 0 0
-3 -1 9 -8 2 0 0 0
-3 -2 10 -1 -10 3 3 -1
-3 -2 10 -1 -6 -1 0 0
-3 -2 10 -1 -6 0 0 0
-3 -2 10 -1 -7 0 1 0
-3 -2 10 -1 -7 1 0 0
-3 -2 10 -1 -7 1 1 0
-3 -2 10 -1 -8 1 2 0
-3 -2 10 -1 -8 2 0 0
-3 -2 10 -1 -8 2 1 0
-3 -2 10 -1 -8 3 0 0
-3 -2 10 -1 -9 2 2 0
-3 -2 10 -2 -4 0 0 0
-3 -2 10 -2 -5 0 0 0
-3 -2 10 -2 -5 1 0 0
-3 -2 10 -2 -6 1 1 0
-3 -2 10 -2 -6 2 0 0
-3 -2 10 -2 -7 2 1 0
-3 -2 10 -2 -7 3 0 0
-3 -2 10 -2 -8 3 1 0
-3 -2 10 -2 -8 4 0 0
-3 -2 10 -2 -9 4 2 -1
-3 -2 10 -3 -2 0 0 0
-3 -2 10 -3 -3 0 0 0
-3 -2 10 -3 -3 1 0 0
-3 -2 10 -3 -4 1 0 0
-3 -2 10 -3 -5 2 0 0
-3 -2 10 -3 -6 2 1 0
-3 -2 10 -3 -6 3 0 0
-3 -2 10 -3 -7 4 0 0
-3 -2 10 -4 -1 0 0 0
-3 -2 10 -4 -2 0 0 0
-3 -2 10 -4 -3 1 0 0
-3 -2 10 -4 -4 2 0 0
-3 -2 10 -4 -5 3 0 0
-3 -2 10 -4 -6 5 -1 0
-3 -2 10 -4 0 0 0 0
-3 -2 10 -5 -1 0 0 0
-3 -2 10 -5 -2 1 0 0
-3 -2 10 -5 -3 2 0 0
-3 -2 10 -5 0 0 0 0
-3 -2 10 -6 -1 1 0 0
-3 -2 10 -6 0 0 0 0
-3 -2 10 -6 1 0 0 0
-3 -2 10 -7 1 0 0 0
-3 -2 11 -2 -10 2 3 0
-3 -2 11 -2 -11 4 2 0
-3 -2 11 -2 -11 4 3 -1
-3 -2 11 -2 -12 5 4 -2
-3 -2 11 -2 -9 1 2 0
-3 -2 11 -3 -10 5 2 -1
-3 -2 11 -3 -10 6 0 0
-3 -2 11 -3 -11 6 3 -2
-3 -2 11 -3 -7 1 1 0
-3 -2 11 -3 -7 2 0 0
-3 -2 11 -3 -8 2 2 0
-3 -2 11 -3 -8 3 1 0
-3 -2 11 -3 -8 4 0 0
-3 -2 11 -3 -9 4 1 0
-3 -2 11 -3 -9 4 2 -1
-3 -2 11 -3 -9 5 0 0
-3 -2 11 -4 -4 0 0 0
-3 -2 11 -4 -5 1 0 0
-3 -2 11 -4 -5 2 0 0
-3 -2 11 -4 -6 2 1 0
-3 -2 11 -4 -6 3 0 0
-3 -2 11 -4 -7 3 1 0
-3 -2 11 -4 -7 4 0 0
-3 -2 11 -4 -8 5 0 0
-3 -2 11 -4 -8 6 -1 0
-3 -2 11 -4 -9 6 1 -1
-3 -2 11 -4 -9 7 -1 0
-3 -2 11 -5 -2 0 0 0
-3 -2 11 -5 -3 1 0 0
-3 -2 11 -5 -4 2 0 0
-3 -2 11 -5 -5 2 1 0
-3 -2 11 -5 -5 3 0 0
-3 -2 11 -5 -6 4 0 0
-3 -2 11 -5 -7 6 -1 0
-3 -2 11 -5 -8 8 -2 0
-3 -2 11 -6 -1 0 0 0
-3 -2 11 -6 -2 1 0 0
-3 -2 11 -6 -3 2 0 0
-3 -2 11 -6 -4 3 0 0
-3 -2 11 -6 -5 5 -1 0
-3 -2 11 -7 -1 1 0 0
-3 -2 11 -7 -2 2 0 0
-3 -2 11 -7 0 0 0 0
-3 -2 11 -7 1 0 0 0
-3 -2 11 -8 0 1 0 0
-3 -2 11 -8 1 0 0 0
-3 -2 11 -9 2 0 0 0
-3 -2 12 -10 1 1 0 0
-3 -2 12 -10 2 0 0 0
-3 -2 12 -11 3 0 0 0
-3 -2 12 -4 -11 5 3 -1
-3 -2 12 -4 -13 8 4 -3
-3 -2 12 -5 -10 7 1 -1
-3 -2 12 -5 -10 8 -1 0
-3 -2 12 -5 -11 8 2 -2
-3 -2 12 -5 -11 9 0 -1
-3 -2 12 -5 -8 3 2 0
-3 -2 12 -5 -9 5 2 -1
-3 -2 12 -5 -9 6 0 0
-3 -2 12 -6 -10 11 -3 0
-3 -2 12 -6 -6 3 1 0
-3 -2 12 -6 -6 4 0 0
-3 -2 12 -6 -7 5 0 0
-3 -2 12 -6 -7 6 -1 0
-3 -2 12 -6 -8 6 1 -1
-3 -2 12 -6 -8 7 -1 0
-3 -2 12 -6 -9 8 0 -1
-3 -2 12 -6 -9 9 -2 0
-3 -2 12 -7 -3 2 0 0
-3 -2 12 -7 -4 3 0 0
-3 -2 12 -7 -5 4 0 0
-3 -2 12 -7 -5 5 -1 0
-3 -2 12 -7 -6 6 -1 0
-3 -2 12 -7 -7 8 -2 0
-3 -2 12 -8 -1 1 0 0
-3 -2 12 -8 -2 2 0 0
-3 -2 12 -8 -3 3 0 0
-3 -2 12 -8 -4 5 -1 0
-3 -2 12 -9 -1 2 0 0
-3 -2 12 -9 -2 4 -1 0
-3 -2 12 -9 0 1 0 0
-3 -2 12 -9 1 0 0 0
-3 -2 13 -10 -1 2 0 0
-3 -2 13 -10 -2 3 0 0
-3 -2 13 -10 -3 5 -1 0
-3 -2 13 -10 -4 7 -2 0
-3 -2 13 -11 -1 4 -1 0
-3 -2 13 -11 0 2 0 0
-3 -2 13 -11 1 1 0 0
-3 -2 13 -12 2 1 0 0
-3 -2 13 -12 3 0 0 0
-3 -2 13 -13 4 0 0 0
-3 -2 13 -7 -11 10 1 -2
-3 -2 13 -7 -11 11 -1 -1
-3 -2 13 -8 -10 13 -4 0
-3 -2 13 -8 -8 8 0 -1
-3 -2 13 -8 -9 10 -1 -1
-3 -2 13 -8 -9 11 -3 0
-3 -2 13 -9 -4 4 0 0
-3 -2 13 -9 -5 6 -1 0
-3 -2 13 -9 -6 7 0 -1
-3 -2 13 -9 -6 8 -2 0
-3 -2 13 -9 -7 10 -3 0
-3 -2 14 -10 -11 18 -8 1
-3 -2 14 -10 -8 9 1 -2
-3 -2 14 -11 -7 12 -4 0
-3 -2 14 -11 -8 15 -7 1
-3 -2 14 -12 -4 9 -3 0
-3 -2 14 -13 -1 6 -2 0
-3 -2 14 -13 0 4 -1 0
-3 -2 14 -13 1 2 0 0
-3 -2 14 -14 2 3 -1 0
-3 -2 14 -14 3 1 0 0
-3 -2 14 -15 5 0 0 0
-3 -2 14 -16 7 -1 0 0
-3 -2 15 -13 -9 20 -11 2
-3 -2 15 -15 -2 11 -6 1
-3 -2 15 -16 2 5 -2 0
-3 -2 15 -17 5 2 -1 0
-3 -2 15 -17 6 0 0 0
-3 -2 15 -18 8 -1 0 0
-3 -2 16 -20 9 -1 0 0
-3 -2 16 -21 11 -2 0 0
-3 -2 3 0 0 0 0 0
-3 -2 3 1 0 0 0 0
-3 -2 4 -1 0 0 0 0
-3 -2 4 0 0 0 0 0
-3 -2 4 1 0 0 0 0
-3 -2 4 2 0 0 0 0
-3 -2 5 -1 0 0 0 0
-3 -2 5 0 -1 0 0 0
-3 -2 5 0 0 0 0 0
-3 -2 5 1 -1 0 0 0
-3 -2 5 1 0 0 0 0
-3 -2 5 2 -1 0 0 0
-3 -2 5 2 0 0 0 0
-3 -2 5 3 0 0 0 0
-3 -2 6 -1 -1 0 0 0
-3 -2 6 -1 0 0 0 0
-3 -2 6 -2 0 0 0 0
-3 -2 6 0 -1 0 0 0
-3 -2 6 0 -2 0 0 0
-3 -2 6 0 0 0 0 0
-3 -2 6 1 -1 0 0 0
-3 -2 6 1 -2 0 0 0
-3 -2 6 1 -3 0 0 0
-3 -2 6 1 0 0 0 0
-3 -2 6 2 -1 0 0 0
-3 -2 6 2 -2 0 0 0
-3 -2 6 2 -3 -1 0 0
-3 -2 6 2 0 0 0 0
-3 -2 6 3 -2 -1 0 0
-3 -2 6 3 0 0 0 0
-3 -2 7 -1 -1 0 0 0
-3 -2 7 -1 -2 0 0 0
-3 -2 7 -1 -3 1 0 0
-3 -2 7 -1 0 0 0 0
-3 -2 7 -2 -1 0 0 0
-3 -2 7 -2 0 0 0 0
-3 -2 7 -3 0 0 0 0
-3 -2 7 0 -1 0 0 0
-3 -2 7 0 -2 0 0 0
-3 -2 7 0 -3 0 0 0
-3 -2 7 0 -4 1 0 0
-3 -2 7 0 0 0 0 0
-3 -2 7 1 -1 0 0 0
-3 -2 7 1 -2 0 0 0
-3 -2 7 1 -3 0 0 0
-3 -2 7 1 -4 0 0 0
-3 -2 7 1 -5 0 1 0
-3 -2 7 1 0 0 0 0
-3 -2 7 2 -1 0 0 0
-3 -2 7 2 -2 0 0 0
-3 -2 7 2 -3 -1 0 0
-3 -2 7 2 -3 0 0 0
-3 -2 7 2 -4 -1 0 0
-3 -2 7 2 0 0 0 0
-3 -2 7 3 -2 0 0 0
-3 -2 7 3 -3 -1 0 0
-3 -2 8 -1 -1 0 0 0
-3 -2 8 -1 -2 0 0 0
-3 -2 8 -1 -3 0 0 0
-3 -2 8 -1 -4 1 0 0
-3 -2 8 -1 -5 2 0 0
-3 -2 8 -1 0 0 0 0
-3 -2 8 -2 -1 0 0 0
-3 -2 8 -2 -2 0 0 0
-3 -2 8 -2 -3 1 0 0
-3 -2 8 -2 0 0 0 0
-3 -2 8 -3 -1 0 0 0
-3 -2 8 -3 -2 1 0 0
-3 -2 8 -3 0 0 0 0
-3 -2 8 -4 0 0 0 0
-3 -2 8 0 -1 0 0 0
-3 -2 8 0 -2 0 0 0
-3 -2 8 0 -3 0 0 0
-3 -2 8 0 -4 0 0 0
-3 -2 8 0 -4 1 0 0
-3 -2 8 0 -5 1 0 0
-3 -2 8 0 -6 1 1 0
-3 -2 8 0 0 0 0 0
-3 -2 8 1 -2 0 0 0
-3 -2 8 1 -3 0 0 0
-3 -2 8 1 -4 -1 0 0
-3 -2 8 1 -4 0 0 0
-3 -2 8 1 -4 1 0 0
-3 -2 8 1 -5 0 0 0
-3 -2 8 1 -6 0 1 0
-3 -2 8 2 -4 -1 0 0
-3 -2 8 2 -4 0 0 0
-3 -2 8 2 -5 -1 0 0
-3 -2 8 2 -5 -2 0 0
-3 -2 8 2 -6 -1 1 0
-3 -2 9 -1 -2 0 0 0
-3 -2 9 -1 -3 0 0 0
-3 -2 9 -1 -4 0 0 0
-3 -2 9 -1 -4 1 0 0
-3 -2 9 -1 -5 1 0 0
-3 -2 9 -1 -6 1 1 0
-3 -2 9 -1 -6 2 0 0
-3 -2 9 -1 -7 2 1 0
-3 -2 9 -2 -1 0 0 0
-3 -2 9 -2 -2 0 0 0
-3 -2 9 -2 -3 0 0 0
-3 -2 9 -2 -3 1 0 0
-3 -2 9 -2 -4 1 0 0
-3 -2 9 -2 -5 2 0 0
-3 -2 9 -2 -6 3 0 0
-3 -2 9 -2 0 0 0 0
-3 -2 9 -3 -1 0 0 0
-3 -2 9 -3 -2 0 0 0
-3 -2 9 -3 -3 1 0 0
-3 -2 9 -3 -4 2 0 0
-3 -2 9 -3 0 0 0 0
-3 -2 9 -4 -1 0 0 0
-3 -2 9 -4 -2 1 0 0
-3 -2 9 -4 0 0 0 0
-3 -2 9 -5 0 0 0 0
-3 -2 9 -6 1 0 0 0
-3 -2 9 0 -4 -1 0 0
-3 -2 9 0 -4 0 0 0
-3 -2 9 0 -5 -1 0 0
-3 -2 9 0 -5 0 0 0
-3 -2 9 0 -5 1 0 0
-3 -2 9 0 -6 0 0 0
-3 -2 9 0 -6 0 1 0
-3 -2 9 0 -6 1 0 0
-3 -2 9 0 -6 2 0 0
-3 -2 9 0 -7 1 1 0
-3 -2 9 0 -8 1 2 0
-3 -2 9 1 -6 -1 0 0
-3 -2 9 1 -6 -2 0 0
-3 -2 9 1 -7 -1 1 0
-3 -2 9 1 -7 0 1 0
-3 -2 9 1 -8 0 2 0
-3 -3 10 1 -10 2 3 -1
-3 -3 10 5 -8 -4 0 0
-3 -3 11 -2 -8 4 0 0
-3 -3 11 -2 0 0 0 0
-3 -3 11 -6 0 0 0 0
-3 -3 11 -7 1 0 0 0
-3 -3 11 2 -13 1 5 -1
-3 -3 11 2 -9 -1 0 0
-3 -3 11 4 -11 -5 2 1
-3 -3 12 -1 -6 1 0 0
-3 -3 12 -3 -5 2 0 0
-3 -3 12 -4 0 0 0 0
-3 -3 12 -5 -1 0 0 0
-3 -3 12 -5 -2 0 0 0
-3 -3 12 -5 -2 1 0 0
-3 -3 12 -5 0 0 0 0
-3 -3 12 -6 -1 0 0 0
-3 -3 12 -6 -2 1 0 0
-3 -3 12 -6 -3 2 0 0
-3 -3 12 -6 0 0 0 0
-3 -3 12 -7 -1 1 0 0
-3 -3 12 -7 0 0 0 0
-3 -3 12 -7 1 0 0 0
-3 -3 12 -8 1 0 0 0
-3 -3 12 -9 2 0 0 0
-3 -3 12 1 -9 -2 0 0
-3 -3 13 -10 2 0 0 0
-3 -3 13 -2 -15 8 3 -2
-3 -3 13 -4 -4 0 0 0
-3 -3 13 -4 -4 1 0 0
-3 -3 13 -4 -5 2 0 0
-3 -3 13 -5 -2 0 0 0
-3 -3 13 -5 -3 0 0 0
-3 -3 13 -5 -3 1 0 0
-3 -3 13 -5 -4 0 0 0
-3 -3 13 -5 -4 1 0 0
-3 -3 13 -5 -5 2 0 0
-3 -3 13 -6 -1 0 0 0
-3 -3 13 -6 -2 0 0 0
-3 -3 13 -6 -2 1 0 0
-3 -3 13 -6 -3 1 0 0
-3 -3 13 -6 -4 2 0 0
-3 -3 13 -6 -5 3 0 0
-3 -3 13 -6 -6 4 0 0
-3 -3 13 -6 0 0 0 0
-3 -3 13 -7 -1 0 0 0
-3 -3 13 -7 -2 1 0 0
-3 -3 13 -7 -3 2 0 0
-3 -3 13 -7 -4 3 0 0
-3 -3 13 -7 -5 5 -1 0
-3 -3 13 -7 0 0 0 0
-3 -3 13 -7 1 0 0 0
-3 -3 13 -8 -1 1 0 0
-3 -3 13 -8 -2 2 0 0
-3 -3 13 -8 0 0 0 0
-3 -3 13 -8 1 0 0 0
-3 -3 13 -9 0 1 0 0
-3 -3 13 -9 1 0 0 0
-3 -3 14 -10 -1 2 0 0
-3 -3 14 -10 0 1 0 0
-3 -3 14 -10 1 0 0 0
-3 -3 14 -10 2 0 0 0
-3 -3 14 -11 1 1 0 0
-3 -3 14 -11 2 0 0 0
-3 -3 14 -12 3 0 0 0
-3 -3 14 -3 -12 4 0 0
-3 -3 14 -3 -14 6 3 -1
-3 -3 14 -5 -11 7 0 0
-3 -3 14 -5 -6 0 0 0
-3 -3 14 -5 -7 1 0 0
-3 -3 14 -5 -7 2 0 0
-3 -3 14 -5 -8 2 1 0
-3 -3 14 -5 -8 3 0 0
-3 -3 14 -5 -8 3 1 0
-3 -3 14 -5 -8 4 0 0
-3 -3 14 -5 -9 3 2 0
-3 -3 14 -6 -4 0 0 0
-3 -3 14 -6 -5 1 0 0
-3 -3 14 -6 -5 2 0 0
-3 -3 14 -6 -6 2 0 0
-3 -3 14 -6 -6 2 1 0
-3 -3 14 -6 -6 3 0 0
-3 -3 14 -6 -7 3 1 0
-3 -3 14 -6 -7 4 0 0
-3 -3 14 -6 -8 4 1 0
-3 -3 14 -6 -8 5 0 0
-3 -3 14 -6 -8 6 -1 0
-3 -3 14 -6 -9 6 0 0
-3 -3 14 -7 -2 0 0 0
-3 -3 14 -7 -3 0 0 0
-3 -3 14 -7 -3 1 0 0
-3 -3 14 -7 -4 2 0 0
-3 -3 14 -7 -5 3 0 0
-3 -3 14 -7 -6 3 1 0
-3 -3 14 -7 -6 4 0 0
-3 -3 14 -7 -7 5 0 0
-3 -3 14 -7 -7 6 -1 0
-3 -3 14 -7 -8 6 1 -1
-3 -3 14 -7 -8 7 -1 0
-3 -3 14 -7 -9 9 -2 0
-3 -3 14 -8 -1 0 0 0
-3 -3 14 -8 -1 1 0 0
-3 -3 14 -8 -2 1 0 0
-3 -3 14 -8 -3 2 0 0
-3 -3 14 -8 -4 3 0 0
-3 -3 14 -8 -5 4 0 0
-3 -3 14 -8 -5 5 -1 0
-3 -3 14 -8 -6 6 -1 0
-3 -3 14 -8 -7 8 -2 0
-3 -3 14 -8 0 0 0 0
-3 -3 14 -9 -1 1 0 0
-3 -3 14 -9 -2 2 0 0
-3 -3 14 -9 -3 3 0 0
-3 -3 14 -9 -4 5 -1 0
-3 -3 14 -9 0 0 0 0
-3 -3 14 -9 1 0 0 0
-3 -3 15 -10 -1 0 0 0
-3 -3 15 -10 -1 1 0 0
-3 -3 15 -10 -2 2 0 0
-3 -3 15 -10 -3 3 0 0
-3 -3 15 -10 -4 4 0 0
-3 -3 15 -10 -4 5 -1 0
-3 -3 15 -10 -5 6 -1 0
-3 -3 15 -10 -6 8 -2 0
-3 -3 15 -10 0 0 0 0
-3 -3 15 -11 -1 2 0 0
-3 -3 15 -11 -2 3 0 0
-3 -3 15 -11 -3 5 -1 0
-3 -3 15 -11 0 1 0 0
-3 -3 15 -11 1 0 0 0
-3 -3 15 -12 -1 4 -1 0
-3 -3 15 -12 0 2 0 0
-3 -3 15 -12 1 1 0 0
-3 -3 15 -12 2 0 0 0
-3 -3 15 -13 2 1 0 0
-3 -3 15 -13 3 0 0 0
-3 -3 15 -14 4 0 0 0
-3 -3 15 -5 -13 4 4 0
-3 -3 15 -6 -11 4 3 0
-3 -3 15 -6 -12 6 3 -1
-3 -3 15 -6 -12 7 1 0
-3 -3 15 -6 -12 7 2 -1
-3 -3 15 -6 -12 8 0 0
-3 -3 15 -6 -13 8 3 -2
-3 -3 15 -6 -13 9 1 -1
-3 -3 15 -6 -17 17 -3 -1
-3 -3 15 -7 -10 6 1 0
-3 -3 15 -7 -10 6 2 -1
-3 -3 15 -7 -10 7 0 0
-3 -3 15 -7 -10 7 1 -1
-3 -3 15 -7 -10 8 -1 0
-3 -3 15 -7 -11 10 -2 0
-3 -3 15 -7 -11 8 1 -1
-3 -3 15 -7 -11 9 -1 0
-3 -3 15 -7 -12 10 0 -1
-3 -3 15 -7 -12 11 -2 0
-3 -3 15 -7 -12 9 2 -2
-3 -3 15 -7 -13 11 1 -2
-3 -3 15 -7 -8 3 1 0
-3 -3 15 -7 -9 4 2 0
-3 -3 15 -7 -9 5 1 0
-3 -3 15 -7 -9 6 0 0
-3 -3 15 -8 -10 10 -2 0
-3 -3 15 -8 -10 9 0 -1
-3 -3 15 -8 -11 11 -1 -1
-3 -3 15 -8 -11 12 -3 0
-3 -3 15 -8 -12 14 -4 0
-3 -3 15 -8 -5 2 0 0
-3 -3 15 -8 -6 3 0 0
-3 -3 15 -8 -6 3 1 0
-3 -3 15 -8 -6 4 0 0
-3 -3 15 -8 -7 4 1 0
-3 -3 15 -8 -7 5 0 0
-3 -3 15 -8 -7 6 -1 0
-3 -3 15 -8 -8 6 0 0
-3 -3 15 -8 -8 7 -1 0
-3 -3 15 -8 -9 7 1 -1
-3 -3 15 -8 -9 8 -1 0
-3 -3 15 -8 -9 9 -2 0
-3 -3 15 -9 -2 0 0 0
-3 -3 15 -9 -3 1 0 0
-3 -3 15 -9 -3 2 0 0
-3 -3 15 -9 -4 3 0 0
-3 -3 15 -9 -5 3 1 0
-3 -3 15 -9 -5 4 0 0
-3 -3 15 -9 -6 5 0 0
-3 -3 15 -9 -6 6 -1 0
-3 -3 15 -9 -7 7 -1 0
-3 -3 15 -9 -8 8 0 -1
-3 -3 15 -9 -8 9 -2 0
-3 -3 15 -9 -9 11 -3 0
-3 -3 16 -10 -10 10 1 -2
-3 -3 16 -10 -10 11 -1 -1
-3 -3 16 -10 -10 12 -3 0
-3 -3 16 -10 -11 13 -2 -1
-3 -3 16 -10 -11 14 -4 0
-3 -3 16 -10 -12 16 -5 0
-3 -3 16 -10 -13 19 -8 1
-3 -3 16 -10 -6 4 0 0
-3 -3 16 -10 -7 5 1 0
-3 -3 16 -10 -7 6 0 0
-3 -3 16 -10 -8 7 1 -1
-3 -3 16 -10 -8 8 -1 0
-3 -3 16 -10 -8 9 -2 0
-3 -3 16 -10 -9 10 -2 0
-3 -3 16 -10 -9 9 0 -1
-3 -3 16 -11 -10 16 -7 1
-3 -3 16 -11 -3 2 0 0
-3 -3 16 -11 -4 4 0 0
-3 -3 16 -11 -5 5 0 0
-3 -3 16 -11 -5 6 -1 0
-3 -3 16 -11 -6 7 -1 0
-3 -3 16 -11 -6 8 -2 0
-3 -3 16 -11 -7 8 0 -1
-3 -3 16 -11 -7 9 -2 0
-3 -3 16 -11 -8 10 -1 -1
-3 -3 16 -11 -8 11 -3 0
-3 -3 16 -11 -9 13 -4 0
-3 -3 16 -12 -1 2 0 0
-3 -3 16 -12 -2 3 0 0
-3 -3 16 -12 -3 4 0 0
-3 -3 16 -12 -3 5 -1 0
-3 -3 16 -12 -4 6 -1 0
-3 -3 16 -12 -5 7 0 -1
-3 -3 16 -12 -5 8 -2 0
-3 -3 16 -12 -6 10 -3 0
-3 -3 16 -13 -1 3 0 0
-3 -3 16 -13 -2 5 -1 0
-3 -3 16 -13 -3 7 -2 0
-3 -3 16 -13 0 2 0 0
-3 -3 16 -13 1 1 0 0
-3 -3 16 -14 0 4 -1 0
-3 -3 16 -14 1 2 0 0
-3 -3 16 -14 2 1 0 0
-3 -3 16 -14 3 0 0 0
-3 -3 16 -15 2 3 -1 0
-3 -3 16 -15 3 1 0 0
-3 -3 16 -15 4 0 0 0
-3 -3 16 -16 5 0 0 0
-3 -3 16 -17 7 -1 0 0
-3 -3 16 -8 -13 9 3 -2
-3 -3 16 -8 -14 11 3 -3
-3 -3 16 -8 -14 12 1 -2
-3 -3 16 -8 -15 13 2 -3
-3 -3 16 -8 -15 14 0 -2
-3 -3 16 -8 -15 15 -2 -1
-3 -3 16 -8 -16 16 -1 -2
-3 -3 16 -9 -10 7 2 -1
-3 -3 16 -9 -11 10 -1 0
-3 -3 16 -9 -11 10 0 -1
-3 -3 16 -9 -11 11 -2 0
-3 -3 16 -9 -11 9 2 -2
-3 -3 16 -9 -12 11 1 -2
-3 -3 16 -9 -12 12 -1 -1
-3 -3 16 -9 -12 13 -3 0
-3 -3 16 -9 -13 13 0 -2
-3 -3 16 -9 -13 14 -2 -1
-3 -3 16 -9 -13 15 -4 0
-3 -3 16 -9 -14 16 -3 -1
-3 -3 16 -9 -14 17 -5 0
-3 -3 16 -9 -15 20 -8 1
-3 -3 16 -9 -9 5 2 0
-3 -3 17 -11 -14 18 -4 -1
-3 -3 17 -11 -14 19 -6 0
-3 -3 17 -11 -15 21 -7 0
-3 -3 17 -11 -15 22 -9 1
-3 -3 17 -11 -16 24 -10 1
-3 -3 17 -11 -17 27 -13 2
-3 -3 17 -12 -10 12 0 -2
-3 -3 17 -12 -10 13 -2 -1
-3 -3 17 -12 -11 15 -3 -1
-3 -3 17 -12 -11 16 -5 0
-3 -3 17 -12 -12 18 -6 0
-3 -3 17 -12 -12 19 -8 1
-3 -3 17 -12 -13 21 -9 1
-3 -3 17 -12 -14 24 -12 2
-3 -3 17 -12 -9 10 1 -2
-3 -3 17 -13 -10 18 -8 1
-3 -3 17 -13 -5 6 0 0
-3 -3 17 -13 -6 8 0 -1
-3 -3 17 -13 -7 10 -1 -1
-3 -3 17 -13 -7 11 -3 0
-3 -3 17 -13 -8 12 -2 -1
-3 -3 17 -13 -8 13 -4 0
-3 -3 17 -13 -9 15 -5 0
-3 -3 17 -14 -2 4 0 0
-3 -3 17 -14 -3 6 -1 0
-3 -3 17 -14 -4 8 -2 0
-3 -3 17 -14 -5 10 -3 0
-3 -3 17 -14 -5 9 -1 -1
-3 -3 17 -14 -6 12 -4 0
-3 -3 17 -14 -7 15 -7 1
-3 -3 17 -15 -1 5 -1 0
-3 -3 17 -15 -2 7 -2 0
-3 -3 17 -15 -3 9 -3 0
-3 -3 17 -15 0 3 0 0
-3 -3 17 -15 0 4 -1 0
-3 -3 17 -15 2 0 0 0
-3 -3 17 -16 0 6 -2 0
-3 -3 17 -16 1 4 -1 0
-3 -3 17 -16 2 2 0 0
-3 -3 17 -16 3 1 0 0
-3 -3 17 -17 3 3 -1 0
-3 -3 17 -17 4 1 0 0
-3 -3 17 -17 5 0 0 0
-3 -3 17 -18 6 0 0 0
-3 -3 17 -19 8 -1 0 0
-3 -3 18 -14 -14 26 -13 2
-3 -3 18 -14 -15 29 -16 3
-3 -3 18 -15 -10 20 -9 1
-3 -3 18 -15 -11 23 -12 2
-3 -3 18 -16 -5 11 -2 -1
-3 -3 18 -16 -5 12 -4 0
-3 -3 18 -16 -6 14 -5 0
-3 -3 18 -16 -6 15 -7 1
-3 -3 18 -16 -7 17 -8 1
-3 -3 18 -16 -8 20 -11 2
-3 -3 18 -17 -1 7 -2 0
-3 -3 18 -17 -2 8 -1 -1
-3 -3 18 -17 -2 9 -3 0
-3 -3 18 -17 -3 11 -4 0
-3 -3 18 -17 -4 14 -7 1
-3 -3 18 -18 -1 11 -6 1
-3 -3 18 -18 0 8 -3 0
-3 -3 18 -18 1 6 -2 0
-3 -3 18 -18 2 4 -1 0
-3 -3 18 -18 3 2 0 0
-3 -3 18 -19 3 5 -2 0
-3 -3 18 -19 4 3 -1 0
-3 -3 18 -19 5 1 0 0
-3 -3 18 -19 6 0 0 0
-3 -3 18 -20 6 2 -1 0
-3 -3 18 -20 7 0 0 0
-3 -3 18 -20 8 -1 0 0
-3 -3 18 -21 9 -1 0 0
-3 -3 19 -19 -5 19 -11 2
-3 -3 19 -20 -1 13 -7 1
-3 -3 19 -20 0 10 -4 0
-3 -3 19 -21 2 10 -6 1
-3 -3 19 -21 3 7 -3 0
-3 -3 19 -22 6 4 -2 0
-3 -3 19 -22 7 2 -1 0
-3 -3 19 -23 10 -1 0 0
-3 -3 19 -23 9 1 -1 0
-3 -3 19 -24 12 -2 0 0
-3 -3 20 -25 8 6 -5 1
-3 -3 20 -26 12 0 -1 0
-3 -3 20 -26 13 -2 0 0
-3 -3 20 -27 15 -3 0 0
-3 -3 21 -30 18 -4 0 0
-3 -3 6 3 -3 -1 0 0
-3 -3 7 2 0 0 0 0
-3 -3 7 6 -1 -1 0 0
-3 -3 9 0 -4 1 0 0
-3 -3 9 4 -5 -2 0 0
-3 -4 10 -4 0 0 0 0
-3 -4 11 -2 0 0 0 0
-3 -4 11 -3 -1 0 0 0
-3 -4 11 -3 -2 0 0 0
-3 -4 11 -3 0 0 0 0
-3 -4 11 -4 -1 0 0 0
-3 -4 11 -4 0 0 0 0
-3 -4 11 -5 0 0 0 0
-3 -4 12 -1 -1 0 0 0
-3 -4 12 -1 -2 0 0 0
-3 -4 12 -1 0 0 0 0
-3 -4 12 -2 -1 0 0 0
-3 -4 12 -2 -2 0 0 0
-3 -4 12 -2 -3 0 0 0
-3 -4 12 -2 -4 0 0 0
-3 -4 12 -2 0 0 0 0
-3 -4 12 -3 -1 0 0 0
-3 -4 12 -3 -2 0 0 0
-3 -4 12 -3 -3 0 0 0
-3 -4 12 -3 -3 1 0 0
-3 -4 12 -3 -4 1 0 0
-3 -4 12 -3 -5 2 0 0
-3 -4 12 -3 0 0 0 0
-3 -4 12 -4 -1 0 0 0
-3 -4 12 -4 -2 0 0 0
-3 -4 12 -4 -3 1 0 0
-3 -4 12 -4 0 0 0 0
-3 -4 12 -5 -1 0 0 0
-3 -4 12 -5 -2 1 0 0
-3 -4 12 -5 0 0 0 0
-3 -4 12 -6 0 0 0 0
-3 -4 12 -7 1 0 0 0
-3 -4 12 0 0 0 0 0
-3 -4 13 -1 -6 -1 0 0
-3 -4 13 -1 -6 0 0 0
-3 -4 13 -2 -3 0 0 0
-3 -4 13 -2 -4 0 0 0
-3 -4 13 -2 -4 1 0 0
-3 -4 13 -2 -5 0 0 0
-3 -4 13 -2 -5 1 0 0
-3 -4 13 -2 -6 1 0 0
-3 -4 13 -2 -6 2 0 0
-3 -4 13 -2 -7 1 1 0
-3 -4 13 -2 -7 2 0 0
-3 -4 13 -3 -1 0 0 0
-3 -4 13 -3 -2 0 0 0
-3 -4 13 -3 -3 0 0 0
-3 -4 13 -3 -4 0 0 0
-3 -4 13 -3 -4 1 0 0
-3 -4 13 -3 -5 1 0 0
-3 -4 13 -3 -6 2 0 0
-3 -4 13 -3 -7 2 1 0
-3 -4 13 -3 -7 3 0 0
-3 -4 13 -3 -8 4 0 0
-3 -4 13 -3 0 0 0 0
-3 -4 13 -4 -1 0 0 0
-3 -4 13 -4 -2 0 0 0
-3 -4 13 -4 -3 0 0 0
-3 -4 13 -4 -3 1 0 0
-3 -4 13 -4 -4 1 0 0
-3 -4 13 -4 -5 2 0 0
-3 -4 13 -4 -6 3 0 0
-3 -4 13 -4 0 0 0 0
-3 -4 13 -5 -1 0 0 0
-3 -4 13 -5 -2 0 0 0
-3 -4 13 -5 -3 1 0 0
-3 -4 13 -5 -4 2 0 0
-3 -4 13 -5 0 0 0 0
-3 -4 13 -6 -1 0 0 0
-3 -4 13 -6 -2 1 0 0
-3 -4 13 -6 0 0 0 0
-3 -4 13 -7 -1 1 0 0
-3 -4 13 -7 0 0 0 0
-3 -4 13 -7 1 0 0 0
-3 -4 13 -8 1 0 0 0
-3 -4 14 -10 2 0 0 0
-3 -4 14 -3 -11 5 2 -1
-3 -4 14 -3 -11 6 0 0
-3 -4 14 -4 -10 7 -1 0
-3 -4 14 -4 -7 2 1 0
-3 -4 14 -4 -7 3 0 0
-3 -4 14 -4 -8 3 1 0
-3 -4 14 -4 -8 4 0 0
-3 -4 14 -4 -9 5 0 0
-3 -4 14 -4 -9 6 -1 0
-3 -4 14 -5 -3 0 0 0
-3 -4 14 -5 -4 1 0 0
-3 -4 14 -5 -5 2 0 0
-3 -4 14 -5 -6 2 1 0
-3 -4 14 -5 -6 3 0 0
-3 -4 14 -5 -7 4 0 0
-3 -4 14 -5 -8 6 -1 0
-3 -4 14 -6 -1 0 0 0
-3 -4 14 -6 -2 0 0 0
-3 -4 14 -6 -2 1 0 0
-3 -4 14 -6 -3 1 0 0
-3 -4 14 -6 -4 2 0 0
-3 -4 14 -6 -5 3 0 0
-3 -4 14 -6 0 0 0 0
-3 -4 14 -7 -1 0 0 0
-3 -4 14 -7 -2 1 0 0
-3 -4 14 -7 -3 2 0 0
-3 -4 14 -7 0 0 0 0
-3 -4 14 -8 -1 1 0 0
-3 -4 14 -8 0 0 0 0
-3 -4 14 -8 1 0 0 0
-3 -4 14 -9 1 0 0 0
-3 -4 15 -10 0 1 0 0
-3 -4 15 -10 1 0 0 0
-3 -4 15 -11 2 0 0 0
-3 -4 15 -8 -4 3 0 0
-3 -4 15 -8 -5 5 -1 0
-3 -4 15 -9 -1 1 0 0
-3 -4 15 -9 -2 2 0 0
-3 -4 15 -9 0 0 0 0
-3 -4 16 -13 3 0 0 0
-3 -5 10 -1 -1 0 0 0
-3 -5 10 -1 -2 0 0 0
-3 -5 10 -1 0 0 0 0
-3 -5 10 -2 -1 0 0 0
-3 -5 10 -2 0 0 0 0
-3 -5 10 -3 0 0 0 0
-3 -5 10 0 0 0 0 0
-3 -5 10 10 -8 -7 0 0
-3 -5 11 -1 -1 0 0 0
-3 -5 11 -1 -2 0 0 0
-3 -5 11 -1 -3 0 0 0
-3 -5 11 -1 -4 1 0 0
-3 -5 11 -1 0 0 0 0
-3 -5 11 -2 -1 0 0 0
-3 -5 11 -2 -2 0 0 0
-3 -5 11 -2 -3 1 0 0
-3 -5 11 -2 0 0 0 0
-3 -5 11 -3 -1 0 0 0
-3 -5 11 -3 0 0 0 0
-3 -5 11 -4 0 0 0 0
-3 -5 11 0 -1 0 0 0
-3 -5 11 0 -2 0 0 0
-3 -5 11 0 -3 0 0 0
-3 -5 11 0 -4 0 0 0
-3 -5 11 0 0 0 0 0
-3 -5 11 1 -1 0 0 0
-3 -5 11 1 -2 0 0 0
-3 -5 11 1 -6 1 0 0
-3 -5 11 1 0 0 0 0
-3 -5 11 13 -6 -7 0 0
-3 -5 11 2 0 0 0 0
-3 -5 11 9 -5 -2 0 0
-3 -5 12 -1 -1 0 0 0
-3 -5 12 -1 -2 0 0 0
-3 -5 12 -1 -3 0 0 0
-3 -5 12 -1 -4 0 0 0
-3 -5 12 -1 -4 1 0 0
-3 -5 12 -1 -5 1 0 0
-3 -5 12 -1 -6 2 0 0
-3 -5 12 -1 0 0 0 0
-3 -5 12 -2 -1 0 0 0
-3 -5 12 -2 -2 0 0 0
-3 -5 12 -2 -3 0 0 0
-3 -5 12 -2 -4 1 0 0
-3 -5 12 -2 0 0 0 0
-3 -5 12 -3 -1 0 0 0
-3 -5 12 -3 -2 0 0 0
-3 -5 12 -3 -3 1 0 0
-3 -5 12 -3 0 0 0 0
-3 -5 12 -4 -1 0 0 0
-3 -5 12 -4 0 0 0 0
-3 -5 12 -5 0 0 0 0
-3 -5 12 0 -1 0 0 0
-3 -5 12 0 -2 0 0 0
-3 -5 12 0 -3 0 0 0
-3 -5 12 0 -4 0 0 0
-3 -5 12 0 -5 0 0 0
-3 -5 12 0 -5 1 0 0
-3 -5 12 0 -6 1 0 0
-3 -5 12 0 -7 2 0 0
-3 -5 12 0 0 0 0 0
-3 -5 12 1 -1 0 0 0
-3 -5 12 1 -2 0 0 0
-3 -5 12 1 -3 0 0 0
-3 -5 12 1 -4 0 0 0
-3 -5 12 1 -5 -1 0 0
-3 -5 12 1 -5 0 0 0
-3 -5 12 1 -5 1 0 0
-3 -5 12 1 -6 0 0 0
-3 -5 12 1 0 0 0 0
-3 -5 12 10 -14 -8 4 1
-3 -5 12 14 -12 -16 -1 2
-3 -5 12 2 -1 0 0 0
-3 -5 12 2 -2 0 0 0
-3 -5 12 2 -3 0 0 0
-3 -5 12 2 -4 -1 0 0
-3 -5 12 2 -4 0 0 0
-3 -5 12 2 0 0 0 0
-3 -5 12 3 -1 0 0 0
-3 -5 12 3 -2 0 0 0
-3 -5 12 3 0 0 0 0
-3 -5 12 4 0 0 0 0
-3 -5 12 6 -16 0 7 -2
-3 -5 12 6 -9 -1 0 0
-3 -5 12 8 0 0 0 0
-3 -5 13 -1 -1 0 0 0
-3 -5 13 -1 -10 6 -1 0
-3 -5 13 -1 -2 0 0 0
-3 -5 13 -1 -3 0 0 0
-3 -5 13 -1 -4 0 0 0
-3 -5 13 -1 -4 1 0 0
-3 -5 13 -1 -5 0 0 0
-3 -5 13 -1 -5 1 0 0
-3 -5 13 -1 -6 1 0 0
-3 -5 13 -1 -6 2 0 0
-3 -5 13 -1 -7 1 1 0
-3 -5 13 -1 -7 2 0 0
-3 -5 13 -1 -8 3 0 0
-3 -5 13 -1 0 0 0 0
-3 -5 13 -2 -1 0 0 0
-3 -5 13 -2 -2 0 0 0
-3 -5 13 -2 -3 0 0 0
-3 -5 13 -2 -4 0 0 0
-3 -5 13 -2 -4 1 0 0
-3 -5 13 -2 -5 1 0 0
-3 -5 13 -2 -6 2 0 0
-3 -5 13 -2 -7 3 0 0
-3 -5 13 -2 0 0 0 0
-3 -5 13 -3 -1 0 0 0
-3 -5 13 -3 -2 0 0 0
-3 -5 13 -3 -3 0 0 0
-3 -5 13 -3 -3 1 0 0
-3 -5 13 -3 -4 1 0 0
-3 -5 13 -3 -5 2 0 0
-3 -5 13 -3 0 0 0 0
-3 -5 13 -4 -1 0 0 0
-3 -5 13 -4 -2 0 0 0
-3 -5 13 -4 -3 1 0 0
-3 -5 13 -4 0 0 0 0
-3 -5 13 -5 -1 0 0 0
-3 -5 13 -5 -2 1 0 0
-3 -5 13 -5 0 0 0 0
-3 -5 13 -6 0 0 0 0
-3 -5 13 -7 1 0 0 0
-3 -5 13 0 -1 0 0 0
-3 -5 13 0 -10 4 0 0
-3 -5 13 0 -2 0 0 0
-3 -5 13 0 -3 0 0 0
-3 -5 13 0 -4 0 0 0
-3 -5 13 0 -5 -1 0 0
-3 -5 13 0 -5 0 0 0
-3 -5 13 0 -5 1 0 0
-3 -5 13 0 -6 0 0 0
-3 -5 13 0 -6 1 0 0
-3 -5 13 0 -7 1 0 0
-3 -5 13 0 -7 2 0 0
-3 -5 13 0 -8 1 1 0
-3 -5 13 0 -8 2 0 0
-3 -5 13 0 -9 2 1 0
-3 -5 13 0 -9 3 0 0
-3 -5 13 0 0 0 0 0
-3 -5 13 1 -1 0 0 0
-3 -5 13 1 -10 1 2 0
-3 -5 13 1 -2 0 0 0
-3 -5 13 1 -3 0 0 0
-3 -5 13 1 -4 0 0 0
-3 -5 13 1 -5 -1 0 0
-3 -5 13 1 -5 0 0 0
-3 -5 13 1 -5 1 0 0
-3 -5 13 1 -6 -1 0 0
-3 -5 13 1 -6 0 0 0
-3 -5 13 1 -6 1 0 0
-3 -5 13 1 -7 0 0 0
-3 -5 13 1 -7 1 0 0
-3 -5 13 1 -7 2 0 0
-3 -5 13 1 -8 0 1 0
-3 -5 13 1 -8 1 0 0
-3 -5 13 1 -8 2 0 0
-3 -5 13 1 -9 1 1 0
-3 -5 13 1 -9 2 0 0
-3 -5 13 1 0 0 0 0
-3 -5 13 2 -1 0 0 0
-3 -5 13 2 -2 0 0 0
-3 -5 13 2 -3 0 0 0
-3 -5 13 2 -4 -1 0 0
-3 -5 13 2 -4 0 0 0
-3 -5 13 2 -5 -1 0 0
-3 -5 13 2 -5 0 0 0
-3 -5 13 2 -5 1 0 0
-3 -5 13 2 -6 -1 0 0
-3 -5 13 2 -6 0 0 0
-3 -5 13 2 -6 1 0 0
-3 -5 13 2 -7 -1 0 0
-3 -5 13 2 -7 -2 0 0
-3 -5 13 2 -7 0 0 0
-3 -5 13 2 -7 1 0 0
-3 -5 13 2 -8 0 0 0
-3 -5 13 2 -8 0 1 0
-3 -5 13 2 0 0 0 0
-3 -5 13 3 -1 0 0 0
-3 -5 13 3 -2 0 0 0
-3 -5 13 3 -3 0 0 0
-3 -5 13 3 -4 -1 0 0
-3 -5 13 3 -4 0 0 0
-3 -5 13 3 -5 -1 0 0
-3 -5 13 3 -5 0 0 0
-3 -5 13 3 -6 -1 0 0
-3 -5 13 3 -6 0 0 0
-3 -5 13 3 -7 -2 0 0
-3 -5 13 3 0 0 0 0
-3 -5 13 4 -1 0 0 0
-3 -5 13 4 -2 0 0 0
-3 -5 13 4 -3 0 0 0
-3 -5 13 4 -4 -1 0 0
-3 -5 13 4 -4 0 0 0
-3 -5 13 4 0 0 0 0
-3 -5 13 5 -1 0 0 0
-3 -5 13 5 -14 -2 4 1
-3 -5 13 5 -2 0 0 0
-3 -5 13 5 0 0 0 0
-3 -5 13 7 -3 -1 0 0
-3 -5 13 7 -8 -4 0 0
-3 -5 13 9 -17 -7 7 2
-3 -5 14 -1 -1 0 0 0
-3 -5 14 -1 -10 3 1 0
-3 -5 14 -1 -10 4 0 0
-3 -5 14 -1 -11 5 0 0
-3 -5 14 -1 -12 7 -1 0
-3 -5 14 -1 -2 0 0 0
-3 -5 14 -1 -3 0 0 0
-3 -5 14 -1 -4 0 0 0
-3 -5 14 -1 -4 1 0 0
-3 -5 14 -1 -5 -1 0 0
-3 -5 14 -1 -5 0 0 0
-3 -5 14 -1 -5 1 0 0
-3 -5 14 -1 -6 0 0 0
-3 -5 14 -1 -6 1 0 0
-3 -5 14 -1 -7 1 0 0
-3 -5 14 -1 -7 2 0 0
-3 -5 14 -1 -8 1 1 0
-3 -5 14 -1 -8 2 0 0
-3 -5 14 -1 -9 2 1 0
-3 -5 14 -1 -9 3 0 0
-3 -5 14 -1 0 0 0 0
-3 -5 14 -2 -1 0 0 0
-3 -5 14 -2 -2 0 0 0
-3 -5 14 -2 -3 0 0 0
-3 -5 14 -2 -4 0 0 0
-3 -5 14 -2 -4 1 0 0
-3 -5 14 -2 -5 0 0 0
-3 -5 14 -2 -5 1 0 0
-3 -5 14 -2 -6 1 0 0
-3 -5 14 -2 -6 2 0 0
-3 -5 14 -2 -7 1 1 0
-3 -5 14 -2 -7 2 0 0
-3 -5 14 -2 -8 2 1 0
-3 -5 14 -2 -8 3 0 0
-3 -5 14 -2 -9 4 0 0
-3 -5 14 -2 0 0 0 0
-3 -5 14 -3 -1 0 0 0
-3 -5 14 -3 -2 0 0 0
-3 -5 14 -3 -3 0 0 0
-3 -5 14 -3 -4 0 0 0
-3 -5 14 -3 -4 1 0 0
-3 -5 14 -3 -5 1 0 0
-3 -5 14 -3 -6 2 0 0
-3 -5 14 -3 -7 3 0 0
-3 -5 14 -3 0 0 0 0
-3 -5 14 -4 -1 0 0 0
-3 -5 14 -4 -2 0 0 0
-3 -5 14 -4 -3 0 0 0
-3 -5 14 -4 -3 1 0 0
-3 -5 14 -4 -4 1 0 0
-3 -5 14 -4 -5 2 0 0
-3 -5 14 -4 0 0 0 0
-3 -5 14 -5 -1 0 0 0
-3 -5 14 -5 -2 0 0 0
-3 -5 14 -5 -3 1 0 0
-3 -5 14 -5 -4 2 0 0
-3 -5 14 -5 0 0 0 0
-3 -5 14 -6 -1 0 0 0
-3 -5 14 -6 -2 1 0 0
-3 -5 14 -6 0 0 0 0
-3 -5 14 -7 0 0 0 0
-3 -5 14 -8 1 0 0 0
-3 -5 14 0 -1 0 0 0
-3 -5 14 0 -10 1 2 0
-3 -5 14 0 -10 2 1 0
-3 -5 14 0 -10 3 0 0
-3 -5 14 0 -11 2 2 0
-3 -5 14 0 -11 3 1 0
-3 -5 14 0 -11 4 0 0
-3 -5 14 0 -12 4 1 0
-3 -5 14 0 -12 5 0 0
-3 -5 14 0 -13 6 0 0
-3 -5 14 0 -2 0 0 0
-3 -5 14 0 -3 0 0 0
-3 -5 14 0 -4 0 0 0
-3 -5 14 0 -5 -1 0 0
-3 -5 14 0 -5 0 0 0
-3 -5 14 0 -5 1 0 0
-3 -5 14 0 -6 -1 0 0
-3 -5 14 0 -6 0 0 0
-3 -5 14 0 -6 1 0 0
-3 -5 14 0 -7 -1 0 0
-3 -5 14 0 -7 0 0 0
-3 -5 14 0 -7 1 0 0
-3 -5 14 0 -7 2 0 0
-3 -5 14 0 -8 0 1 0
-3 -5 14 0 -8 1 0 0
-3 -5 14 0 -8 2 0 0
-3 -5 14 0 -9 1 1 0
-3 -5 14 0 -9 2 0 0
-3 -5 14 0 -9 3 0 0
-3 -5 14 0 0 0 0 0
-3 -5 14 1 -1 0 0 0
-3 -5 14 1 -10 1 1 0
-3 -5 14 1 -10 2 0 0
-3 -5 14 1 -10 3 0 0
-3 -5 14 1 -11 1 2 0
-3 -5 14 1 -11 2 1 0
-3 -5 14 1 -11 3 0 0
-3 -5 14 1 -11 4 0 0
-3 -5 14 1 -12 1 3 0
-3 -5 14 1 -12 2 2 0
-3 -5 14 1 -12 3 1 0
-3 -5 14 1 -12 4 0 0
-3 -5 14 1 -13 3 2 0
-3 -5 14 1 -13 3 3 -1
-3 -5 14 1 -2 0 0 0
-3 -5 14 1 -3 0 0 0
-3 -5 14 1 -4 0 0 0
-3 -5 14 1 -5 -1 0 0
-3 -5 14 1 -5 0 0 0
-3 -5 14 1 -5 1 0 0
-3 -5 14 1 -6 -1 0 0
-3 -5 14 1 -6 0 0 0
-3 -5 14 1 -6 1 0 0
-3 -5 14 1 -7 -1 0 0
-3 -5 14 1 -7 0 0 0
-3 -5 14 1 -7 1 0 0
-3 -5 14 1 -8 -1 0 0
-3 -5 14 1 -8 0 0 0
-3 -5 14 1 -8 0 1 0
-3 -5 14 1 -8 1 0 0
-3 -5 14 1 -8 2 0 0
-3 -5 14 1 -9 0 0 0
-3 -5 14 1 -9 0 1 0
-3 -5 14 1 -9 1 0 0
-3 -5 14 1 -9 1 1 0
-3 -5 14 1 -9 2 0 0
-3 -5 14 1 0 0 0 0
-3 -5 14 2 -1 0 0 0
-3 -5 14 2 -10 -1 1 0
-3 -5 14 2 -10 0 0 0
-3 -5 14 2 -10 0 1 0
-3 -5 14 2 -10 1 0 0
-3 -5 14 2 -10 1 1 0
-3 -5 14 2 -10 2 0 0
-3 -5 14 2 -10 3 0 0
-3 -5 14 2 -11 0 1 0
-3 -5 14 2 -11 0 2 0
-3 -5 14 2 -11 1 0 0
-3 -5 14 2 -11 1 1 0
-3 -5 14 2 -11 2 0 0
-3 -5 14 2 -11 2 1 0
-3 -5 14 2 -12 1 2 0
-3 -5 14 2 -18 9 1 -1
-3 -5 14 2 -2 0 0 0
-3 -5 14 2 -3 0 0 0
-3 -5 14 2 -4 0 0 0
-3 -5 14 2 -5 -1 0 0
-3 -5 14 2 -5 0 0 0
-3 -5 14 2 -6 -1 0 0
-3 -5 14 2 -6 0 0 0
-3 -5 14 2 -6 1 0 0
-3 -5 14 2 -7 -1 0 0
-3 -5 14 2 -7 -2 0 0
-3 -5 14 2 -7 0 0 0
-3 -5 14 2 -7 1 0 0
-3 -5 14 2 -8 -1 0 0
-3 -5 14 2 -8 -2 0 0
-3 -5 14 2 -8 0 0 0
-3 -5 14 2 -8 0 1 0
-3 -5 14 2 -8 1 0 0
-3 -5 14 2 -8 2 0 0
-3 -5 14 2 -9 -1 0 0
-3 -5 14 2 -9 -1 1 0
-3 -5 14 2 -9 0 0 0
-3 -5 14 2 -9 0 1 0
-3 -5 14 2 -9 1 0 0
-3 -5 14 2 -9 2 0 0
-3 -5 14 2 0 0 0 0
-3 -5 14 3 -1 0 0 0
-3 -5 14 3 -10 -1 0 0
-3 -5 14 3 -10 -1 1 0
-3 -5 14 3 -10 -2 0 0
-3 -5 14 3 -10 -2 1 0
-3 -5 14 3 -10 0 0 0
-3 -5 14 3 -10 0 1 0
-3 -5 14 3 -11 -1 2 0
-3 -5 14 3 -2 0 0 0
-3 -5 14 3 -3 0 0 0
-3 -5 14 3 -4 -1 0 0
-3 -5 14 3 -4 0 0 0
-3 -5 14 3 -5 -1 0 0
-3 -5 14 3 -5 0 0 0
-3 -5 14 3 -6 -1 0 0
-3 -5 14 3 -6 0 0 0
-3 -5 14 3 -6 1 0 0
-3 -5 14 3 -7 -1 0 0
-3 -5 14 3 -7 -2 0 0
-3 -5 14 3 -7 0 0 0
-3 -5 14 3 -7 1 0 0
-3 -5 14 3 -8 -1 0 0
-3 -5 14 3 -8 -2 0 0
-3 -5 14 3 -8 0 0 0
-3 -5 14 3 -8 1 0 0
-3 -5 14 3 -9 -1 0 0
-3 -5 14 3 -9 -1 1 0
-3 -5 14 3 -9 -2 0 0
-3 -5 14 3 -9 -3 0 0
-3 -5 14 3 -9 0 0 0
-3 -5 14 3 -9 0 1 0
-3 -5 14 3 -9 1 0 0
-3 -5 14 3 -9 2 0 0
-3 -5 14 4 -10 -4 0 0
-3 -5 14 4 -4 -1 0 0
-3 -5 14 4 -4 0 0 0
-3 -5 14 4 -5 -1 0 0
-3 -5 14 4 -5 0 0 0
-3 -5 14 4 -6 -1 0 0
-3 -5 14 4 -6 -2 0 0
-3 -5 14 4 -6 0 0 0
-3 -5 14 4 -6 1 0 0
-3 -5 14 4 -7 -1 0 0
-3 -5 14 4 -7 -2 0 0
-3 -5 14 4 -7 0 0 0
-3 -5 14 4 -7 1 0 0
-3 -5 14 4 -8 -1 0 0
-3 -5 14 4 -8 -1 1 0
-3 -5 14 4 -8 -2 0 0
-3 -5 14 4 -8 -3 0 0
-3 -5 14 4 -8 0 0 0
-3 -5 14 4 -9 -2 0 0
-3 -5 14 4 -9 -3 0 0
-3 -5 14 4 -9 2 0 0
-3 -5 14 5 -6 -1 0 0
-3 -5 14 5 -6 -2 0 0
-3 -5 14 5 -7 -2 0 0
-3 -5 14 8 -14 -7 2 1
-3 -5 14 8 -19 -4 7 -1
-3 -5 15 -1 -1 0 0 0
-3 -5 15 -1 -10 2 1 0
-3 -5 15 -1 -10 3 0 0
-3 -5 15 -1 -11 2 2 0
-3 -5 15 -1 -11 3 1 0
-3 -5 15 -1 -11 4 0 0
-3 -5 15 -1 -12 3 2 0
-3 -5 15 -1 -12 4 1 0
-3 -5 15 -1 -12 5 0 0
-3 -5 15 -1 -13 4 3 -1
-3 -5 15 -1 -13 5 1 0
-3 -5 15 -1 -13 6 0 0
-3 -5 15 -1 -13 7 -1 0
-3 -5 15 -1 -14 6 2 -1
-3 -5 15 -1 -14 7 0 0
-3 -5 15 -1 -14 8 -1 0
-3 -5 15 -1 -15 9 -1 0
-3 -5 15 -1 -2 0 0 0
-3 -5 15 -1 -3 0 0 0
-3 -5 15 -1 -4 0 0 0
-3 -5 15 -1 -5 0 0 0
-3 -5 15 -1 -5 1 0 0
-3 -5 15 -1 -6 -1 0 0
-3 -5 15 -1 -6 0 0 0
-3 -5 15 -1 -6 1 0 0
-3 -5 15 -1 -7 -1 0 0
-3 -5 15 -1 -7 0 0 0
-3 -5 15 -1 -7 1 0 0
-3 -5 15 -1 -7 2 0 0
-3 -5 15 -1 -8 0 0 0
-3 -5 15 -1 -8 1 0 0
-3 -5 15 -1 -8 1 1 0
-3 -5 15 -1 -8 2 0 0
-3 -5 15 -1 -9 1 1 0
-3 -5 15 -1 -9 2 0 0
-3 -5 15 -1 -9 3 0 0
-3 -5 15 -1 0 0 0 0
-3 -5 15 -10 2 0 0 0
-3 -5 15 -2 -1 0 0 0
-3 -5 15 -2 -10 2 2 0
-3 -5 15 -2 -10 3 1 0
-3 -5 15 -2 -10 4 0 0
-3 -5 15 -2 -11 4 1 0
-3 -5 15 -2 -11 5 0 0
-3 -5 15 -2 -12 5 2 -1
-3 -5 15 -2 -12 6 0 0
-3 -5 15 -2 -12 7 -1 0
-3 -5 15 -2 -13 8 -1 0
-3 -5 15 -2 -2 0 0 0
-3 -5 15 -2 -3 0 0 0
-3 -5 15 -2 -4 0 0 0
-3 -5 15 -2 -4 1 0 0
-3 -5 15 -2 -5 0 0 0
-3 -5 15 -2 -5 1 0 0
-3 -5 15 -2 -6 -1 0 0
-3 -5 15 -2 -6 0 0 0
-3 -5 15 -2 -6 1 0 0
-3 -5 15 -2 -6 2 0 0
-3 -5 15 -2 -7 1 0 0
-3 -5 15 -2 -7 2 0 0
-3 -5 15 -2 -8 1 1 0
-3 -5 15 -2 -8 2 0 0
-3 -5 15 -2 -8 3 0 0
-3 -5 15 -2 -9 2 1 0
-3 -5 15 -2 -9 3 0 0
-3 -5 15 -2 0 0 0 0
-3 -5 15 -3 -1 0 0 0
-3 -5 15 -3 -10 5 0 0
-3 -5 15 -3 -11 7 -1 0
-3 -5 15 -3 -2 0 0 0
-3 -5 15 -3 -3 0 0 0
-3 -5 15 -3 -4 0 0 0
-3 -5 15 -3 -4 1 0 0
-3 -5 15 -3 -5 0 0 0
-3 -5 15 -3 -5 1 0 0
-3 -5 15 -3 -6 1 0 0
-3 -5 15 -3 -6 2 0 0
-3 -5 15 -3 -7 2 0 0
-3 -5 15 -3 -8 2 1 0
-3 -5 15 -3 -8 3 0 0
-3 -5 15 -3 -9 3 1 0
-3 -5 15 -3 -9 4 0 0
-3 -5 15 -3 0 0 0 0
-3 -5 15 -4 -1 0 0 0
-3 -5 15 -4 -2 0 0 0
-3 -5 15 -4 -3 0 0 0
-3 -5 15 -4 -3 1 0 0
-3 -5 15 -4 -4 0 0 0
-3 -5 15 -4 -4 1 0 0
-3 -5 15 -4 -5 1 0 0
-3 -5 15 -4 -5 2 0 0
-3 -5 15 -4 -6 2 0 0
-3 -5 15 -4 -7 2 1 0
-3 -5 15 -4 -7 3 0 0
-3 -5 15 -4 -8 4 0 0
-3 -5 15 -4 -9 6 -1 0
-3 -5 15 -4 0 0 0 0
-3 -5 15 -5 -1 0 0 0
-3 -5 15 -5 -2 0 0 0
-3 -5 15 -5 -3 0 0 0
-3 -5 15 -5 -3 1 0 0
-3 -5 15 -5 -4 1 0 0
-3 -5 15 -5 -5 2 0 0
-3 -5 15 -5 -6 3 0 0
-3 -5 15 -5 0 0 0 0
-3 -5 15 -6 -1 0 0 0
-3 -5 15 -6 -2 0 0 0
-3 -5 15 -6 -2 1 0 0
-3 -5 15 -6 -3 1 0 0
-3 -5 15 -6 -4 2 0 0
-3 -5 15 -6 0 0 0 0
-3 -5 15 -7 -1 0 0 0
-3 -5 15 -7 -2 1 0 0
-3 -5 15 -7 0 0 0 0
-3 -5 15 -8 -1 1 0 0
-3 -5 15 -8 0 0 0 0
-3 -5 15 -8 1 0 0 0
-3 -5 15 -9 1 0 0 0
-3 -5 15 0 -1 0 0 0
-3 -5 15 0 -10 0 1 0
-3 -5 15 0 -10 1 0 0
-3 -5 15 0 -10 1 1 0
-3 -5 15 0 -10 2 0 0
-3 -5 15 0 -10 2 1 0
-3 -5 15 0 -10 3 0 0
-3 -5 15 0 -11 1 2 0
-3 -5 15 0 -11 2 0 0
-3 -5 15 0 -11 2 1 0
-3 -5 15 0 -11 3 0 0
-3 -5 15 0 -11 4 0 0
-3 -5 15 0 -12 2 2 0
-3 -5 15 0 -12 3 1 0
-3 -5 15 0 -12 4 0 0
-3 -5 15 0 -13 2 3 0
-3 -5 15 0 -13 3 2 0
-3 -5 15 0 -13 3 3 -1
-3 -5 15 0 -13 4 1 0
-3 -5 15 0 -13 5 0 0
-3 -5 15 0 -13 7 -1 0
-3 -5 15 0 -14 4 2 0
-3 -5 15 0 -14 4 3 -1
-3 -5 15 0 -14 5 1 0
-3 -5 15 0 -14 6 0 0
-3 -5 15 0 -15 5 3 -1
-3 -5 15 0 -15 6 1 0
-3 -5 15 0 -15 7 0 0
-3 -5 15 0 -15 8 -1 0
-3 -5 15 0 -16 7 2 -1
-3 -5 15 0 -16 8 0 0
-3 -5 15 0 -2 0 0 0
-3 -5 15 0 -3 0 0 0
-3 -5 15 0 -4 0 0 0
-3 -5 15 0 -5 -1 0 0
-3 -5 15 0 -5 0 0 0
-3 -5 15 0 -5 1 0 0
-3 -5 15 0 -6 -1 0 0
-3 -5 15 0 -6 0 0 0
-3 -5 15 0 -6 1 0 0
-3 -5 15 0 -7 -1 0 0
-3 -5 15 0 -7 0 0 0
-3 -5 15 0 -7 1 0 0
-3 -5 15 0 -7 2 0 0
-3 -5 15 0 -8 -1 0 0
-3 -5 15 0 -8 -2 0 0
-3 -5 15 0 -8 0 0 0
-3 -5 15 0 -8 1 0 0
-3 -5 15 0 -8 2 0 0
-3 -5 15 0 -9 0 0 0
-3 -5 15 0 -9 0 1 0
-3 -5 15 0 -9 1 0 0
-3 -5 15 0 -9 1 1 0
-3 -5 15 0 -9 2 0 0
-3 -5 15 0 -9 3 0 0
-3 -5 15 0 0 0 0 0
-3 -5 15 1 -10 -1 0 0
-3 -5 15 1 -10 -1 1 0
-3 -5 15 1 -10 0 0 0
-3 -5 15 1 -10 0 1 0
-3 -5 15 1 -10 1 0 0
-3 -5 15 1 -10 1 1 0
-3 -5 15 1 -10 2 0 0
-3 -5 15 1 -10 3 0 0
-3 -5 15 1 -11 0 1 0
-3 -5 15 1 -11 0 2 0
-3 -5 15 1 -11 1 0 0
-3 -5 15 1 -11 1 1 0
-3 -5 15 1 -11 2 0 0
-3 -5 15 1 -11 2 1 0
-3 -5 15 1 -11 3 0 0
-3 -5 15 1 -12 0 2 0
-3 -5 15 1 -12 1 1 0
-3 -5 15 1 -12 1 2 0
-3 -5 15 1 -12 2 0 0
-3 -5 15 1 -12 2 1 0
-3 -5 15 1 -12 3 0 0
-3 -5 15 1 -12 4 0 0
-3 -5 15 1 -13 1 3 0
-3 -5 15 1 -13 2 2 0
-3 -5 15 1 -13 3 0 0
-3 -5 15 1 -13 3 1 0
-3 -5 15 1 -13 4 0 0
-3 -5 15 1 -13 5 0 0
-3 -5 15 1 -14 2 3 0
-3 -5 15 1 -14 3 2 0
-3 -5 15 1 -14 4 1 0
-3 -5 15 1 -14 5 0 0
-3 -5 15 1 -15 3 3 0
-3 -5 15 1 -15 3 4 -1
-3 -5 15 1 -15 4 2 0
-3 -5 15 1 -15 4 3 -1
-3 -5 15 1 -15 5 1 0
-3 -5 15 1 -15 6 0 0
-3 -5 15 1 -16 4 4 -1
-3 -5 15 1 -16 5 2 0
-3 -5 15 1 -16 5 3 -1
-3 -5 15 1 -17 5 5 -2
-3 -5 15 1 -17 6 3 -1
-3 -5 15 1 -3 0 0 0
-3 -5 15 1 -4 0 0 0
-3 -5 15 1 -5 -1 0 0
-3 -5 15 1 -5 0 0 0
-3 -5 15 1 -5 1 0 0
-3 -5 15 1 -6 -1 0 0
-3 -5 15 1 -6 0 0 0
-3 -5 15 1 -6 1 0 0
-3 -5 15 1 -7 -1 0 0
-3 -5 15 1 -7 0 0 0
-3 -5 15 1 -7 1 0 0
-3 -5 15 1 -8 -1 0 0
-3 -5 15 1 -8 -2 0 0
-3 -5 15 1 -8 0 0 0
-3 -5 15 1 -8 0 1 0
-3 -5 15 1 -8 1 0 0
-3 -5 15 1 -8 2 0 0
-3 -5 15 1 -9 -1 0 0
-3 -5 15 1 -9 -2 0 0
-3 -5 15 1 -9 0 0 0
-3 -5 15 1 -9 0 1 0
-3 -5 15 1 -9 1 0 0
-3 -5 15 1 -9 2 0 0
-3 -5 15 2 -10 -1 0 0
-3 -5 15 2 -10 -1 1 0
-3 -5 15 2 -10 -2 0 0
-3 -5 15 2 -10 -3 0 0
-3 -5 15 2 -10 0 0 0
-3 -5 15 2 -10 0 1 0
-3 -5 15 2 -10 1 0 0
-3 -5 15 2 -10 1 1 0
-3 -5 15 2 -10 2 0 0
-3 -5 15 2 -10 3 0 0
-3 -5 15 2 -11 -1 0 0
-3 -5 15 2 -11 -1 1 0
-3 -5 15 2 -11 -2 1 0
-3 -5 15 2 -11 0 0 0
-3 -5 15 2 -11 0 1 0
-3 -5 15 2 -11 0 2 0
-3 -5 15 2 -11 1 0 0
-3 -5 15 2 -11 1 1 0
-3 -5 15 2 -11 2 0 0
-3 -5 15 2 -11 3 0 0
-3 -5 15 2 -12 -1 1 0
-3 -5 15 2 -12 -1 2 0
-3 -5 15 2 -12 0 0 0
-3 -5 15 2 -12 0 1 0
-3 -5 15 2 -12 0 2 0
-3 -5 15 2 -12 1 0 0
-3 -5 15 2 -12 1 1 0
-3 -5 15 2 -12 1 2 0
-3 -5 15 2 -12 2 0 0
-3 -5 15 2 -12 2 1 0
-3 -5 15 2 -12 3 0 0
-3 -5 15 2 -12 4 0 0
-3 -5 15 2 -13 0 2 0
-3 -5 15 2 -13 0 3 0
-3 -5 15 2 -13 1 0 0
-3 -5 15 2 -13 1 1 0
-3 -5 15 2 -13 1 2 0
-3 -5 15 2 -13 2 0 0
-3 -5 15 2 -13 2 1 0
-3 -5 15 2 -13 3 0 0
-3 -5 15 2 -13 3 1 0
-3 -5 15 2 -13 4 0 0
-3 -5 15 2 -14 1 2 0
-3 -5 15 2 -14 1 3 0
-3 -5 15 2 -14 2 1 0
-3 -5 15 2 -14 2 2 0
-3 -5 15 2 -14 3 0 0
-3 -5 15 2 -14 3 1 0
-3 -5 15 2 -14 4 0 0
-3 -5 15 2 -15 1 4 0
-3 -5 15 2 -15 2 3 0
-3 -5 15 2 -15 2 4 -1
-3 -5 15 2 -15 3 2 0
-3 -5 15 2 -16 2 4 0
-3 -5 15 2 -6 -1 0 0
-3 -5 15 2 -6 0 0 0
-3 -5 15 2 -7 -1 0 0
-3 -5 15 2 -7 -2 0 0
-3 -5 15 2 -7 0 0 0
-3 -5 15 2 -7 1 0 0
-3 -5 15 2 -8 -1 0 0
-3 -5 15 2 -8 -2 0 0
-3 -5 15 2 -8 0 0 0
-3 -5 15 2 -8 0 1 0
-3 -5 15 2 -8 1 0 0
-3 -5 15 2 -8 2 0 0
-3 -5 15 2 -9 -1 0 0
-3 -5 15 2 -9 -2 0 0
-3 -5 15 2 -9 0 0 0
-3 -5 15 2 -9 0 1 0
-3 -5 15 2 -9 1 0 0
-3 -5 15 2 -9 2 0 0
-3 -5 15 3 -10 -1 0 0
-3 -5 15 3 -10 -1 1 0
-3 -5 15 3 -10 -2 0 0
-3 -5 15 3 -10 -3 0 0
-3 -5 15 3 -10 0 0 0
-3 -5 15 3 -10 0 1 0
-3 -5 15 3 -10 1 0 0
-3 -5 15 3 -10 2 0 0
-3 -5 15 3 -11 -1 0 0
-3 -5 15 3 -11 -1 1 0
-3 -5 15 3 -11 -2 0 0
-3 -5 15 3 -11 -2 1 0
-3 -5 15 3 -11 -3 0 0
-3 -5 15 3 -11 -4 0 0
-3 -5 15 3 -11 0 0 0
-3 -5 15 3 -11 0 1 0
-3 -5 15 3 -11 1 0 0
-3 -5 15 3 -11 1 1 0
-3 -5 15 3 -11 2 0 0
-3 -5 15 3 -11 3 0 0
-3 -5 15 3 -12 -1 0 0
-3 -5 15 3 -12 -1 1 0
-3 -5 15 3 -12 -1 2 0
-3 -5 15 3 -12 -2 0 0
-3 -5 15 3 -12 -2 1 0
-3 -5 15 3 -12 -3 1 0
-3 -5 15 3 -12 0 0 0
-3 -5 15 3 -12 0 1 0
-3 -5 15 3 -12 0 2 0
-3 -5 15 3 -12 1 0 0
-3 -5 15 3 -12 1 1 0
-3 -5 15 3 -12 2 0 0
-3 -5 15 3 -12 2 1 0
-3 -5 15 3 -12 3 0 0
-3 -5 15 3 -13 -1 0 0
-3 -5 15 3 -13 -1 1 0
-3 -5 15 3 -13 -1 2 0
-3 -5 15 3 -13 -2 2 0
-3 -5 15 3 -13 0 0 0
-3 -5 15 3 -13 0 1 0
-3 -5 15 3 -13 0 2 0
-3 -5 15 3 -13 1 0 0
-3 -5 15 3 -13 1 1 0
-3 -5 15 3 -13 1 2 0
-3 -5 15 3 -13 2 0 0
-3 -5 15 3 -13 2 1 0
-3 -5 15 3 -14 -1 2 0
-3 -5 15 3 -14 -1 3 0
-3 -5 15 3 -14 -2 4 1
-3 -5 15 3 -14 0 1 0
-3 -5 15 3 -14 0 2 0
-3 -5 15 3 -14 0 3 0
-3 -5 15 3 -14 1 2 0
-3 -5 15 3 -15 0 4 0
-3 -5 15 3 -9 -1 0 0
-3 -5 15 3 -9 -1 1 0
-3 -5 15 3 -9 -2 0 0
-3 -5 15 3 -9 -3 0 0
-3 -5 15 3 -9 0 0 0
-3 -5 15 4 -11 -4 0 0
-3 -5 15 4 -12 -1 0 0
-3 -5 15 4 -12 -1 1 0
-3 -5 15 4 -12 -1 2 0
-3 -5 15 4 -12 -2 0 0
-3 -5 15 4 -12 -2 1 0
-3 -5 15 4 -12 -3 0 0
-3 -5 15 4 -12 -3 1 0
-3 -5 15 4 -12 -4 0 0
-3 -5 15 4 -12 -5 0 0
-3 -5 15 4 -12 0 0 0
-3 -5 15 4 -13 -1 2 0
-3 -5 15 4 -13 -1 3 0
-3 -5 15 4 -13 -2 0 0
-3 -5 15 4 -13 -2 1 0
-3 -5 15 4 -13 -2 2 0
-3 -5 15 4 -13 -3 0 0
-3 -5 15 4 -13 -3 1 0
-3 -5 15 4 -13 -4 1 0
-3 -5 15 4 -14 -3 2 0
-3 -5 15 4 -14 -4 3 1
-3 -5 15 5 -13 -2 0 0
-3 -5 15 9 -21 -10 8 4
-3 -5 16 -1 -10 0 0 0
-3 -5 16 -1 -10 0 1 0
-3 -5 16 -1 -10 1 0 0
-3 -5 16 -1 -10 1 1 0
-3 -5 16 -1 -10 2 0 0
-3 -5 16 -1 -10 2 1 0
-3 -5 16 -1 -10 3 0 0
-3 -5 16 -1 -11 1 1 0
-3 -5 16 -1 -11 1 2 0
-3 -5 16 -1 -11 2 0 0
-3 -5 16 -1 -11 2 1 0
-3 -5 16 -1 -11 3 0 0
-3 -5 16 -1 -11 4 0 0
-3 -5 16 -1 -12 2 1 0
-3 -5 16 -1 -12 2 2 0
-3 -5 16 -1 -12 3 0 0
-3 -5 16 -1 -12 3 1 0
-3 -5 16 -1 -12 4 0 0
-3 -5 16 -1 -13 2 3 0
-3 -5 16 -1 -13 3 2 0
-3 -5 16 -1 -13 4 1 0
-3 -5 16 -1 -13 5 0 0
-3 -5 16 -1 -13 7 -1 0
-3 -5 16 -1 -14 3 3 0
-3 -5 16 -1 -14 4 2 0
-3 -5 16 -1 -14 4 3 -1
-3 -5 16 -1 -14 5 1 0
-3 -5 16 -1 -14 6 0 0
-3 -5 16 -1 -15 4 4 -1
-3 -5 16 -1 -15 5 2 0
-3 -5 16 -1 -15 5 3 -1
-3 -5 16 -1 -15 6 1 0
-3 -5 16 -1 -15 7 0 0
-3 -5 16 -1 -15 8 -1 0
-3 -5 16 -1 -16 6 3 -1
-3 -5 16 -1 -16 7 1 0
-3 -5 16 -1 -16 7 2 -1
-3 -5 16 -1 -16 8 0 0
-3 -5 16 -1 -16 9 -1 0
-3 -5 16 -1 -17 10 -1 0
-3 -5 16 -1 -17 7 4 -2
-3 -5 16 -1 -17 8 2 -1
-3 -5 16 -1 -17 9 0 0
-3 -5 16 -1 -18 10 1 -1
-3 -5 16 -1 -18 11 -1 0
-3 -5 16 -1 -18 12 -2 0
-3 -5 16 -1 -18 9 3 -2
-3 -5 16 -1 -19 12 0 -1
-3 -5 16 -1 -19 13 -2 0
-3 -5 16 -1 -6 -1 0 0
-3 -5 16 -1 -6 0 0 0
-3 -5 16 -1 -7 -1 0 0
-3 -5 16 -1 -7 0 0 0
-3 -5 16 -1 -7 1 0 0
-3 -5 16 -1 -7 2 0 0
-3 -5 16 -1 -8 -1 0 0
-3 -5 16 -1 -8 0 0 0
-3 -5 16 -1 -8 1 0 0
-3 -5 16 -1 -8 2 0 0
-3 -5 16 -1 -9 -1 0 0
-3 -5 16 -1 -9 0 0 0
-3 -5 16 -1 -9 0 1 0
-3 -5 16 -1 -9 1 0 0
-3 -5 16 -1 -9 1 1 0
-3 -5 16 -1 -9 2 0 0
-3 -5 16 -1 -9 3 0 0
-3 -5 16 -10 1 0 0 0
-3 -5 16 -11 2 0 0 0
-3 -5 16 -2 -10 2 0 0
-3 -5 16 -2 -10 2 1 0
-3 -5 16 -2 -10 3 0 0
-3 -5 16 -2 -10 4 0 0
-3 -5 16 -2 -11 2 2 0
-3 -5 16 -2 -11 3 1 0
-3 -5 16 -2 -11 4 0 0
-3 -5 16 -2 -12 3 2 0
-3 -5 16 -2 -12 4 1 0
-3 -5 16 -2 -12 5 0 0
-3 -5 16 -2 -13 4 2 0
-3 -5 16 -2 -13 5 1 0
-3 -5 16 -2 -13 6 0 0
-3 -5 16 -2 -14 5 3 -1
-3 -5 16 -2 -14 6 1 0
-3 -5 16 -2 -14 6 2 -1
-3 -5 16 -2 -14 7 0 0
-3 -5 16 -2 -14 8 -1 0
-3 -5 16 -2 -15 7 2 -1
-3 -5 16 -2 -15 8 0 0
-3 -5 16 -2 -15 9 -1 0
-3 -5 16 -2 -16 10 -1 0
-3 -5 16 -2 -16 11 -2 0
-3 -5 16 -2 -16 9 1 -1
-3 -5 16 -2 -17 12 -2 0
-3 -5 16 -2 -18 14 -3 0
-3 -5 16 -2 -3 0 0 0
-3 -5 16 -2 -4 0 0 0
-3 -5 16 -2 -4 1 0 0
-3 -5 16 -2 -5 0 0 0
-3 -5 16 -2 -5 1 0 0
-3 -5 16 -2 -6 -1 0 0
-3 -5 16 -2 -6 0 0 0
-3 -5 16 -2 -6 1 0 0
-3 -5 16 -2 -7 -1 0 0
-3 -5 16 -2 -7 0 0 0
-3 -5 16 -2 -7 1 0 0
-3 -5 16 -2 -7 2 0 0
-3 -5 16 -2 -8 0 0 0
-3 -5 16 -2 -8 1 0 0
-3 -5 16 -2 -8 1 1 0
-3 -5 16 -2 -8 2 0 0
-3 -5 16 -2 -9 1 0 0
-3 -5 16 -2 -9 1 1 0
-3 -5 16 -2 -9 2 0 0
-3 -5 16 -2 -9 3 0 0
-3 -5 16 -3 -1 0 0 0
-3 -5 16 -3 -10 2 2 0
-3 -5 16 -3 -10 3 1 0
-3 -5 16 -3 -10 4 0 0
-3 -5 16 -3 -11 3 2 0
-3 -5 16 -3 -11 4 1 0
-3 -5 16 -3 -11 5 0 0
-3 -5 16 -3 -12 5 1 0
-3 -5 16 -3 -12 6 0 0
-3 -5 16 -3 -12 7 -1 0
-3 -5 16 -3 -13 6 2 -1
-3 -5 16 -3 -13 7 0 0
-3 -5 16 -3 -13 8 -1 0
-3 -5 16 -3 -14 8 1 -1
-3 -5 16 -3 -14 9 -1 0
-3 -5 16 -3 -15 11 -2 0
-3 -5 16 -3 -2 0 0 0
-3 -5 16 -3 -3 0 0 0
-3 -5 16 -3 -4 0 0 0
-3 -5 16 -3 -4 1 0 0
-3 -5 16 -3 -5 0 0 0
-3 -5 16 -3 -5 1 0 0
-3 -5 16 -3 -6 -1 0 0
-3 -5 16 -3 -6 0 0 0
-3 -5 16 -3 -6 1 0 0
-3 -5 16 -3 -6 2 0 0
-3 -5 16 -3 -7 0 0 0
-3 -5 16 -3 -7 1 0 0
-3 -5 16 -3 -7 2 0 0
-3 -5 16 -3 -8 1 0 0
-3 -5 16 -3 -8 1 1 0
-3 -5 16 -3 -8 2 0 0
-3 -5 16 -3 -8 3 0 0
-3 -5 16 -3 -9 2 1 0
-3 -5 16 -3 -9 3 0 0
-3 -5 16 -3 0 0 0 0
-3 -5 16 -4 -1 0 0 0
-3 -5 16 -4 -10 4 1 0
-3 -5 16 -4 -10 5 0 0
-3 -5 16 -4 -11 5 2 -1
-3 -5 16 -4 -11 6 0 0
-3 -5 16 -4 -11 7 -1 0
-3 -5 16 -4 -12 8 -1 0
-3 -5 16 -4 -13 10 -2 0
-3 -5 16 -4 -2 0 0 0
-3 -5 16 -4 -3 0 0 0
-3 -5 16 -4 -4 0 0 0
-3 -5 16 -4 -4 1 0 0
-3 -5 16 -4 -5 0 0 0
-3 -5 16 -4 -5 1 0 0
-3 -5 16 -4 -6 0 0 0
-3 -5 16 -4 -6 1 0 0
-3 -5 16 -4 -6 2 0 0
-3 -5 16 -4 -7 2 0 0
-3 -5 16 -4 -7 3 0 0
-3 -5 16 -4 -8 2 1 0
-3 -5 16 -4 -8 3 0 0
-3 -5 16 -4 -9 3 1 0
-3 -5 16 -4 -9 4 0 0
-3 -5 16 -4 0 0 0 0
-3 -5 16 -5 -1 0 0 0
-3 -5 16 -5 -10 7 -1 0
-3 -5 16 -5 -2 0 0 0
-3 -5 16 -5 -3 0 0 0
-3 -5 16 -5 -3 1 0 0
-3 -5 16 -5 -4 0 0 0
-3 -5 16 -5 -4 1 0 0
-3 -5 16 -5 -5 1 0 0
-3 -5 16 -5 -5 2 0 0
-3 -5 16 -5 -6 2 0 0
-3 -5 16 -5 -7 2 1 0
-3 -5 16 -5 -7 3 0 0
-3 -5 16 -5 -8 3 1 0
-3 -5 16 -5 -8 4 0 0
-3 -5 16 -5 -9 5 0 0
-3 -5 16 -5 0 0 0 0
-3 -5 16 -6 -1 0 0 0
-3 -5 16 -6 -2 0 0 0
-3 -5 16 -6 -3 0 0 0
-3 -5 16 -6 -3 1 0 0
-3 -5 16 -6 -4 1 0 0
-3 -5 16 -6 -5 2 0 0
-3 -5 16 -6 -6 3 0 0
-3 -5 16 -6 -7 4 0 0
-3 -5 16 -6 -8 6 -1 0
-3 -5 16 -6 0 0 0 0
-3 -5 16 -7 -1 0 0 0
-3 -5 16 -7 -2 0 0 0
-3 -5 16 -7 -2 1 0 0
-3 -5 16 -7 -3 1 0 0
-3 -5 16 -7 -4 2 0 0
-3 -5 16 -7 -5 3 0 0
-3 -5 16 -7 0 0 0 0
-3 -5 16 -8 -1 0 0 0
-3 -5 16 -8 -2 1 0 0
-3 -5 16 -8 -3 2 0 0
-3 -5 16 -8 0 0 0 0
-3 -5 16 -8 1 0 0 0
-3 -5 16 -9 -1 1 0 0
-3 -5 16 -9 0 0 0 0
-3 -5 16 -9 1 0 0 0
-3 -5 16 0 -10 -1 0 0
-3 -5 16 0 -10 -2 0 0
-3 -5 16 0 -10 0 0 0
-3 -5 16 0 -10 0 1 0
-3 -5 16 0 -10 1 0 0
-3 -5 16 0 -10 1 1 0
-3 -5 16 0 -10 2 0 0
-3 -5 16 0 -10 3 0 0
-3 -5 16 0 -11 -1 1 0
-3 -5 16 0 -11 0 0 0
-3 -5 16 0 -11 0 1 0
-3 -5 16 0 -11 1 0 0
-3 -5 16 0 -11 1 1 0
-3 -5 16 0 -11 2 0 0
-3 -5 16 0 -11 2 1 0
-3 -5 16 0 -11 3 0 0
-3 -5 16 0 -12 0 1 0
-3 -5 16 0 -12 0 2 0
-3 -5 16 0 -12 1 0 0
-3 -5 16 0 -12 1 1 0
-3 -5 16 0 -12 1 2 0
-3 -5 16 0 -12 2 0 0
-3 -5 16 0 -12 2 1 0
-3 -5 16 0 -12 3 0 0
-3 -5 16 0 -12 3 1 0
-3 -5 16 0 -12 4 0 0
-3 -5 16 0 -13 1 2 0
-3 -5 16 0 -13 1 3 0
-3 -5 16 0 -13 2 1 0
-3 -5 16 0 -13 2 2 0
-3 -5 16 0 -13 3 0 0
-3 -5 16 0 -13 3 1 0
-3 -5 16 0 -13 4 0 0
-3 -5 16 0 -13 5 0 0
-3 -5 16 0 -14 2 3 0
-3 -5 16 0 -14 3 1 0
-3 -5 16 0 -14 3 2 0
-3 -5 16 0 -14 4 0 0
-3 -5 16 0 -14 4 1 0
-3 -5 16 0 -14 5 0 0
-3 -5 16 0 -15 2 4 0
-3 -5 16 0 -15 3 3 0
-3 -5 16 0 -15 4 2 0
-3 -5 16 0 -15 4 3 -1
-3 -5 16 0 -15 5 0 0
-3 -5 16 0 -15 5 1 0
-3 -5 16 0 -15 6 0 0
-3 -5 16 0 -15 8 -1 0
-3 -5 16 0 -16 4 3 0
-3 -5 16 0 -16 4 4 -1
-3 -5 16 0 -16 5 2 0
-3 -5 16 0 -16 5 3 -1
-3 -5 16 0 -16 6 1 0
-3 -5 16 0 -16 7 0 0
-3 -5 16 0 -16 8 -1 0
-3 -5 16 0 -17 5 4 -1
-3 -5 16 0 -17 5 5 -2
-3 -5 16 0 -17 6 2 0
-3 -5 16 0 -17 6 3 -1
-3 -5 16 0 -17 7 1 0
-3 -5 16 0 -17 7 2 -1
-3 -5 16 0 -17 8 0 0
-3 -5 16 0 -17 9 -1 0
-3 -5 16 0 -18 10 -1 0
-3 -5 16 0 -18 6 5 -2
-3 -5 16 0 -18 7 3 -1
-3 -5 16 0 -18 8 1 0
-3 -5 16 0 -18 8 2 -1
-3 -5 16 0 -18 9 0 0
-3 -5 16 0 -19 10 1 -1
-3 -5 16 0 -19 7 6 -3
-3 -5 16 0 -19 8 4 -2
-3 -5 16 0 -19 9 2 -1
-3 -5 16 0 -9 -1 0 0
-3 -5 16 0 -9 -2 0 0
-3 -5 16 0 -9 0 0 0
-3 -5 16 1 -11 -3 0 0
-3 -5 16 1 -12 -1 0 0
-3 -5 16 1 -12 -1 1 0
-3 -5 16 1 -12 -2 1 0
-3 -5 16 1 -12 0 0 0
-3 -5 16 1 -12 4 0 0
-3 -5 16 1 -13 -1 2 0
-3 -5 16 1 -13 0 0 0
-3 -5 16 1 -13 0 1 0
-3 -5 16 1 -13 0 2 0
-3 -5 16 1 -13 1 0 0
-3 -5 16 1 -13 1 1 0
-3 -5 16 1 -13 1 2 0
-3 -5 16 1 -13 2 0 0
-3 -5 16 1 -13 2 1 0
-3 -5 16 1 -14 -1 4 1
-3 -5 16 1 -14 0 3 0
-3 -5 16 1 -14 1 1 0
-3 -5 16 1 -14 1 2 0
-3 -5 16 1 -14 1 3 0
-3 -5 16 1 -14 2 0 0
-3 -5 16 1 -14 2 1 0
-3 -5 16 1 -14 2 2 0
-3 -5 16 1 -14 3 0 0
-3 -5 16 1 -14 3 1 0
-3 -5 16 1 -14 4 0 0
-3 -5 16 1 -14 5 0 0
-3 -5 16 1 -15 1 3 0
-3 -5 16 1 -15 1 4 0
-3 -5 16 1 -15 2 2 0
-3 -5 16 1 -15 2 3 0
-3 -5 16 1 -15 3 0 0
-3 -5 16 1 -15 3 1 0
-3 -5 16 1 -15 3 2 0
-3 -5 16 1 -15 4 0 0
-3 -5 16 1 -15 4 1 0
-3 -5 16 1 -15 5 0 0
-3 -5 16 1 -15 6 0 0
-3 -5 16 1 -16 2 4 -1
-3 -5 16 1 -16 2 4 0
-3 -5 16 1 -16 3 2 0
-3 -5 16 1 -16 3 3 0
-3 -5 16 1 -16 3 4 -1
-3 -5 16 1 -16 4 1 0
-3 -5 16 1 -16 4 2 0
-3 -5 16 1 -16 5 0 0
-3 -5 16 1 -16 5 1 0
-3 -5 16 1 -16 6 0 0
-3 -5 16 1 -16 8 -1 0
-3 -5 16 1 -17 2 5 0
-3 -5 16 1 -17 3 4 0
-3 -5 16 1 -17 3 5 -1
-3 -5 16 1 -17 4 3 0
-3 -5 16 1 -17 4 4 -1
-3 -5 16 1 -17 5 2 0
-3 -5 16 1 -17 5 3 -1
-3 -5 16 1 -17 6 0 0
-3 -5 16 1 -17 6 1 0
-3 -5 16 1 -17 7 0 0
-3 -5 16 1 -17 8 -1 0
-3 -5 16 1 -18 4 5 -1
-3 -5 16 1 -18 5 3 0
-3 -5 16 1 -18 5 4 -1
-3 -5 16 1 -18 6 2 0
-3 -5 16 1 -18 6 3 -1
-3 -5 16 1 -18 7 1 0
-3 -5 16 1 -18 8 0 0
-3 -5 16 1 -19 5 6 -2
-3 -5 16 1 -19 6 4 -1
-3 -5 16 1 -19 6 5 -2
-3 -5 16 1 -19 7 2 0
-3 -5 16 1 -19 7 3 -1
-3 -5 16 1 -20 6 7 -3
-3 -5 16 1 -20 7 5 -2
-3 -5 16 1 -21 7 8 -4
-3 -5 16 2 -15 -1 3 0
-3 -5 16 2 -15 -2 4 1
-3 -5 16 2 -16 -1 5 1
-3 -5 16 2 -16 0 4 0
-3 -5 16 2 -16 1 2 0
-3 -5 16 2 -16 1 3 0
-3 -5 16 2 -16 1 4 0
-3 -5 16 2 -16 2 1 0
-3 -5 16 2 -16 2 2 0
-3 -5 16 2 -16 2 3 0
-3 -5 16 2 -17 0 5 1
-3 -5 16 2 -17 1 4 0
-3 -5 16 2 -17 1 5 0
-3 -5 16 2 -17 2 3 0
-3 -5 16 2 -17 2 4 -1
-3 -5 16 2 -17 2 4 0
-3 -5 16 2 -17 2 5 -1
-3 -5 16 2 -17 3 2 0
-3 -5 16 2 -17 3 3 0
-3 -5 16 2 -17 3 4 -1
-3 -5 16 2 -17 4 0 0
-3 -5 16 2 -17 4 1 0
-3 -5 16 2 -17 4 2 0
-3 -5 16 2 -17 5 0 0
-3 -5 16 2 -17 5 1 0
-3 -5 16 2 -17 6 0 0
-3 -5 16 2 -18 1 6 0
-3 -5 16 2 -18 2 5 0
-3 -5 16 2 -18 3 4 -1
-3 -5 16 2 -18 3 4 0
-3 -5 16 2 -18 3 5 -1
-3 -5 16 2 -18 4 2 0
-3 -5 16 2 -18 4 3 0
-3 -5 16 2 -18 4 4 -1
-3 -5 16 2 -18 5 2 0
-3 -5 16 2 -18 5 3 -1
-3 -5 16 2 -19 3 5 0
-3 -5 16 2 -19 3 6 -1
-3 -5 16 2 -19 4 4 0
-3 -5 16 2 -19 4 5 -1
-3 -5 16 2 -19 4 6 -2
-3 -5 16 2 -20 4 7 -2
-3 -5 16 3 -18 0 5 1
-3 -5 16 3 -19 0 6 1
-3 -5 16 3 -19 1 6 -1
-3 -5 16 3 -19 1 6 0
-3 -5 16 4 -27 7 14 -7
-3 -5 17 -1 -17 4 4 0
-3 -5 17 -1 -17 5 3 0
-3 -5 17 -1 -18 6 4 -1
-3 -5 17 -1 -18 6 5 -2
-3 -5 17 -1 -18 7 2 0
-3 -5 17 -1 -18 7 3 -1
-3 -5 17 -1 -18 8 1 0
-3 -5 17 -1 -18 8 2 -1
-3 -5 17 -1 -18 9 0 0
-3 -5 17 -1 -19 10 0 0
-3 -5 17 -1 -19 10 1 -1
-3 -5 17 -1 -19 11 -1 0
-3 -5 17 -1 -19 12 -2 0
-3 -5 17 -1 -19 7 5 -2
-3 -5 17 -1 -19 8 3 -1
-3 -5 17 -1 -19 8 4 -2
-3 -5 17 -1 -19 9 1 0
-3 -5 17 -1 -19 9 2 -1
-3 -5 17 -1 -20 10 2 -1
-3 -5 17 -1 -20 11 0 0
-3 -5 17 -1 -20 11 1 -1
-3 -5 17 -1 -20 12 -1 0
-3 -5 17 -1 -20 13 -2 0
-3 -5 17 -1 -20 8 6 -3
-3 -5 17 -1 -20 9 4 -2
-3 -5 17 -1 -21 10 5 -3
-3 -5 17 -1 -21 11 3 -2
-3 -5 17 -1 -21 12 1 -1
-3 -5 17 -1 -21 13 -1 0
-3 -5 17 -1 -21 13 0 -1
-3 -5 17 -1 -21 14 -2 0
-3 -5 17 -1 -21 9 7 -4
-3 -5 17 -1 -22 12 4 -3
-3 -5 17 -1 -22 13 2 -2
-3 -5 17 -1 -22 14 0 -1
-3 -5 17 -1 -22 15 -2 0
-3 -5 17 -1 -23 15 1 -2
-3 -5 17 -10 -1 1 0 0
-3 -5 17 -10 -2 2 0 0
-3 -5 17 -10 0 0 0 0
-3 -5 17 -10 1 0 0 0
-3 -5 17 -11 0 1 0 0
-3 -5 17 -11 1 0 0 0
-3 -5 17 -11 2 0 0 0
-3 -5 17 -12 2 0 0 0
-3 -5 17 -13 3 0 0 0
-3 -5 17 -2 -13 2 2 0
-3 -5 17 -2 -13 2 3 0
-3 -5 17 -2 -14 3 3 0
-3 -5 17 -2 -14 4 1 0
-3 -5 17 -2 -14 4 2 0
-3 -5 17 -2 -14 4 3 -1
-3 -5 17 -2 -14 5 0 0
-3 -5 17 -2 -14 5 1 0
-3 -5 17 -2 -14 6 0 0
-3 -5 17 -2 -15 4 3 0
-3 -5 17 -2 -15 5 2 0
-3 -5 17 -2 -15 5 3 -1
-3 -5 17 -2 -15 6 1 0
-3 -5 17 -2 -15 7 0 0
-3 -5 17 -2 -15 8 -1 0
-3 -5 17 -2 -16 5 4 -1
-3 -5 17 -2 -16 6 2 0
-3 -5 17 -2 -16 6 3 -1
-3 -5 17 -2 -16 7 1 0
-3 -5 17 -2 -16 7 2 -1
-3 -5 17 -2 -16 8 0 0
-3 -5 17 -2 -16 9 -1 0
-3 -5 17 -2 -17 10 -1 0
-3 -5 17 -2 -17 7 3 -1
-3 -5 17 -2 -17 7 4 -2
-3 -5 17 -2 -17 8 1 0
-3 -5 17 -2 -17 8 2 -1
-3 -5 17 -2 -17 9 0 0
-3 -5 17 -2 -18 10 0 0
-3 -5 17 -2 -18 10 1 -1
-3 -5 17 -2 -18 11 -1 0
-3 -5 17 -2 -18 12 -2 0
-3 -5 17 -2 -18 8 4 -2
-3 -5 17 -2 -18 9 2 -1
-3 -5 17 -2 -19 10 3 -2
-3 -5 17 -2 -19 11 1 -1
-3 -5 17 -2 -19 12 -1 0
-3 -5 17 -2 -19 13 -2 0
-3 -5 17 -2 -19 9 5 -3
-3 -5 17 -2 -20 12 2 -2
-3 -5 17 -2 -20 13 0 -1
-3 -5 17 -2 -20 14 -2 0
-3 -5 17 -2 -20 15 -3 0
-3 -5 17 -2 -21 15 -1 -1
-3 -5 17 -2 -21 16 -3 0
-3 -5 17 -2 -22 18 -4 0
-3 -5 17 -3 -10 1 1 0
-3 -5 17 -3 -10 2 0 0
-3 -5 17 -3 -10 2 1 0
-3 -5 17 -3 -10 3 0 0
-3 -5 17 -3 -11 2 1 0
-3 -5 17 -3 -11 2 2 0
-3 -5 17 -3 -11 3 0 0
-3 -5 17 -3 -11 3 1 0
-3 -5 17 -3 -11 4 0 0
-3 -5 17 -3 -12 3 2 0
-3 -5 17 -3 -12 4 0 0
-3 -5 17 -3 -12 4 1 0
-3 -5 17 -3 -12 5 0 0
-3 -5 17 -3 -12 7 -1 0
-3 -5 17 -3 -13 3 3 0
-3 -5 17 -3 -13 4 2 0
-3 -5 17 -3 -13 5 1 0
-3 -5 17 -3 -13 6 0 0
-3 -5 17 -3 -14 5 2 0
-3 -5 17 -3 -14 5 3 -1
-3 -5 17 -3 -14 6 1 0
-3 -5 17 -3 -14 7 0 0
-3 -5 17 -3 -14 8 -1 0
-3 -5 17 -3 -15 6 3 -1
-3 -5 17 -3 -15 7 1 0
-3 -5 17 -3 -15 7 2 -1
-3 -5 17 -3 -15 8 0 0
-3 -5 17 -3 -15 9 -1 0
-3 -5 17 -3 -16 10 -1 0
-3 -5 17 -3 -16 11 -2 0
-3 -5 17 -3 -16 7 4 -2
-3 -5 17 -3 -16 8 2 -1
-3 -5 17 -3 -16 9 0 0
-3 -5 17 -3 -16 9 1 -1
-3 -5 17 -3 -17 10 1 -1
-3 -5 17 -3 -17 11 -1 0
-3 -5 17 -3 -17 12 -2 0
-3 -5 17 -3 -17 9 3 -2
-3 -5 17 -3 -18 12 0 -1
-3 -5 17 -3 -18 13 -2 0
-3 -5 17 -3 -19 14 -1 -1
-3 -5 17 -3 -19 15 -3 0
-3 -5 17 -3 -20 17 -4 0
-3 -5 17 -3 -22 22 -8 1
-3 -5 17 -3 -9 0 0 0
-3 -5 17 -4 -10 3 0 0
-3 -5 17 -4 -10 3 1 0
-3 -5 17 -4 -10 4 0 0
-3 -5 17 -4 -11 3 2 0
-3 -5 17 -4 -11 4 1 0
-3 -5 17 -4 -11 5 0 0
-3 -5 17 -4 -12 4 2 0
-3 -5 17 -4 -12 5 1 0
-3 -5 17 -4 -12 6 0 0
-3 -5 17 -4 -12 7 -1 0
-3 -5 17 -4 -13 6 1 0
-3 -5 17 -4 -13 6 2 -1
-3 -5 17 -4 -13 7 0 0
-3 -5 17 -4 -13 8 -1 0
-3 -5 17 -4 -14 7 2 -1
-3 -5 17 -4 -14 8 0 0
-3 -5 17 -4 -14 9 -1 0
-3 -5 17 -4 -15 10 -1 0
-3 -5 17 -4 -15 11 -2 0
-3 -5 17 -4 -15 8 3 -2
-3 -5 17 -4 -15 9 1 -1
-3 -5 17 -4 -16 11 0 -1
-3 -5 17 -4 -16 12 -2 0
-3 -5 17 -4 -17 14 -3 0
-3 -5 17 -4 -7 -1 0 0
-3 -5 17 -4 -7 0 0 0
-3 -5 17 -4 -7 1 0 0
-3 -5 17 -4 -7 2 0 0
-3 -5 17 -4 -8 1 0 0
-3 -5 17 -4 -8 2 0 0
-3 -5 17 -4 -8 3 0 0
-3 -5 17 -4 -9 1 1 0
-3 -5 17 -4 -9 2 0 0
-3 -5 17 -4 -9 2 1 0
-3 -5 17 -4 -9 3 0 0
-3 -5 17 -4 -9 4 0 0
-3 -5 17 -5 -10 3 2 0
-3 -5 17 -5 -10 4 1 0
-3 -5 17 -5 -10 5 0 0
-3 -5 17 -5 -11 5 1 0
-3 -5 17 -5 -11 6 0 0
-3 -5 17 -5 -11 7 -1 0
-3 -5 17 -5 -12 6 2 -1
-3 -5 17 -5 -12 7 0 0
-3 -5 17 -5 -12 8 -1 0
-3 -5 17 -5 -13 8 1 -1
-3 -5 17 -5 -13 9 -1 0
-3 -5 17 -5 -14 11 -2 0
-3 -5 17 -5 -15 13 -3 0
-3 -5 17 -5 -4 0 0 0
-3 -5 17 -5 -4 1 0 0
-3 -5 17 -5 -5 0 0 0
-3 -5 17 -5 -5 1 0 0
-3 -5 17 -5 -5 2 0 0
-3 -5 17 -5 -6 0 0 0
-3 -5 17 -5 -6 1 0 0
-3 -5 17 -5 -6 2 0 0
-3 -5 17 -5 -7 1 0 0
-3 -5 17 -5 -7 2 0 0
-3 -5 17 -5 -7 3 0 0
-3 -5 17 -5 -8 2 1 0
-3 -5 17 -5 -8 3 0 0
-3 -5 17 -5 -9 3 1 0
-3 -5 17 -5 -9 4 0 0
-3 -5 17 -5 -9 6 -1 0
-3 -5 17 -6 -1 0 0 0
-3 -5 17 -6 -10 6 0 0
-3 -5 17 -6 -10 7 -1 0
-3 -5 17 -6 -11 8 -1 0
-3 -5 17 -6 -12 10 -2 0
-3 -5 17 -6 -2 0 0 0
-3 -5 17 -6 -3 0 0 0
-3 -5 17 -6 -3 1 0 0
-3 -5 17 -6 -4 0 0 0
-3 -5 17 -6 -4 1 0 0
-3 -5 17 -6 -5 0 0 0
-3 -5 17 -6 -5 1 0 0
-3 -5 17 -6 -5 2 0 0
-3 -5 17 -6 -6 2 0 0
-3 -5 17 -6 -7 2 1 0
-3 -5 17 -6 -7 3 0 0
-3 -5 17 -6 -8 3 1 0
-3 -5 17 -6 -8 4 0 0
-3 -5 17 -6 -9 4 1 0
-3 -5 17 -6 -9 5 0 0
-3 -5 17 -6 0 0 0 0
-3 -5 17 -7 -1 0 0 0
-3 -5 17 -7 -2 0 0 0
-3 -5 17 -7 -2 1 0 0
-3 -5 17 -7 -3 0 0 0
-3 -5 17 -7 -3 1 0 0
-3 -5 17 -7 -4 1 0 0
-3 -5 17 -7 -4 2 0 0
-3 -5 17 -7 -5 2 0 0
-3 -5 17 -7 -6 3 0 0
-3 -5 17 -7 -7 3 1 0
-3 -5 17 -7 -7 4 0 0
-3 -5 17 -7 -8 5 0 0
-3 -5 17 -7 -8 6 -1 0
-3 -5 17 -7 -9 7 -1 0
-3 -5 17 -7 0 0 0 0
-3 -5 17 -8 -1 0 0 0
-3 -5 17 -8 -2 0 0 0
-3 -5 17 -8 -2 1 0 0
-3 -5 17 -8 -3 1 0 0
-3 -5 17 -8 -4 2 0 0
-3 -5 17 -8 -5 3 0 0
-3 -5 17 -8 -6 4 0 0
-3 -5 17 -8 -7 6 -1 0
-3 -5 17 -8 0 0 0 0
-3 -5 17 -8 1 0 0 0
-3 -5 17 -9 -1 0 0 0
-3 -5 17 -9 -1 1 0 0
-3 -5 17 -9 -2 1 0 0
-3 -5 17 -9 -3 2 0 0
-3 -5 17 -9 -4 3 0 0
-3 -5 17 -9 -5 5 -1 0
-3 -5 17 -9 0 0 0 0
-3 -5 17 -9 1 0 0 0
-3 -5 17 0 -21 7 7 -3
-3 -5 17 0 -22 10 4 -2
-3 -5 17 0 -22 11 2 -1
-3 -5 17 0 -22 11 3 -2
-3 -5 17 0 -22 12 0 0
-3 -5 17 0 -22 8 8 -4
-3 -5 17 0 -22 9 6 -3
-3 -5 17 0 -23 10 7 -4
-3 -5 17 0 -23 11 5 -3
-3 -5 17 0 -23 12 3 -2
-3 -5 17 0 -23 9 9 -5
-3 -5 17 0 -24 12 6 -4
-3 -5 17 1 -16 1 0 0
-3 -5 17 1 -21 5 7 -2
-3 -5 17 1 -21 9 0 0
-3 -5 17 1 -25 13 3 -2
-3 -5 17 1 -25 9 11 -6
-3 -5 17 3 -20 -1 5 1
-3 -5 17 5 -25 1 11 -2
-3 -5 18 -1 -23 13 0 0
-3 -5 18 -10 -1 0 0 0
-3 -5 18 -10 -1 1 0 0
-3 -5 18 -10 -2 1 0 0
-3 -5 18 -10 -3 2 0 0
-3 -5 18 -10 -4 3 0 0
-3 -5 18 -10 -5 4 0 0
-3 -5 18 -10 -6 6 -1 0
-3 -5 18 -10 0 0 0 0
-3 -5 18 -10 1 0 0 0
-3 -5 18 -11 -1 1 0 0
-3 -5 18 -11 -2 2 0 0
-3 -5 18 -11 -3 3 0 0
-3 -5 18 -11 -4 5 -1 0
-3 -5 18 -11 0 0 0 0
-3 -5 18 -11 1 0 0 0
-3 -5 18 -12 -1 2 0 0
-3 -5 18 -12 0 1 0 0
-3 -5 18 -12 1 0 0 0
-3 -5 18 -12 2 0 0 0
-3 -5 18 -13 1 1 0 0
-3 -5 18 -13 2 0 0 0
-3 -5 18 -14 3 0 0 0
-3 -5 18 -3 -10 1 0 0
-3 -5 18 -3 -25 23 -6 0
-3 -5 18 -4 -19 11 4 -3
-3 -5 18 -4 -20 14 1 -2
-3 -5 18 -4 -20 15 -1 -1
-3 -5 18 -4 -20 16 -3 0
-3 -5 18 -4 -21 17 -2 -1
-3 -5 18 -4 -21 18 -4 0
-3 -5 18 -4 -22 20 -5 0
-3 -5 18 -4 -24 25 -9 1
-3 -5 18 -5 -15 8 2 -1
-3 -5 18 -5 -15 9 0 0
-3 -5 18 -5 -16 10 1 -1
-3 -5 18 -5 -16 11 -1 0
-3 -5 18 -5 -16 12 -2 0
-3 -5 18 -5 -16 9 3 -2
-3 -5 18 -5 -17 11 2 -2
-3 -5 18 -5 -17 12 0 -1
-3 -5 18 -5 -17 13 -2 0
-3 -5 18 -5 -17 14 -3 0
-3 -5 18 -5 -18 14 -1 -1
-3 -5 18 -5 -18 15 -3 0
-3 -5 18 -5 -19 17 -4 0
-3 -5 18 -6 -11 4 2 0
-3 -5 18 -6 -11 5 1 0
-3 -5 18 -6 -11 6 0 0
-3 -5 18 -6 -12 6 1 0
-3 -5 18 -6 -12 6 2 -1
-3 -5 18 -6 -12 7 0 0
-3 -5 18 -6 -12 8 -1 0
-3 -5 18 -6 -13 7 2 -1
-3 -5 18 -6 -13 8 0 0
-3 -5 18 -6 -13 9 -1 0
-3 -5 18 -6 -14 10 -1 0
-3 -5 18 -6 -14 11 -2 0
-3 -5 18 -6 -14 9 1 -1
-3 -5 18 -6 -15 11 0 -1
-3 -5 18 -6 -15 12 -2 0
-3 -5 18 -6 -16 14 -3 0
-3 -5 18 -6 -17 16 -4 0
-3 -5 18 -7 -10 5 1 0
-3 -5 18 -7 -10 6 0 0
-3 -5 18 -7 -10 7 -1 0
-3 -5 18 -7 -11 7 0 0
-3 -5 18 -7 -11 8 -1 0
-3 -5 18 -7 -12 10 -2 0
-3 -5 18 -7 -12 8 1 -1
-3 -5 18 -7 -12 9 -1 0
-3 -5 18 -7 -13 10 0 -1
-3 -5 18 -7 -13 11 -2 0
-3 -5 18 -7 -14 13 -3 0
-3 -5 18 -7 -7 2 0 0
-3 -5 18 -7 -7 3 0 0
-3 -5 18 -7 -8 3 1 0
-3 -5 18 -7 -8 4 0 0
-3 -5 18 -7 -9 4 1 0
-3 -5 18 -7 -9 5 0 0
-3 -5 18 -8 -10 7 1 -1
-3 -5 18 -8 -10 8 -1 0
-3 -5 18 -8 -11 10 -2 0
-3 -5 18 -8 -3 0 0 0
-3 -5 18 -8 -4 0 0 0
-3 -5 18 -8 -4 1 0 0
-3 -5 18 -8 -4 2 0 0
-3 -5 18 -8 -5 2 0 0
-3 -5 18 -8 -6 3 0 0
-3 -5 18 -8 -7 3 1 0
-3 -5 18 -8 -7 4 0 0
-3 -5 18 -8 -8 4 1 0
-3 -5 18 -8 -8 5 0 0
-3 -5 18 -8 -8 6 -1 0
-3 -5 18 -8 -9 6 0 0
-3 -5 18 -8 -9 7 -1 0
-3 -5 18 -9 -1 0 0 0
-3 -5 18 -9 -2 0 0 0
-3 -5 18 -9 -2 1 0 0
-3 -5 18 -9 -3 1 0 0
-3 -5 18 -9 -4 2 0 0
-3 -5 18 -9 -5 3 0 0
-3 -5 18 -9 -6 3 1 0
-3 -5 18 -9 -6 4 0 0
-3 -5 18 -9 -7 5 0 0
-3 -5 18 -9 -7 6 -1 0
-3 -5 18 -9 -8 7 -1 0
-3 -5 18 -9 -9 9 -2 0
-3 -5 18 3 -26 3 10 -3
-3 -5 19 -1 -25 10 7 -3
-3 -5 19 -10 -10 10 -2 0
-3 -5 19 -10 -11 12 -3 0
-3 -5 19 -10 -8 6 0 0
-3 -5 19 -10 -9 7 1 -1
-3 -5 19 -10 -9 8 -1 0
-3 -5 19 -11 -4 3 0 0
-3 -5 19 -11 -5 4 0 0
-3 -5 19 -11 -6 5 0 0
-3 -5 19 -11 -6 6 -1 0
-3 -5 19 -11 -7 7 -1 0
-3 -5 19 -11 -8 9 -2 0
-3 -5 19 -11 0 0 0 0
-3 -5 19 -12 -1 1 0 0
-3 -5 19 -12 -2 2 0 0
-3 -5 19 -12 -3 3 0 0
-3 -5 19 -12 -4 4 0 0
-3 -5 19 -12 -4 5 -1 0
-3 -5 19 -12 -5 6 -1 0
-3 -5 19 -12 -6 8 -2 0
-3 -5 19 -12 0 0 0 0
-3 -5 19 -13 -1 2 0 0
-3 -5 19 -13 -2 3 0 0
-3 -5 19 -13 -3 5 -1 0
-3 -5 19 -13 0 1 0 0
-3 -5 19 -13 1 0 0 0
-3 -5 19 -13 2 0 0 0
-3 -5 19 -14 0 2 0 0
-3 -5 19 -14 1 1 0 0
-3 -5 19 -14 2 0 0 0
-3 -5 19 -14 3 0 0 0
-3 -5 19 -15 2 1 0 0
-3 -5 19 -15 3 0 0 0
-3 -5 19 -16 4 0 0 0
-3 -5 19 -3 -17 6 0 0
-3 -5 19 -5 -20 12 4 -3
-3 -5 19 -5 -25 26 -9 1
-3 -5 19 -9 -13 13 -3 0
-3 -5 19 -9 -14 15 -4 0
-3 -5 19 1 -28 10 5 -2
-3 -5 20 -1 -27 6 9 -2
-3 -5 20 -1 -32 18 4 -3
-3 -5 20 -1 -34 16 17 -11
-3 -5 20 -15 -1 3 0 0
-3 -5 20 -15 -2 5 -1 0
-3 -5 20 -16 0 4 -1 0
-3 -5 20 -16 1 2 0 0
-3 -5 20 -16 2 1 0 0
-3 -5 20 -16 3 0 0 0
-3 -5 20 -17 3 1 0 0
-3 -5 20 -17 4 0 0 0
-3 -5 20 -18 5 0 0 0
-3 -5 20 -5 -13 -2 0 0
-3 -5 20 -5 -30 32 -11 1
-3 -5 20 -7 -25 28 -10 1
-3 -5 21 -11 -17 17 -1 -2
-3 -5 21 -15 -1 1 0 0
-3 -5 21 -20 6 0 0 0
-3 -5 21 -21 8 -1 0 0
-3 -5 21 -3 -32 19 3 -2
-3 -5 21 -3 -36 25 8 -8
-3 -5 21 -7 -21 13 0 0
-3 -5 21 -7 -25 21 -1 -2
-3 -5 22 -5 -35 21 16 -12
-3 -5 22 -7 -36 39 -9 -2
-3 -5 22 -9 -21 13 3 -2
-3 -5 23 -13 -25 34 -13 1
-3 -5 23 -17 -12 20 -8 1
-3 -5 23 -9 -36 40 -8 -3
-3 -5 24 -19 -13 24 -10 1
-3 -5 25 -15 -36 57 -28 4
-3 -5 25 -19 -25 49 -29 6
-3 -5 25 -31 16 -3 0 0
-3 -5 26 -23 -12 23 -5 -2
-3 -5 30 -41 13 17 -16 4
-3 -5 5 -1 0 0 0 0
-3 -5 8 8 -7 -5 2 1
-3 -5 9 -2 0 0 0 0
-3 -5 9 -3 0 0 0 0
-3 -5 9 11 1 -1 0 0
-3 -5 9 3 -3 -1 0 0
-3 0 0 0 0 0 0 0
-3 0 3 0 0 0 0 0
-3 0 4 -1 0 0 0 0
-3 0 4 -2 0 0 0 0
-3 0 5 -2 -1 0 0 0
-3 0 5 -3 0 0 0 0
-3 0 6 -4 -1 1 0 0
-3 0 6 -5 1 0 0 0
-3 0 7 -6 0 1 0 0
-3 0 7 -7 2 0 0 0
-3 1 3 -2 0 0 0 0
-4 -1 14 -14 4 0 0 0
-4 -1 15 -13 2 0 0 0
-4 -1 15 -13 3 0 0 0
-4 -1 15 -14 1 2 0 0
-4 -1 15 -14 2 1 0 0
-4 -1 15 -14 3 0 0 0
-4 -1 15 -15 3 1 0 0
-4 -1 15 -15 4 0 0 0
-4 -1 15 -16 5 0 0 0
-4 -1 16 -13 -1 1 0 0
-4 -1 16 -13 -1 2 0 0
-4 -1 16 -13 0 0 0 0
-4 -1 16 -13 0 1 0 0
-4 -1 16 -13 1 0 0 0
-4 -1 16 -13 1 1 0 0
-4 -1 16 -13 2 0 0 0
-4 -1 16 -14 -1 3 0 0
-4 -1 16 -14 -2 4 0 0
-4 -1 16 -14 0 2 0 0
-4 -1 16 -14 1 0 0 0
-4 -1 16 -14 1 1 0 0
-4 -1 16 -14 2 0 0 0
-4 -1 16 -14 3 0 0 0
-4 -1 16 -15 -1 5 -1 0
-4 -1 16 -15 -2 7 -2 0
-4 -1 16 -15 0 3 0 0
-4 -1 16 -15 0 4 -1 0
-4 -1 16 -15 1 2 0 0
-4 -1 16 -15 2 1 0 0
-4 -1 16 -15 3 0 0 0
-4 -1 16 -16 1 4 -1 0
-4 -1 16 -16 2 2 0 0
-4 -1 16 -16 3 1 0 0
-4 -1 16 -16 4 0 0 0
-4 -1 16 -17 3 3 -1 0
-4 -1 16 -17 4 1 0 0
-4 -1 16 -17 5 0 0 0
-4 -1 16 -18 6 0 0 0
-4 -1 16 -19 8 -1 0 0
-4 -1 17 -14 -5 5 1 0
-4 -1 17 -14 -5 6 0 0
-4 -1 17 -15 -1 2 0 0
-4 -1 17 -15 -1 3 0 0
-4 -1 17 -15 -2 4 0 0
-4 -1 17 -15 -2 5 -1 0
-4 -1 17 -15 -3 5 0 0
-4 -1 17 -15 -3 6 -1 0
-4 -1 17 -15 -4 7 -1 0
-4 -1 17 -15 -4 8 -2 0
-4 -1 17 -15 -5 8 0 -1
-4 -1 17 -15 -5 9 -2 0
-4 -1 17 -16 -1 4 0 0
-4 -1 17 -16 -1 5 -1 0
-4 -1 17 -16 -2 6 -1 0
-4 -1 17 -16 -3 8 -2 0
-4 -1 17 -16 -4 10 -3 0
-4 -1 17 -16 -4 9 -1 -1
-4 -1 17 -16 -5 12 -4 0
-4 -1 17 -16 0 3 0 0
-4 -1 17 -16 1 2 0 0
-4 -1 17 -16 2 0 0 0
-4 -1 17 -16 2 1 0 0
-4 -1 17 -16 3 0 0 0
-4 -1 17 -17 -1 7 -2 0
-4 -1 17 -17 -2 9 -3 0
-4 -1 17 -17 0 5 -1 0
-4 -1 17 -17 1 3 0 0
-4 -1 17 -17 1 4 -1 0
-4 -1 17 -17 2 2 0 0
-4 -1 17 -17 3 1 0 0
-4 -1 17 -17 4 0 0 0
-4 -1 17 -18 1 6 -2 0
-4 -1 17 -18 2 4 -1 0
-4 -1 17 -18 3 2 0 0
-4 -1 17 -18 4 1 0 0
-4 -1 17 -18 5 0 0 0
-4 -1 17 -19 4 3 -1 0
-4 -1 17 -19 5 1 0 0
-4 -1 17 -19 6 0 0 0
-4 -1 17 -20 6 2 -1 0
-4 -1 17 -20 7 0 0 0
-4 -1 17 -20 8 -1 0 0
-4 -1 17 -21 9 -1 0 0
-4 -1 18 -17 -8 17 -6 0
-4 -1 18 -18 -3 10 -3 0
-4 -1 18 -18 -3 9 -1 -1
-4 -1 18 -18 -4 11 -2 -1
-4 -1 18 -18 -4 12 -4 0
-4 -1 18 -18 -5 14 -5 0
-4 -1 18 -18 -5 15 -7 1
-4 -1 18 -18 -6 17 -8 1
-4 -1 18 -19 -1 8 -1 -1
-4 -1 18 -19 -1 9 -3 0
-4 -1 18 -19 -2 11 -4 0
-4 -1 18 -19 -3 14 -7 1
-4 -1 18 -19 0 7 -2 0
-4 -1 18 -19 1 5 -1 0
-4 -1 18 -19 2 3 0 0
-4 -1 18 -20 1 8 -3 0
-4 -1 18 -20 2 6 -2 0
-4 -1 18 -20 3 4 -1 0
-4 -1 18 -20 4 2 0 0
-4 -1 18 -20 4 3 -1 0
-4 -1 18 -20 5 1 0 0
-4 -1 18 -20 6 0 0 0
-4 -1 18 -21 4 5 -2 0
-4 -1 18 -21 5 3 -1 0
-4 -1 18 -21 6 1 0 0
-4 -1 18 -21 7 0 0 0
-4 -1 18 -22 7 2 -1 0
-4 -1 18 -22 8 0 0 0
-4 -1 18 -22 9 -1 0 0
-4 -1 18 -23 10 -1 0 0
-4 -1 18 -24 12 -2 0 0
-4 -1 19 -23 3 10 -6 1
-4 -1 19 -23 4 7 -3 0
-4 -1 19 -24 7 4 -2 0
-4 -1 19 -24 8 2 -1 0
-4 -1 19 -24 9 0 0 0
-4 -1 19 -25 10 1 -1 0
-4 -1 19 -25 11 -1 0 0
-4 -1 19 -26 13 -2 0 0
-4 -1 20 -29 16 -3 0 0
-4 -2 11 5 -5 -2 0 0
-4 -2 11 7 0 0 0 0
-4 -2 12 -3 -5 2 0 0
-4 -2 12 -7 0 0 0 0
-4 -2 13 3 -6 1 0 0
-4 -2 13 5 -3 -1 0 0
-4 -2 14 -11 2 0 0 0
-4 -2 14 -12 3 0 0 0
-4 -2 14 -3 -7 -1 0 0
-4 -2 14 -5 -11 7 1 -1
-4 -2 14 -7 -2 1 0 0
-4 -2 15 -1 -12 4 0 0
-4 -2 15 -1 0 0 0 0
-4 -2 15 -10 0 0 0 0
-4 -2 15 -10 1 0 0 0
-4 -2 15 -11 -1 2 0 0
-4 -2 15 -11 0 1 0 0
-4 -2 15 -11 1 0 0 0
-4 -2 15 -11 2 0 0 0
-4 -2 15 -12 1 1 0 0
-4 -2 15 -12 2 0 0 0
-4 -2 15 -13 3 0 0 0
-4 -2 15 -9 0 0 0 0
-4 -2 15 1 -16 -2 4 1
-4 -2 15 1 -9 2 0 0
-4 -2 15 3 -18 -4 7 2
-4 -2 16 -1 -16 -2 4 1
-4 -2 16 -10 -1 0 0 0
-4 -2 16 -10 -1 1 0 0
-4 -2 16 -10 -2 1 0 0
-4 -2 16 -10 -3 2 0 0
-4 -2 16 -10 0 0 0 0
-4 -2 16 -10 1 0 0 0
-4 -2 16 -11 -1 1 0 0
-4 -2 16 -11 -2 2 0 0
-4 -2 16 -11 -3 3 0 0
-4 -2 16 -11 -4 4 0 0
-4 -2 16 -11 0 0 0 0
-4 -2 16 -11 0 1 0 0
-4 -2 16 -11 1 0 0 0
-4 -2 16 -11 2 0 0 0
-4 -2 16 -12 -1 2 0 0
-4 -2 16 -12 -2 3 0 0
-4 -2 16 -12 -3 5 -1 0
-4 -2 16 -12 0 1 0 0
-4 -2 16 -12 1 0 0 0
-4 -2 16 -12 2 0 0 0
-4 -2 16 -13 -1 4 -1 0
-4 -2 16 -13 0 2 0 0
-4 -2 16 -13 1 1 0 0
-4 -2 16 -13 2 0 0 0
-4 -2 16 -14 2 1 0 0
-4 -2 16 -14 3 0 0 0
-4 -2 16 -15 4 0 0 0
-4 -2 16 -3 -9 -2 0 0
-4 -2 16 -7 -12 8 0 0
-4 -2 16 -7 -13 8 3 -2
-4 -2 16 -7 -5 2 0 0
-4 -2 16 -7 0 0 0 0
-4 -2 16 -8 0 0 0 0
-4 -2 16 -8 1 0 0 0
-4 -2 16 -9 -1 0 0 0
-4 -2 16 -9 -2 0 0 0
-4 -2 16 -9 0 0 0 0
-4 -2 16 -9 1 0 0 0
-4 -2 16 1 -13 2 0 0
-4 -2 16 1 -16 -4 0 0
-4 -2 16 5 -21 -12 3 2
-4 -2 17 -1 -19 1 6 1
-4 -2 17 -10 -1 0 0 0
-4 -2 17 -10 -1 1 0 0
-4 -2 17 -10 -2 0 0 0
-4 -2 17 -10 -2 1 0 0
-4 -2 17 -10 -3 0 0 0
-4 -2 17 -10 -3 1 0 0
-4 -2 17 -10 -3 2 0 0
-4 -2 17 -10 -4 1 0 0
-4 -2 17 -10 -4 2 0 0
-4 -2 17 -10 -5 2 0 0
-4 -2 17 -10 -5 3 0 0
-4 -2 17 -10 -6 3 1 0
-4 -2 17 -10 -6 4 0 0
-4 -2 17 -10 0 0 0 0
-4 -2 17 -10 1 0 0 0
-4 -2 17 -11 -1 0 0 0
-4 -2 17 -11 -1 1 0 0
-4 -2 17 -11 -2 0 0 0
-4 -2 17 -11 -2 1 0 0
-4 -2 17 -11 -2 2 0 0
-4 -2 17 -11 -3 1 0 0
-4 -2 17 -11 -3 2 0 0
-4 -2 17 -11 -4 3 0 0
-4 -2 17 -11 -5 4 0 0
-4 -2 17 -11 -6 4 1 0
-4 -2 17 -11 -6 5 0 0
-4 -2 17 -11 -6 6 -1 0
-4 -2 17 -11 -7 6 0 0
-4 -2 17 -11 -8 7 1 -1
-4 -2 17 -11 0 0 0 0
-4 -2 17 -11 1 0 0 0
-4 -2 17 -12 -1 0 0 0
-4 -2 17 -12 -1 1 0 0
-4 -2 17 -12 -2 2 0 0
-4 -2 17 -12 -3 3 0 0
-4 -2 17 -12 -4 4 0 0
-4 -2 17 -12 -5 5 0 0
-4 -2 17 -12 -5 6 -1 0
-4 -2 17 -12 -6 7 -1 0
-4 -2 17 -12 -7 9 -2 0
-4 -2 17 -12 0 0 0 0
-4 -2 17 -12 0 1 0 0
-4 -2 17 -12 1 0 0 0
-4 -2 17 -12 2 0 0 0
-4 -2 17 -13 -1 2 0 0
-4 -2 17 -13 -2 3 0 0
-4 -2 17 -13 -3 4 0 0
-4 -2 17 -13 -3 5 -1 0
-4 -2 17 -13 -4 6 -1 0
-4 -2 17 -13 -5 8 -2 0
-4 -2 17 -13 0 1 0 0
-4 -2 17 -13 1 0 0 0
-4 -2 17 -13 2 0 0 0
-4 -2 17 -14 -1 3 0 0
-4 -2 17 -14 -2 5 -1 0
-4 -2 17 -14 0 2 0 0
-4 -2 17 -14 1 1 0 0
-4 -2 17 -14 2 0 0 0
-4 -2 17 -14 3 0 0 0
-4 -2 17 -15 0 4 -1 0
-4 -2 17 -15 1 2 0 0
-4 -2 17 -15 2 1 0 0
-4 -2 17 -15 3 0 0 0
-4 -2 17 -16 3 1 0 0
-4 -2 17 -16 4 0 0 0
-4 -2 17 -17 5 0 0 0
-4 -2 17 -3 -15 7 0 0
-4 -2 17 -5 -10 1 0 0
-4 -2 17 -6 0 0 0 0
-4 -2 17 -7 -1 0 0 0
-4 -2 17 -7 -2 0 0 0
-4 -2 17 -7 -7 -1 0 0
-4 -2 17 -7 0 0 0 0
-4 -2 17 -8 -1 0 0 0
-4 -2 17 -8 -2 0 0 0
-4 -2 17 -8 -2 1 0 0
-4 -2 17 -8 -3 0 0 0
-4 -2 17 -8 -3 1 0 0
-4 -2 17 -8 -4 0 0 0
-4 -2 17 -8 0 0 0 0
-4 -2 17 -9 -1 0 0 0
-4 -2 17 -9 -2 0 0 0
-4 -2 17 -9 -2 1 0 0
-4 -2 17 -9 -3 0 0 0
-4 -2 17 -9 -3 1 0 0
-4 -2 17 -9 -4 0 0 0
-4 -2 17 -9 -4 1 0 0
-4 -2 17 -9 -4 2 0 0
-4 -2 17 -9 -5 0 0 0
-4 -2 17 -9 -5 1 0 0
-4 -2 17 -9 -5 2 0 0
-4 -2 17 -9 -6 1 0 0
-4 -2 17 -9 0 0 0 0
-4 -2 17 -9 1 0 0 0
-4 -2 17 1 -21 -3 7 2
-4 -2 18 -1 -22 3 6 1
-4 -2 18 -10 -1 0 0 0
-4 -2 18 -10 -10 5 2 0
-4 -2 18 -10 -2 0 0 0
-4 -2 18 -10 -2 1 0 0
-4 -2 18 -10 -3 0 0 0
-4 -2 18 -10 -3 1 0 0
-4 -2 18 -10 -3 2 0 0
-4 -2 18 -10 -4 0 0 0
-4 -2 18 -10 -4 1 0 0
-4 -2 18 -10 -4 2 0 0
-4 -2 18 -10 -5 0 0 0
-4 -2 18 -10 -5 1 0 0
-4 -2 18 -10 -5 2 0 0
-4 -2 18 -10 -5 3 0 0
-4 -2 18 -10 -6 0 0 0
-4 -2 18 -10 -6 1 0 0
-4 -2 18 -10 -6 2 0 0
-4 -2 18 -10 -6 3 0 0
-4 -2 18 -10 -7 2 0 0
-4 -2 18 -10 -7 3 0 0
-4 -2 18 -10 -7 3 1 0
-4 -2 18 -10 -7 4 0 0
-4 -2 18 -10 -7 6 -1 0
-4 -2 18 -10 -8 3 0 0
-4 -2 18 -10 -8 3 1 0
-4 -2 18 -10 -8 4 0 0
-4 -2 18 -10 -8 4 1 0
-4 -2 18 -10 -8 5 0 0
-4 -2 18 -10 -9 4 1 0
-4 -2 18 -10 -9 5 0 0
-4 -2 18 -10 -9 5 1 0
-4 -2 18 -10 -9 6 0 0
-4 -2 18 -10 0 0 0 0
-4 -2 18 -10 1 0 0 0
-4 -2 18 -11 -1 0 0 0
-4 -2 18 -11 -1 1 0 0
-4 -2 18 -11 -10 8 0 0
-4 -2 18 -11 -10 8 1 -1
-4 -2 18 -11 -2 0 0 0
-4 -2 18 -11 -2 1 0 0
-4 -2 18 -11 -3 0 0 0
-4 -2 18 -11 -3 1 0 0
-4 -2 18 -11 -3 2 0 0
-4 -2 18 -11 -4 0 0 0
-4 -2 18 -11 -4 1 0 0
-4 -2 18 -11 -4 2 0 0
-4 -2 18 -11 -4 3 0 0
-4 -2 18 -11 -5 1 0 0
-4 -2 18 -11 -5 2 0 0
-4 -2 18 -11 -5 3 0 0
-4 -2 18 -11 -6 3 0 0
-4 -2 18 -11 -6 3 1 0
-4 -2 18 -11 -6 4 0 0
-4 -2 18 -11 -7 3 1 0
-4 -2 18 -11 -7 4 0 0
-4 -2 18 -11 -7 4 1 0
-4 -2 18 -11 -7 5 0 0
-4 -2 18 -11 -7 6 -1 0
-4 -2 18 -11 -8 5 1 0
-4 -2 18 -11 -8 6 0 0
-4 -2 18 -11 -8 7 -1 0
-4 -2 18 -11 -9 5 2 0
-4 -2 18 -11 -9 6 1 0
-4 -2 18 -11 -9 7 0 0
-4 -2 18 -11 -9 8 -1 0
-4 -2 18 -11 0 0 0 0
-4 -2 18 -11 1 0 0 0
-4 -2 18 -12 -1 0 0 0
-4 -2 18 -12 -1 1 0 0
-4 -2 18 -12 -10 10 0 -1
-4 -2 18 -12 -10 11 -2 0
-4 -2 18 -12 -11 11 1 -2
-4 -2 18 -12 -2 0 0 0
-4 -2 18 -12 -2 1 0 0
-4 -2 18 -12 -2 2 0 0
-4 -2 18 -12 -3 0 0 0
-4 -2 18 -12 -3 1 0 0
-4 -2 18 -12 -3 2 0 0
-4 -2 18 -12 -4 2 0 0
-4 -2 18 -12 -4 3 0 0
-4 -2 18 -12 -4 5 -1 0
-4 -2 18 -12 -5 3 0 0
-4 -2 18 -12 -5 4 0 0
-4 -2 18 -12 -6 4 1 0
-4 -2 18 -12 -6 5 0 0
-4 -2 18 -12 -6 6 -1 0
-4 -2 18 -12 -7 5 1 0
-4 -2 18 -12 -7 6 0 0
-4 -2 18 -12 -7 7 -1 0
-4 -2 18 -12 -8 7 0 0
-4 -2 18 -12 -8 8 -1 0
-4 -2 18 -12 -8 9 -2 0
-4 -2 18 -12 -9 10 -2 0
-4 -2 18 -12 -9 8 1 -1
-4 -2 18 -12 -9 9 -1 0
-4 -2 18 -12 0 0 0 0
-4 -2 18 -12 1 0 0 0
-4 -2 18 -12 2 0 0 0
-4 -2 18 -13 -1 0 0 0
-4 -2 18 -13 -1 1 0 0
-4 -2 18 -13 -10 14 -4 0
-4 -2 18 -13 -2 1 0 0
-4 -2 18 -13 -2 2 0 0
-4 -2 18 -13 -3 2 0 0
-4 -2 18 -13 -3 3 0 0
-4 -2 18 -13 -4 4 0 0
-4 -2 18 -13 -5 4 1 0
-4 -2 18 -13 -5 5 0 0
-4 -2 18 -13 -5 6 -1 0
-4 -2 18 -13 -6 6 0 0
-4 -2 18 -13 -6 7 -1 0
-4 -2 18 -13 -7 8 -1 0
-4 -2 18 -13 -7 9 -2 0
-4 -2 18 -13 -8 10 -2 0
-4 -2 18 -13 -8 9 0 -1
-4 -2 18 -13 -9 11 -1 -1
-4 -2 18 -13 -9 12 -3 0
-4 -2 18 -13 0 0 0 0
-4 -2 18 -13 0 1 0 0
-4 -2 18 -13 1 0 0 0
-4 -2 18 -13 2 0 0 0
-4 -2 18 -14 -1 2 0 0
-4 -2 18 -14 -2 3 0 0
-4 -2 18 -14 -3 4 0 0
-4 -2 18 -14 -3 5 -1 0
-4 -2 18 -14 -4 5 0 0
-4 -2 18 -14 -4 6 -1 0
-4 -2 18 -14 -5 7 -1 0
-4 -2 18 -14 -5 8 -2 0
-4 -2 18 -14 -6 8 0 -1
-4 -2 18 -14 -6 9 -2 0
-4 -2 18 -14 -7 11 -3 0
-4 -2 18 -14 -9 16 -7 1
-4 -2 18 -14 0 0 0 0
-4 -2 18 -14 0 1 0 0
-4 -2 18 -14 1 0 0 0
-4 -2 18 -14 1 1 0 0
-4 -2 18 -14 2 0 0 0
-4 -2 18 -15 -1 3 0 0
-4 -2 18 -15 -2 4 0 0
-4 -2 18 -15 -2 5 -1 0
-4 -2 18 -15 -3 6 -1 0
-4 -2 18 -15 -4 8 -2 0
-4 -2 18 -15 -5 10 -3 0
-4 -2 18 -15 0 2 0 0
-4 -2 18 -15 1 1 0 0
-4 -2 18 -15 2 0 0 0
-4 -2 18 -15 3 0 0 0
-4 -2 18 -16 -1 5 -1 0
-4 -2 18 -16 -2 7 -2 0
-4 -2 18 -16 0 3 0 0
-4 -2 18 -16 0 4 -1 0
-4 -2 18 -16 1 2 0 0
-4 -2 18 -16 2 1 0 0
-4 -2 18 -16 3 0 0 0
-4 -2 18 -16 4 0 0 0
-4 -2 18 -17 1 4 -1 0
-4 -2 18 -17 2 2 0 0
-4 -2 18 -17 3 1 0 0
-4 -2 18 -17 4 0 0 0
-4 -2 18 -18 3 3 -1 0
-4 -2 18 -18 4 1 0 0
-4 -2 18 -18 5 0 0 0
-4 -2 18 -19 6 0 0 0
-4 -2 18 -20 8 -1 0 0
-4 -2 18 -3 -22 5 7 -2
-4 -2 18 -7 -10 1 0 0
-4 -2 18 -7 -15 7 0 0
-4 -2 18 -7 -6 0 0 0
-4 -2 18 -7 -6 1 0 0
-4 -2 18 -7 -7 -1 0 0
-4 -2 18 -8 -3 0 0 0
-4 -2 18 -8 -4 0 0 0
-4 -2 18 -8 -4 1 0 0
-4 -2 18 -8 -5 0 0 0
-4 -2 18 -8 -5 1 0 0
-4 -2 18 -8 -5 2 0 0
-4 -2 18 -8 -6 0 0 0
-4 -2 18 -8 -6 1 0 0
-4 -2 18 -8 -6 2 0 0
-4 -2 18 -8 -6 3 0 0
-4 -2 18 -8 -7 0 0 0
-4 -2 18 -8 -7 1 0 0
-4 -2 18 -8 -7 2 0 0
-4 -2 18 -8 -8 -1 0 0
-4 -2 18 -8 -8 0 0 0
-4 -2 18 -9 -1 0 0 0
-4 -2 18 -9 -15 11 1 -1
-4 -2 18 -9 -2 0 0 0
-4 -2 18 -9 -2 1 0 0
-4 -2 18 -9 -3 0 0 0
-4 -2 18 -9 -3 1 0 0
-4 -2 18 -9 -4 0 0 0
-4 -2 18 -9 -4 1 0 0
-4 -2 18 -9 -4 2 0 0
-4 -2 18 -9 -5 0 0 0
-4 -2 18 -9 -5 1 0 0
-4 -2 18 -9 -5 2 0 0
-4 -2 18 -9 -6 0 0 0
-4 -2 18 -9 -6 1 0 0
-4 -2 18 -9 -6 2 0 0
-4 -2 18 -9 -6 3 0 0
-4 -2 18 -9 -7 0 0 0
-4 -2 18 -9 -7 1 0 0
-4 -2 18 -9 -7 2 0 0
-4 -2 18 -9 -7 3 0 0
-4 -2 18 -9 -7 4 0 0
-4 -2 18 -9 -8 1 0 0
-4 -2 18 -9 -8 2 0 0
-4 -2 18 -9 -8 2 1 0
-4 -2 18 -9 -8 3 0 0
-4 -2 18 -9 -8 3 1 0
-4 -2 18 -9 -8 4 0 0
-4 -2 18 -9 -9 2 0 0
-4 -2 18 -9 -9 2 1 0
-4 -2 18 -9 0 0 0 0
-4 -2 19 -10 -10 2 0 0
-4 -2 19 -10 -10 2 1 0
-4 -2 19 -10 -10 3 0 0
-4 -2 19 -10 -10 3 1 0
-4 -2 19 -10 -10 4 0 0
-4 -2 19 -10 -10 4 1 0
-4 -2 19 -10 -10 4 2 0
-4 -2 19 -10 -10 5 0 0
-4 -2 19 -10 -10 5 1 0
-4 -2 19 -10 -10 6 0 0
-4 -2 19 -10 -10 7 -1 0
-4 -2 19 -10 -11 3 1 0
-4 -2 19 -10 -11 4 0 0
-4 -2 19 -10 -11 4 1 0
-4 -2 19 -10 -11 4 2 0
-4 -2 19 -10 -11 5 0 0
-4 -2 19 -10 -11 5 1 0
-4 -2 19 -10 -11 5 2 0
-4 -2 19 -10 -11 6 0 0
-4 -2 19 -10 -11 6 1 0
-4 -2 19 -10 -11 7 0 0
-4 -2 19 -10 -11 8 -1 0
-4 -2 19 -10 -12 4 2 0
-4 -2 19 -10 -12 5 1 0
-4 -2 19 -10 -12 5 2 0
-4 -2 19 -10 -12 5 3 0
-4 -2 19 -10 -12 6 0 0
-4 -2 19 -10 -12 6 1 0
-4 -2 19 -10 -12 6 2 0
-4 -2 19 -10 -12 7 0 0
-4 -2 19 -10 -12 7 1 0
-4 -2 19 -10 -12 7 2 -1
-4 -2 19 -10 -12 8 0 0
-4 -2 19 -10 -13 5 3 0
-4 -2 19 -10 -13 6 2 0
-4 -2 19 -10 -13 6 3 0
-4 -2 19 -10 -13 7 2 -1
-4 -2 19 -10 -13 7 2 0
-4 -2 19 -10 -14 6 4 0
-4 -2 19 -10 -6 0 0 0
-4 -2 19 -10 -6 1 0 0
-4 -2 19 -10 -7 0 0 0
-4 -2 19 -10 -7 1 0 0
-4 -2 19 -10 -7 2 0 0
-4 -2 19 -10 -7 3 0 0
-4 -2 19 -10 -8 -1 0 0
-4 -2 19 -10 -8 0 0 0
-4 -2 19 -10 -8 1 0 0
-4 -2 19 -10 -8 2 0 0
-4 -2 19 -10 -8 3 0 0
-4 -2 19 -10 -8 3 1 0
-4 -2 19 -10 -8 4 0 0
-4 -2 19 -10 -8 5 0 0
-4 -2 19 -10 -9 1 0 0
-4 -2 19 -10 -9 2 0 0
-4 -2 19 -10 -9 2 1 0
-4 -2 19 -10 -9 3 0 0
-4 -2 19 -10 -9 3 1 0
-4 -2 19 -10 -9 4 0 0
-4 -2 19 -10 -9 4 1 0
-4 -2 19 -10 -9 5 0 0
-4 -2 19 -10 -9 7 -1 0
-4 -2 19 -11 -10 4 1 0
-4 -2 19 -11 -10 4 2 0
-4 -2 19 -11 -10 5 0 0
-4 -2 19 -11 -10 5 1 0
-4 -2 19 -11 -10 5 2 0
-4 -2 19 -11 -10 6 0 0
-4 -2 19 -11 -10 6 1 0
-4 -2 19 -11 -10 7 -1 0
-4 -2 19 -11 -10 7 0 0
-4 -2 19 -11 -10 8 -1 0
-4 -2 19 -11 -11 5 2 0
-4 -2 19 -11 -11 6 1 0
-4 -2 19 -11 -11 6 2 0
-4 -2 19 -11 -11 7 0 0
-4 -2 19 -11 -11 7 1 0
-4 -2 19 -11 -11 8 -1 0
-4 -2 19 -11 -11 8 0 0
-4 -2 19 -11 -11 9 -1 0
-4 -2 19 -11 -12 10 -1 0
-4 -2 19 -11 -12 11 -2 0
-4 -2 19 -11 -12 6 3 0
-4 -2 19 -11 -12 7 2 -1
-4 -2 19 -11 -12 7 2 0
-4 -2 19 -11 -12 8 0 0
-4 -2 19 -11 -12 8 1 0
-4 -2 19 -11 -12 8 2 -1
-4 -2 19 -11 -12 9 -1 0
-4 -2 19 -11 -12 9 0 0
-4 -2 19 -11 -12 9 1 -1
-4 -2 19 -11 -13 10 0 0
-4 -2 19 -11 -13 10 1 -1
-4 -2 19 -11 -13 8 2 0
-4 -2 19 -11 -13 8 3 -1
-4 -2 19 -11 -13 9 1 0
-4 -2 19 -11 -13 9 2 -1
-4 -2 19 -11 -14 10 3 -2
-4 -2 19 -11 -17 14 4 -4
-4 -2 19 -11 -3 0 0 0
-4 -2 19 -11 -4 0 0 0
-4 -2 19 -11 -4 1 0 0
-4 -2 19 -11 -4 2 0 0
-4 -2 19 -11 -5 0 0 0
-4 -2 19 -11 -5 1 0 0
-4 -2 19 -11 -5 2 0 0
-4 -2 19 -11 -5 3 0 0
-4 -2 19 -11 -6 0 0 0
-4 -2 19 -11 -6 1 0 0
-4 -2 19 -11 -6 2 0 0
-4 -2 19 -11 -6 3 0 0
-4 -2 19 -11 -6 4 0 0
-4 -2 19 -11 -7 0 0 0
-4 -2 19 -11 -7 1 0 0
-4 -2 19 -11 -7 2 0 0
-4 -2 19 -11 -7 3 0 0
-4 -2 19 -11 -7 3 1 0
-4 -2 19 -11 -7 4 0 0
-4 -2 19 -11 -7 6 -1 0
-4 -2 19 -11 -8 2 0 0
-4 -2 19 -11 -8 3 0 0
-4 -2 19 -11 -8 3 1 0
-4 -2 19 -11 -8 4 0 0
-4 -2 19 -11 -8 4 1 0
-4 -2 19 -11 -8 5 0 0
-4 -2 19 -11 -9 3 0 0
-4 -2 19 -11 -9 3 1 0
-4 -2 19 -11 -9 4 0 0
-4 -2 19 -11 -9 4 1 0
-4 -2 19 -11 -9 5 0 0
-4 -2 19 -11 -9 5 1 0
-4 -2 19 -11 -9 6 0 0
-4 -2 19 -11 -9 7 -1 0
-4 -2 19 -12 -1 0 0 0
-4 -2 19 -12 -1 1 0 0
-4 -2 19 -12 -10 10 -2 0
-4 -2 19 -12 -10 6 2 0
-4 -2 19 -12 -10 7 0 0
-4 -2 19 -12 -10 7 1 0
-4 -2 19 -12 -10 8 -1 0
-4 -2 19 -12 -10 8 0 0
-4 -2 19 -12 -10 8 1 -1
-4 -2 19 -12 -10 9 -1 0
-4 -2 19 -12 -11 10 -1 0
-4 -2 19 -12 -11 11 -2 0
-4 -2 19 -12 -11 8 1 0
-4 -2 19 -12 -11 8 2 -1
-4 -2 19 -12 -11 9 0 0
-4 -2 19 -12 -11 9 1 -1
-4 -2 19 -12 -12 10 0 0
-4 -2 19 -12 -12 10 1 -1
-4 -2 19 -12 -12 11 -1 0
-4 -2 19 -12 -12 11 0 -1
-4 -2 19 -12 -12 12 -2 0
-4 -2 19 -12 -12 13 -3 0
-4 -2 19 -12 -12 9 2 -1
-4 -2 19 -12 -13 11 1 -1
-4 -2 19 -12 -13 11 2 -2
-4 -2 19 -12 -13 12 -1 0
-4 -2 19 -12 -13 12 0 -1
-4 -2 19 -12 -13 13 -1 -1
-4 -2 19 -12 -13 13 -2 0
-4 -2 19 -12 -14 13 1 -2
-4 -2 19 -12 -2 0 0 0
-4 -2 19 -12 -2 1 0 0
-4 -2 19 -12 -3 0 0 0
-4 -2 19 -12 -3 1 0 0
-4 -2 19 -12 -3 2 0 0
-4 -2 19 -12 -4 0 0 0
-4 -2 19 -12 -4 1 0 0
-4 -2 19 -12 -4 2 0 0
-4 -2 19 -12 -4 3 0 0
-4 -2 19 -12 -5 0 0 0
-4 -2 19 -12 -5 1 0 0
-4 -2 19 -12 -5 2 0 0
-4 -2 19 -12 -5 3 0 0
-4 -2 19 -12 -6 1 0 0
-4 -2 19 -12 -6 2 0 0
-4 -2 19 -12 -6 3 0 0
-4 -2 19 -12 -6 4 0 0
-4 -2 19 -12 -6 6 -1 0
-4 -2 19 -12 -7 3 0 0
-4 -2 19 -12 -7 3 1 0
-4 -2 19 -12 -7 4 0 0
-4 -2 19 -12 -7 4 1 0
-4 -2 19 -12 -7 5 0 0
-4 -2 19 -12 -8 4 0 0
-4 -2 19 -12 -8 4 1 0
-4 -2 19 -12 -8 5 0 0
-4 -2 19 -12 -8 5 1 0
-4 -2 19 -12 -8 6 0 0
-4 -2 19 -12 -8 7 -1 0
-4 -2 19 -12 -9 5 1 0
-4 -2 19 -12 -9 5 2 0
-4 -2 19 -12 -9 6 0 0
-4 -2 19 -12 -9 6 1 0
-4 -2 19 -12 -9 7 -1 0
-4 -2 19 -12 -9 7 0 0
-4 -2 19 -12 -9 8 -1 0
-4 -2 19 -12 0 0 0 0
-4 -2 19 -13 -1 0 0 0
-4 -2 19 -13 -1 1 0 0
-4 -2 19 -13 -10 10 -1 0
-4 -2 19 -13 -10 10 0 -1
-4 -2 19 -13 -10 11 -2 0
-4 -2 19 -13 -10 9 0 0
-4 -2 19 -13 -10 9 1 -1
-4 -2 19 -13 -11 11 0 -1
-4 -2 19 -13 -11 12 -2 0
-4 -2 19 -13 -11 13 -3 0
-4 -2 19 -13 -12 12 1 -2
-4 -2 19 -13 -12 13 -1 -1
-4 -2 19 -13 -12 14 -3 0
-4 -2 19 -13 -12 15 -4 0
-4 -2 19 -13 -13 13 2 -3
-4 -2 19 -13 -13 14 0 -2
-4 -2 19 -13 -13 15 -2 -1
-4 -2 19 -13 -13 16 -4 0
-4 -2 19 -13 -14 16 -1 -2
-4 -2 19 -13 -2 0 0 0
-4 -2 19 -13 -2 1 0 0
-4 -2 19 -13 -2 2 0 0
-4 -2 19 -13 -3 0 0 0
-4 -2 19 -13 -3 1 0 0
-4 -2 19 -13 -3 2 0 0
-4 -2 19 -13 -4 1 0 0
-4 -2 19 -13 -4 2 0 0
-4 -2 19 -13 -4 3 0 0
-4 -2 19 -13 -5 2 0 0
-4 -2 19 -13 -5 3 0 0
-4 -2 19 -13 -5 4 0 0
-4 -2 19 -13 -6 4 0 0
-4 -2 19 -13 -6 4 1 0
-4 -2 19 -13 -6 5 0 0
-4 -2 19 -13 -6 6 -1 0
-4 -2 19 -13 -7 5 0 0
-4 -2 19 -13 -7 5 1 0
-4 -2 19 -13 -7 6 0 0
-4 -2 19 -13 -7 7 -1 0
-4 -2 19 -13 -8 6 1 0
-4 -2 19 -13 -8 7 -1 0
-4 -2 19 -13 -8 7 0 0
-4 -2 19 -13 -8 8 -1 0
-4 -2 19 -13 -9 10 -2 0
-4 -2 19 -13 -9 7 1 0
-4 -2 19 -13 -9 8 0 0
-4 -2 19 -13 -9 8 1 -1
-4 -2 19 -13 -9 9 -1 0
-4 -2 19 -13 0 0 0 0
-4 -2 19 -13 0 1 0 0
-4 -2 19 -13 1 0 0 0
-4 -2 19 -13 2 0 0 0
-4 -2 19 -14 -1 0 0 0
-4 -2 19 -14 -1 1 0 0
-4 -2 19 -14 -1 2 0 0
-4 -2 19 -14 -10 11 1 -2
-4 -2 19 -14 -10 12 -1 -1
-4 -2 19 -14 -10 13 -3 0
-4 -2 19 -14 -11 13 0 -2
-4 -2 19 -14 -11 14 -2 -1
-4 -2 19 -14 -11 15 -4 0
-4 -2 19 -14 -12 16 -3 -1
-4 -2 19 -14 -12 17 -5 0
-4 -2 19 -14 -13 19 -6 0
-4 -2 19 -14 -2 0 0 0
-4 -2 19 -14 -2 1 0 0
-4 -2 19 -14 -2 2 0 0
-4 -2 19 -14 -3 1 0 0
-4 -2 19 -14 -3 2 0 0
-4 -2 19 -14 -3 3 0 0
-4 -2 19 -14 -4 3 0 0
-4 -2 19 -14 -4 4 0 0
-4 -2 19 -14 -5 4 0 0
-4 -2 19 -14 -5 4 1 0
-4 -2 19 -14 -5 5 0 0
-4 -2 19 -14 -5 6 -1 0
-4 -2 19 -14 -6 5 1 0
-4 -2 19 -14 -6 6 0 0
-4 -2 19 -14 -6 7 -1 0
-4 -2 19 -14 -7 6 1 0
-4 -2 19 -14 -7 7 0 0
-4 -2 19 -14 -7 8 -1 0
-4 -2 19 -14 -7 9 -2 0
-4 -2 19 -14 -8 10 -2 0
-4 -2 19 -14 -8 8 1 -1
-4 -2 19 -14 -8 9 -1 0
-4 -2 19 -14 -9 10 0 -1
-4 -2 19 -14 -9 11 -2 0
-4 -2 19 -14 -9 12 -3 0
-4 -2 19 -14 0 0 0 0
-4 -2 19 -14 0 1 0 0
-4 -2 19 -14 1 0 0 0
-4 -2 19 -14 2 0 0 0
-4 -2 19 -15 -1 1 0 0
-4 -2 19 -15 -1 2 0 0
-4 -2 19 -15 -10 16 -5 0
-4 -2 19 -15 -11 19 -8 1
-4 -2 19 -15 -2 2 0 0
-4 -2 19 -15 -2 3 0 0
-4 -2 19 -15 -3 4 0 0
-4 -2 19 -15 -3 5 -1 0
-4 -2 19 -15 -4 4 1 0
-4 -2 19 -15 -4 5 0 0
-4 -2 19 -15 -4 6 -1 0
-4 -2 19 -15 -5 6 0 0
-4 -2 19 -15 -5 7 -1 0
-4 -2 19 -15 -6 8 -1 0
-4 -2 19 -15 -6 9 -2 0
-4 -2 19 -15 -7 10 -2 0
-4 -2 19 -15 -7 9 0 -1
-4 -2 19 -15 -8 11 -1 -1
-4 -2 19 -15 -8 12 -3 0
-4 -2 19 -15 -9 13 -2 -1
-4 -2 19 -15 -9 14 -4 0
-4 -2 19 -15 0 0 0 0
-4 -2 19 -15 0 1 0 0
-4 -2 19 -15 1 0 0 0
-4 -2 19 -15 1 1 0 0
-4 -2 19 -15 2 0 0 0
-4 -2 19 -15 3 0 0 0
-4 -2 19 -16 -1 3 0 0
-4 -2 19 -16 -2 4 0 0
-4 -2 19 -16 -2 5 -1 0
-4 -2 19 -16 -3 5 0 0
-4 -2 19 -16 -3 6 -1 0
-4 -2 19 -16 -4 7 -1 0
-4 -2 19 -16 -4 8 -2 0
-4 -2 19 -16 -5 8 0 -1
-4 -2 19 -16 -5 9 -2 0
-4 -2 19 -16 -6 10 -1 -1
-4 -2 19 -16 -6 11 -3 0
-4 -2 19 -16 -7 13 -4 0
-4 -2 19 -16 0 1 0 0
-4 -2 19 -16 0 2 0 0
-4 -2 19 -16 1 0 0 0
-4 -2 19 -16 1 1 0 0
-4 -2 19 -16 2 0 0 0
-4 -2 19 -16 3 0 0 0
-4 -2 19 -17 -1 4 0 0
-4 -2 19 -17 -1 5 -1 0
-4 -2 19 -17 -2 6 -1 0
-4 -2 19 -17 -3 8 -2 0
-4 -2 19 -17 -4 10 -3 0
-4 -2 19 -17 0 3 0 0
-4 -2 19 -17 1 2 0 0
-4 -2 19 -17 2 1 0 0
-4 -2 19 -17 3 0 0 0
-4 -2 19 -17 4 0 0 0
-4 -2 19 -18 -1 7 -2 0
-4 -2 19 -18 0 5 -1 0
-4 -2 19 -18 1 3 0 0
-4 -2 19 -18 1 4 -1 0
-4 -2 19 -18 2 2 0 0
-4 -2 19 -18 3 1 0 0
-4 -2 19 -18 4 0 0 0
-4 -2 19 -19 1 6 -2 0
-4 -2 19 -19 2 4 -1 0
-4 -2 19 -19 3 2 0 0
-4 -2 19 -19 4 1 0 0
-4 -2 19 -19 5 0 0 0
-4 -2 19 -20 4 3 -1 0
-4 -2 19 -20 5 1 0 0
-4 -2 19 -20 6 0 0 0
-4 -2 19 -21 7 0 0 0
-4 -2 19 -22 9 -1 0 0
-4 -2 19 -7 -18 6 3 -1
-4 -2 19 -7 -21 14 0 0
-4 -2 19 -8 -11 -2 0 0
-4 -2 19 -8 -12 0 0 0
-4 -2 19 -9 -10 -1 0 0
-4 -2 19 -9 -10 0 0 0
-4 -2 19 -9 -10 1 0 0
-4 -2 19 -9 -10 2 0 0
-4 -2 19 -9 -10 2 1 0
-4 -2 19 -9 -10 3 0 0
-4 -2 19 -9 -11 1 0 0
-4 -2 19 -9 -11 1 1 0
-4 -2 19 -9 -11 2 0 0
-4 -2 19 -9 -11 2 1 0
-4 -2 19 -9 -11 3 0 0
-4 -2 19 -9 -11 3 1 0
-4 -2 19 -9 -11 4 0 0
-4 -2 19 -9 -11 4 1 0
-4 -2 19 -9 -11 4 2 0
-4 -2 19 -9 -11 5 0 0
-4 -2 19 -9 -11 5 1 0
-4 -2 19 -9 -11 6 0 0
-4 -2 19 -9 -12 2 1 0
-4 -2 19 -9 -12 3 0 0
-4 -2 19 -9 -12 3 1 0
-4 -2 19 -9 -12 3 2 0
-4 -2 19 -9 -12 4 0 0
-4 -2 19 -9 -12 4 1 0
-4 -2 19 -9 -12 4 2 0
-4 -2 19 -9 -12 5 2 0
-4 -2 19 -9 -13 3 2 0
-4 -2 19 -9 -15 6 3 -1
-4 -2 19 -9 -22 20 -1 -2
-4 -2 19 -9 -9 -1 0 0
-4 -2 19 -9 -9 0 0 0
-4 -2 20 -10 -18 7 6 0
-4 -2 20 -11 -12 4 0 0
-4 -2 20 -11 -14 5 3 0
-4 -2 20 -11 -15 6 4 0
-4 -2 20 -11 -15 7 3 -1
-4 -2 20 -11 -15 7 3 0
-4 -2 20 -11 -15 7 4 0
-4 -2 20 -11 -15 8 1 0
-4 -2 20 -11 -15 8 2 -1
-4 -2 20 -11 -15 8 2 0
-4 -2 20 -11 -15 8 3 -1
-4 -2 20 -11 -15 8 3 0
-4 -2 20 -11 -15 9 -1 0
-4 -2 20 -11 -15 9 0 0
-4 -2 20 -11 -16 10 1 0
-4 -2 20 -11 -16 10 2 -1
-4 -2 20 -11 -16 10 2 0
-4 -2 20 -11 -16 10 3 -1
-4 -2 20 -11 -16 11 -1 0
-4 -2 20 -11 -16 11 0 0
-4 -2 20 -11 -16 11 1 -1
-4 -2 20 -11 -16 11 1 0
-4 -2 20 -11 -16 11 2 -1
-4 -2 20 -11 -16 11 3 -2
-4 -2 20 -11 -16 12 0 0
-4 -2 20 -11 -16 7 5 0
-4 -2 20 -11 -16 8 4 -1
-4 -2 20 -11 -16 8 4 0
-4 -2 20 -11 -16 9 2 0
-4 -2 20 -11 -16 9 3 -1
-4 -2 20 -11 -16 9 3 0
-4 -2 20 -11 -16 9 4 -1
-4 -2 20 -11 -17 10 3 0
-4 -2 20 -11 -17 10 4 -1
-4 -2 20 -11 -17 10 4 -2
-4 -2 20 -11 -17 11 2 -1
-4 -2 20 -11 -17 11 2 0
-4 -2 20 -11 -17 11 3 -1
-4 -2 20 -11 -17 11 3 -2
-4 -2 20 -11 -17 11 4 -2
-4 -2 20 -11 -17 12 3 -2
-4 -2 20 -11 -17 12 4 -3
-4 -2 20 -11 -17 9 5 -1
-4 -2 20 -11 -18 11 5 -2
-4 -2 20 -11 -20 16 4 -4
-4 -2 20 -12 -10 3 0 0
-4 -2 20 -12 -11 4 1 0
-4 -2 20 -12 -11 4 2 0
-4 -2 20 -12 -11 5 0 0
-4 -2 20 -12 -11 5 1 0
-4 -2 20 -12 -11 5 2 0
-4 -2 20 -12 -11 6 0 0
-4 -2 20 -12 -12 5 2 0
-4 -2 20 -12 -12 6 1 0
-4 -2 20 -12 -12 6 2 0
-4 -2 20 -12 -12 6 3 0
-4 -2 20 -12 -12 7 0 0
-4 -2 20 -12 -12 7 1 0
-4 -2 20 -12 -12 7 2 0
-4 -2 20 -12 -12 8 -1 0
-4 -2 20 -12 -12 8 0 0
-4 -2 20 -12 -12 8 1 0
-4 -2 20 -12 -12 8 2 -1
-4 -2 20 -12 -12 9 -1 0
-4 -2 20 -12 -12 9 0 0
-4 -2 20 -12 -13 10 -1 0
-4 -2 20 -12 -13 10 0 0
-4 -2 20 -12 -13 10 1 -1
-4 -2 20 -12 -13 11 -1 0
-4 -2 20 -12 -13 11 -2 0
-4 -2 20 -12 -13 12 -2 0
-4 -2 20 -12 -13 6 3 0
-4 -2 20 -12 -13 7 2 0
-4 -2 20 -12 -13 7 3 0
-4 -2 20 -12 -13 8 0 0
-4 -2 20 -12 -13 8 1 0
-4 -2 20 -12 -13 8 2 -1
-4 -2 20 -12 -13 8 2 0
-4 -2 20 -12 -13 9 -1 0
-4 -2 20 -12 -13 9 0 0
-4 -2 20 -12 -13 9 1 0
-4 -2 20 -12 -13 9 2 -1
-4 -2 20 -12 -14 10 0 0
-4 -2 20 -12 -14 10 1 -1
-4 -2 20 -12 -14 10 1 0
-4 -2 20 -12 -14 10 2 -1
-4 -2 20 -12 -14 11 -1 0
-4 -2 20 -12 -14 11 0 0
-4 -2 20 -12 -14 11 1 -1
-4 -2 20 -12 -14 12 -1 0
-4 -2 20 -12 -14 12 -2 0
-4 -2 20 -12 -14 12 0 -1
-4 -2 20 -12 -14 13 -2 0
-4 -2 20 -12 -14 14 -3 0
-4 -2 20 -12 -14 7 4 0
-4 -2 20 -12 -14 8 3 -1
-4 -2 20 -12 -14 8 3 0
-4 -2 20 -12 -14 9 1 0
-4 -2 20 -12 -14 9 2 -1
-4 -2 20 -12 -14 9 2 0
-4 -2 20 -12 -14 9 3 -1
-4 -2 20 -12 -15 10 2 0
-4 -2 20 -12 -15 10 3 -1
-4 -2 20 -12 -15 11 1 -1
-4 -2 20 -12 -15 11 1 0
-4 -2 20 -12 -15 11 2 -1
-4 -2 20 -12 -15 11 3 -2
-4 -2 20 -12 -15 12 -1 0
-4 -2 20 -12 -15 12 0 0
-4 -2 20 -12 -15 12 1 -1
-4 -2 20 -12 -15 12 2 -2
-4 -2 20 -12 -15 13 -1 0
-4 -2 20 -12 -15 13 -2 0
-4 -2 20 -12 -15 13 0 -1
-4 -2 20 -12 -15 14 -1 -1
-4 -2 20 -12 -15 14 -2 0
-4 -2 20 -12 -15 15 -3 0
-4 -2 20 -12 -15 9 4 -1
-4 -2 20 -12 -16 11 4 -2
-4 -2 20 -12 -16 12 1 0
-4 -2 20 -12 -16 12 2 -1
-4 -2 20 -12 -16 12 3 -2
-4 -2 20 -12 -16 13 0 0
-4 -2 20 -12 -16 13 1 -1
-4 -2 20 -12 -16 13 2 -2
-4 -2 20 -12 -16 14 -1 0
-4 -2 20 -12 -16 14 -2 0
-4 -2 20 -12 -16 14 0 -1
-4 -2 20 -12 -16 14 1 -2
-4 -2 20 -12 -16 15 -1 -1
-4 -2 20 -12 -16 15 -2 0
-4 -2 20 -12 -17 13 3 -2
-4 -2 20 -12 -17 13 4 -3
-4 -2 20 -12 -17 14 1 -1
-4 -2 20 -12 -17 14 2 -2
-4 -2 20 -12 -17 14 3 -3
-4 -2 20 -12 -17 15 1 -2
-4 -2 20 -12 -18 15 4 -4
-4 -2 20 -13 -10 10 -2 0
-4 -2 20 -13 -10 5 1 0
-4 -2 20 -13 -10 5 2 0
-4 -2 20 -13 -10 6 0 0
-4 -2 20 -13 -10 6 1 0
-4 -2 20 -13 -10 6 2 0
-4 -2 20 -13 -10 7 -1 0
-4 -2 20 -13 -10 7 0 0
-4 -2 20 -13 -10 7 1 0
-4 -2 20 -13 -10 8 -1 0
-4 -2 20 -13 -10 8 0 0
-4 -2 20 -13 -10 8 1 -1
-4 -2 20 -13 -10 9 -1 0
-4 -2 20 -13 -11 10 -1 0
-4 -2 20 -13 -11 11 -2 0
-4 -2 20 -13 -11 6 2 0
-4 -2 20 -13 -11 7 1 0
-4 -2 20 -13 -11 7 2 0
-4 -2 20 -13 -11 8 -1 0
-4 -2 20 -13 -11 8 0 0
-4 -2 20 -13 -11 8 1 0
-4 -2 20 -13 -11 9 -1 0
-4 -2 20 -13 -11 9 0 0
-4 -2 20 -13 -11 9 1 -1
-4 -2 20 -13 -12 10 -1 0
-4 -2 20 -13 -12 10 0 0
-4 -2 20 -13 -12 10 1 -1
-4 -2 20 -13 -12 11 -1 0
-4 -2 20 -13 -12 11 -2 0
-4 -2 20 -13 -12 11 0 -1
-4 -2 20 -13 -12 12 -2 0
-4 -2 20 -13 -12 13 -3 0
-4 -2 20 -13 -12 7 3 0
-4 -2 20 -13 -12 8 2 -1
-4 -2 20 -13 -12 8 2 0
-4 -2 20 -13 -12 9 0 0
-4 -2 20 -13 -12 9 1 -1
-4 -2 20 -13 -12 9 1 0
-4 -2 20 -13 -12 9 2 -1
-4 -2 20 -13 -13 10 1 0
-4 -2 20 -13 -13 10 2 -1
-4 -2 20 -13 -13 11 0 0
-4 -2 20 -13 -13 11 1 -1
-4 -2 20 -13 -13 11 2 -2
-4 -2 20 -13 -13 12 -1 0
-4 -2 20 -13 -13 12 -2 0
-4 -2 20 -13 -13 12 0 -1
-4 -2 20 -13 -13 13 -2 0
-4 -2 20 -13 -13 14 -3 0
-4 -2 20 -13 -13 9 3 -1
-4 -2 20 -13 -14 11 2 -1
-4 -2 20 -13 -14 11 3 -2
-4 -2 20 -13 -14 12 0 0
-4 -2 20 -13 -14 12 1 -1
-4 -2 20 -13 -14 12 2 -2
-4 -2 20 -13 -14 13 -1 0
-4 -2 20 -13 -14 13 0 -1
-4 -2 20 -13 -14 13 1 -2
-4 -2 20 -13 -14 14 -1 -1
-4 -2 20 -13 -14 14 -2 0
-4 -2 20 -13 -14 14 -3 0
-4 -2 20 -13 -14 15 -3 0
-4 -2 20 -13 -14 16 -4 0
-4 -2 20 -13 -15 13 2 -2
-4 -2 20 -13 -15 13 3 -3
-4 -2 20 -13 -15 14 -1 0
-4 -2 20 -13 -15 14 0 -1
-4 -2 20 -13 -15 14 1 -2
-4 -2 20 -13 -15 15 -1 -1
-4 -2 20 -13 -15 15 -2 0
-4 -2 20 -13 -15 16 -2 -1
-4 -2 20 -13 -15 16 -3 0
-4 -2 20 -13 -15 17 -4 0
-4 -2 20 -13 -16 15 1 -2
-4 -2 20 -13 -16 15 2 -3
-4 -2 20 -13 -16 16 -1 -1
-4 -2 20 -13 -16 16 0 -2
-4 -2 20 -13 -16 17 -2 -1
-4 -2 20 -13 -16 17 -3 0
-4 -2 20 -13 -16 18 -4 0
-4 -2 20 -13 -17 16 3 -4
-4 -2 20 -13 -17 17 1 -3
-4 -2 20 -13 -17 18 -1 -2
-4 -2 20 -13 -18 18 2 -4
-4 -2 20 -13 -6 0 0 0
-4 -2 20 -13 -7 1 0 0
-4 -2 20 -13 -7 2 0 0
-4 -2 20 -13 -7 3 0 0
-4 -2 20 -13 -8 3 0 0
-4 -2 20 -13 -8 3 1 0
-4 -2 20 -13 -8 4 0 0
-4 -2 20 -13 -8 4 1 0
-4 -2 20 -13 -8 5 0 0
-4 -2 20 -13 -8 5 1 0
-4 -2 20 -13 -8 6 0 0
-4 -2 20 -13 -9 4 0 0
-4 -2 20 -13 -9 4 1 0
-4 -2 20 -13 -9 5 0 0
-4 -2 20 -13 -9 5 1 0
-4 -2 20 -13 -9 5 2 0
-4 -2 20 -13 -9 6 0 0
-4 -2 20 -13 -9 6 1 0
-4 -2 20 -13 -9 7 -1 0
-4 -2 20 -13 -9 7 0 0
-4 -2 20 -13 -9 8 -1 0
-4 -2 20 -14 -10 10 -1 0
-4 -2 20 -14 -10 11 -2 0
-4 -2 20 -14 -10 7 2 0
-4 -2 20 -14 -10 8 1 0
-4 -2 20 -14 -10 9 -1 0
-4 -2 20 -14 -10 9 0 0
-4 -2 20 -14 -10 9 1 -1
-4 -2 20 -14 -11 10 0 0
-4 -2 20 -14 -11 10 1 -1
-4 -2 20 -14 -11 11 -1 0
-4 -2 20 -14 -11 11 -2 0
-4 -2 20 -14 -11 11 0 -1
-4 -2 20 -14 -11 12 -2 0
-4 -2 20 -14 -11 13 -3 0
-4 -2 20 -14 -11 9 1 0
-4 -2 20 -14 -11 9 2 -1
-4 -2 20 -14 -12 11 1 -1
-4 -2 20 -14 -12 11 2 -2
-4 -2 20 -14 -12 12 -1 0
-4 -2 20 -14 -12 12 0 -1
-4 -2 20 -14 -12 13 -1 -1
-4 -2 20 -14 -12 13 -2 0
-4 -2 20 -14 -12 14 -3 0
-4 -2 20 -14 -13 12 2 -2
-4 -2 20 -14 -13 13 0 -1
-4 -2 20 -14 -13 13 1 -2
-4 -2 20 -14 -13 14 -1 -1
-4 -2 20 -14 -13 14 -2 0
-4 -2 20 -14 -13 15 -3 0
-4 -2 20 -14 -13 16 -4 0
-4 -2 20 -14 -14 14 2 -3
-4 -2 20 -14 -14 15 0 -2
-4 -2 20 -14 -14 16 -2 -1
-4 -2 20 -14 -14 16 -3 0
-4 -2 20 -14 -14 17 -4 0
-4 -2 20 -14 -14 18 -5 0
-4 -2 20 -14 -15 16 1 -3
-4 -2 20 -14 -15 17 -1 -2
-4 -2 20 -14 -15 18 -3 -1
-4 -2 20 -14 -15 19 -5 0
-4 -2 20 -14 -16 18 0 -3
-4 -2 20 -14 -16 19 -2 -2
-4 -2 20 -14 -16 20 -4 -1
-4 -2 20 -14 -16 21 -6 0
-4 -2 20 -14 -17 21 -3 -2
-4 -2 20 -14 -3 0 0 0
-4 -2 20 -14 -4 0 0 0
-4 -2 20 -14 -4 1 0 0
-4 -2 20 -14 -4 2 0 0
-4 -2 20 -14 -4 3 0 0
-4 -2 20 -14 -5 1 0 0
-4 -2 20 -14 -5 2 0 0
-4 -2 20 -14 -5 3 0 0
-4 -2 20 -14 -5 4 0 0
-4 -2 20 -14 -6 2 0 0
-4 -2 20 -14 -6 3 0 0
-4 -2 20 -14 -6 4 0 0
-4 -2 20 -14 -6 4 1 0
-4 -2 20 -14 -6 5 0 0
-4 -2 20 -14 -6 6 -1 0
-4 -2 20 -14 -7 3 1 0
-4 -2 20 -14 -7 4 0 0
-4 -2 20 -14 -7 4 1 0
-4 -2 20 -14 -7 5 0 0
-4 -2 20 -14 -7 5 1 0
-4 -2 20 -14 -7 6 0 0
-4 -2 20 -14 -7 7 -1 0
-4 -2 20 -14 -8 5 0 0
-4 -2 20 -14 -8 5 1 0
-4 -2 20 -14 -8 6 0 0
-4 -2 20 -14 -8 6 1 0
-4 -2 20 -14 -8 7 -1 0
-4 -2 20 -14 -8 7 0 0
-4 -2 20 -14 -8 8 -1 0
-4 -2 20 -14 -9 10 -2 0
-4 -2 20 -14 -9 6 1 0
-4 -2 20 -14 -9 6 2 0
-4 -2 20 -14 -9 7 0 0
-4 -2 20 -14 -9 7 1 0
-4 -2 20 -14 -9 8 -1 0
-4 -2 20 -14 -9 8 0 0
-4 -2 20 -14 -9 8 1 -1
-4 -2 20 -14 -9 9 -1 0
-4 -2 20 -15 -1 0 0 0
-4 -2 20 -15 -1 1 0 0
-4 -2 20 -15 -1 2 0 0
-4 -2 20 -15 -10 10 1 -1
-4 -2 20 -15 -10 11 -1 0
-4 -2 20 -15 -10 11 0 -1
-4 -2 20 -15 -10 12 -1 -1
-4 -2 20 -15 -10 12 -2 0
-4 -2 20 -15 -10 13 -3 0
-4 -2 20 -15 -11 12 1 -2
-4 -2 20 -15 -11 13 -1 -1
-4 -2 20 -15 -11 13 -2 0
-4 -2 20 -15 -11 14 -3 0
-4 -2 20 -15 -11 15 -4 0
-4 -2 20 -15 -12 14 0 -2
-4 -2 20 -15 -12 15 -2 -1
-4 -2 20 -15 -12 16 -4 0
-4 -2 20 -15 -13 15 1 -3
-4 -2 20 -15 -13 16 -1 -2
-4 -2 20 -15 -13 17 -3 -1
-4 -2 20 -15 -13 18 -5 0
-4 -2 20 -15 -13 20 -8 1
-4 -2 20 -15 -14 18 -2 -2
-4 -2 20 -15 -14 19 -4 -1
-4 -2 20 -15 -14 20 -6 0
-4 -2 20 -15 -15 21 -5 -1
-4 -2 20 -15 -15 22 -7 0
-4 -2 20 -15 -15 23 -9 1
-4 -2 20 -15 -16 24 -8 0
-4 -2 20 -15 -2 0 0 0
-4 -2 20 -15 -2 1 0 0
-4 -2 20 -15 -2 2 0 0
-4 -2 20 -15 -3 0 0 0
-4 -2 20 -15 -3 1 0 0
-4 -2 20 -15 -3 2 0 0
-4 -2 20 -15 -3 3 0 0
-4 -2 20 -15 -3 5 -1 0
-4 -2 20 -15 -4 2 0 0
-4 -2 20 -15 -4 3 0 0
-4 -2 20 -15 -4 4 0 0
-4 -2 20 -15 -5 3 0 0
-4 -2 20 -15 -5 4 0 0
-4 -2 20 -15 -5 4 1 0
-4 -2 20 -15 -5 5 0 0
-4 -2 20 -15 -5 6 -1 0
-4 -2 20 -15 -6 4 1 0
-4 -2 20 -15 -6 5 0 0
-4 -2 20 -15 -6 5 1 0
-4 -2 20 -15 -6 6 -1 0
-4 -2 20 -15 -6 6 0 0
-4 -2 20 -15 -6 7 -1 0
-4 -2 20 -15 -7 6 0 0
-4 -2 20 -15 -7 6 1 0
-4 -2 20 -15 -7 7 -1 0
-4 -2 20 -15 -7 7 0 0
-4 -2 20 -15 -7 8 -1 0
-4 -2 20 -15 -7 9 -2 0
-4 -2 20 -15 -8 10 -2 0
-4 -2 20 -15 -8 6 2 0
-4 -2 20 -15 -8 7 1 0
-4 -2 20 -15 -8 8 0 0
-4 -2 20 -15 -8 9 -1 0
-4 -2 20 -15 -9 10 -1 0
-4 -2 20 -15 -9 10 0 -1
-4 -2 20 -15 -9 11 -2 0
-4 -2 20 -15 -9 12 -3 0
-4 -2 20 -15 -9 9 0 0
-4 -2 20 -15 -9 9 1 -1
-4 -2 20 -15 0 0 0 0
-4 -2 20 -16 -1 0 0 0
-4 -2 20 -16 -1 1 0 0
-4 -2 20 -16 -1 2 0 0
-4 -2 20 -16 -10 13 0 -2
-4 -2 20 -16 -10 14 -2 -1
-4 -2 20 -16 -10 15 -4 0
-4 -2 20 -16 -11 15 -1 -2
-4 -2 20 -16 -11 16 -3 -1
-4 -2 20 -16 -11 17 -5 0
-4 -2 20 -16 -12 18 -4 -1
-4 -2 20 -16 -12 19 -6 0
-4 -2 20 -16 -12 20 -8 1
-4 -2 20 -16 -13 21 -7 0
-4 -2 20 -16 -13 22 -9 1
-4 -2 20 -16 -14 24 -10 1
-4 -2 20 -16 -15 27 -13 2
-4 -2 20 -16 -2 1 0 0
-4 -2 20 -16 -2 2 0 0
-4 -2 20 -16 -2 3 0 0
-4 -2 20 -16 -3 3 0 0
-4 -2 20 -16 -3 4 0 0
-4 -2 20 -16 -4 4 0 0
-4 -2 20 -16 -4 5 0 0
-4 -2 20 -16 -4 6 -1 0
-4 -2 20 -16 -5 5 1 0
-4 -2 20 -16 -5 6 -1 0
-4 -2 20 -16 -5 6 0 0
-4 -2 20 -16 -5 7 -1 0
-4 -2 20 -16 -6 6 1 0
-4 -2 20 -16 -6 7 0 0
-4 -2 20 -16 -6 8 -1 0
-4 -2 20 -16 -6 9 -2 0
-4 -2 20 -16 -7 10 -2 0
-4 -2 20 -16 -7 8 0 0
-4 -2 20 -16 -7 9 -1 0
-4 -2 20 -16 -7 9 0 -1
-4 -2 20 -16 -8 10 0 -1
-4 -2 20 -16 -8 11 -2 0
-4 -2 20 -16 -8 12 -3 0
-4 -2 20 -16 -9 12 -1 -1
-4 -2 20 -16 -9 13 -3 0
-4 -2 20 -16 0 0 0 0
-4 -2 20 -16 0 1 0 0
-4 -2 20 -16 0 2 0 0
-4 -2 20 -16 1 0 0 0
-4 -2 20 -16 1 1 0 0
-4 -2 20 -16 2 0 0 0
-4 -2 20 -16 3 0 0 0
-4 -2 20 -17 -1 2 0 0
-4 -2 20 -17 -1 3 0 0
-4 -2 20 -17 -10 18 -6 0
-4 -2 20 -17 -10 19 -8 1
-4 -2 20 -17 -11 21 -9 1
-4 -2 20 -17 -2 3 0 0
-4 -2 20 -17 -2 4 0 0
-4 -2 20 -17 -2 5 -1 0
-4 -2 20 -17 -3 5 0 0
-4 -2 20 -17 -3 6 -1 0
-4 -2 20 -17 -4 5 1 0
-4 -2 20 -17 -4 6 0 0
-4 -2 20 -17 -4 7 -1 0
-4 -2 20 -17 -4 8 -2 0
-4 -2 20 -17 -5 8 -1 0
-4 -2 20 -17 -5 9 -2 0
-4 -2 20 -17 -6 10 -2 0
-4 -2 20 -17 -6 11 -3 0
-4 -2 20 -17 -6 9 0 -1
-4 -2 20 -17 -7 11 -1 -1
-4 -2 20 -17 -7 12 -3 0
-4 -2 20 -17 -8 12 0 -2
-4 -2 20 -17 -8 13 -2 -1
-4 -2 20 -17 -8 14 -4 0
-4 -2 20 -17 -9 15 -3 -1
-4 -2 20 -17 -9 16 -5 0
-4 -2 20 -17 0 0 0 0
-4 -2 20 -17 0 1 0 0
-4 -2 20 -17 0 2 0 0
-4 -2 20 -17 1 0 0 0
-4 -2 20 -17 1 1 0 0
-4 -2 20 -17 2 0 0 0
-4 -2 20 -17 2 1 0 0
-4 -2 20 -17 3 0 0 0
-4 -2 20 -18 -1 4 0 0
-4 -2 20 -18 -1 5 -1 0
-4 -2 20 -18 -2 5 0 0
-4 -2 20 -18 -2 6 -1 0
-4 -2 20 -18 -3 7 -1 0
-4 -2 20 -18 -3 8 -2 0
-4 -2 20 -18 -4 9 -2 0
-4 -2 20 -18 -5 10 -1 -1
-4 -2 20 -18 -5 11 -3 0
-4 -2 20 -18 -6 12 -2 -1
-4 -2 20 -18 -6 13 -4 0
-4 -2 20 -18 -7 15 -5 0
-4 -2 20 -18 -8 18 -8 1
-4 -2 20 -18 0 3 0 0
-4 -2 20 -18 1 1 0 0
-4 -2 20 -18 1 2 0 0
-4 -2 20 -18 2 0 0 0
-4 -2 20 -18 2 1 0 0
-4 -2 20 -18 3 0 0 0
-4 -2 20 -18 4 0 0 0
-4 -2 20 -19 -1 6 -1 0
-4 -2 20 -19 -1 7 -2 0
-4 -2 20 -19 -2 8 -2 0
-4 -2 20 -19 -3 10 -3 0
-4 -2 20 -19 -3 9 -1 -1
-4 -2 20 -19 -4 12 -4 0
-4 -2 20 -19 -5 15 -7 1
-4 -2 20 -19 0 4 0 0
-4 -2 20 -19 0 5 -1 0
-4 -2 20 -19 1 3 0 0
-4 -2 20 -19 1 4 -1 0
-4 -2 20 -19 2 2 0 0
-4 -2 20 -19 3 0 0 0
-4 -2 20 -19 3 1 0 0
-4 -2 20 -19 4 0 0 0
-4 -2 20 -19 5 0 0 0
-4 -2 20 -20 -1 9 -3 0
-4 -2 20 -20 0 7 -2 0
-4 -2 20 -20 1 5 -1 0
-4 -2 20 -20 2 3 0 0
-4 -2 20 -20 2 4 -1 0
-4 -2 20 -20 3 2 0 0
-4 -2 20 -20 4 1 0 0
-4 -2 20 -20 5 0 0 0
-4 -2 20 -21 2 6 -2 0
-4 -2 20 -21 3 4 -1 0
-4 -2 20 -21 4 2 0 0
-4 -2 20 -21 4 3 -1 0
-4 -2 20 -21 5 1 0 0
-4 -2 20 -21 6 0 0 0
-4 -2 20 -22 5 3 -1 0
-4 -2 20 -22 6 1 0 0
-4 -2 20 -22 7 0 0 0
-4 -2 20 -23 7 2 -1 0
-4 -2 20 -23 8 0 0 0
-4 -2 20 -23 9 -1 0 0
-4 -2 20 -24 10 -1 0 0
-4 -2 20 -25 12 -2 0 0
-4 -2 20 -7 -20 4 0 0
-4 -2 20 -7 -24 16 0 0
-4 -2 20 -7 -28 16 12 -8
-4 -2 21 -12 -17 13 0 0
-4 -2 21 -12 -20 14 4 -3
-4 -2 21 -13 -22 20 5 -6
-4 -2 21 -13 -23 21 6 -7
-4 -2 21 -14 -15 11 3 -2
-4 -2 21 -14 -17 14 4 -3
-4 -2 21 -14 -18 16 4 -4
-4 -2 21 -14 -18 17 1 -2
-4 -2 21 -14 -18 17 2 -3
-4 -2 21 -14 -18 17 3 -4
-4 -2 21 -14 -18 18 -1 -1
-4 -2 21 -14 -18 18 0 -2
-4 -2 21 -14 -18 18 1 -3
-4 -2 21 -14 -18 19 -3 0
-4 -2 21 -14 -19 18 3 -4
-4 -2 21 -14 -19 18 4 -5
-4 -2 21 -14 -19 19 1 -3
-4 -2 21 -14 -19 19 2 -4
-4 -2 21 -14 -19 20 -1 -2
-4 -2 21 -14 -19 20 0 -3
-4 -2 21 -14 -19 21 -2 -2
-4 -2 21 -14 -19 21 -3 -1
-4 -2 21 -14 -19 21 -4 0
-4 -2 21 -14 -19 22 -4 -1
-4 -2 21 -14 -19 22 -5 0
-4 -2 21 -14 -19 23 -6 0
-4 -2 21 -14 -20 19 5 -6
-4 -2 21 -14 -20 20 3 -5
-4 -2 21 -14 -20 21 1 -4
-4 -2 21 -14 -20 22 -1 -3
-4 -2 21 -14 -20 22 -2 -2
-4 -2 21 -14 -20 23 -3 -2
-4 -2 21 -14 -21 22 2 -5
-4 -2 21 -14 -21 23 0 -4
-4 -2 21 -14 -8 4 0 0
-4 -2 21 -15 -12 8 3 0
-4 -2 21 -15 -13 10 3 -1
-4 -2 21 -15 -13 11 1 0
-4 -2 21 -15 -13 11 2 -1
-4 -2 21 -15 -13 12 0 -1
-4 -2 21 -15 -13 12 0 0
-4 -2 21 -15 -14 12 3 -2
-4 -2 21 -15 -14 13 0 0
-4 -2 21 -15 -14 13 1 -1
-4 -2 21 -15 -14 13 2 -2
-4 -2 21 -15 -14 14 -1 0
-4 -2 21 -15 -14 14 0 -1
-4 -2 21 -15 -14 14 1 -2
-4 -2 21 -15 -14 15 -1 -1
-4 -2 21 -15 -14 15 -2 0
-4 -2 21 -15 -14 15 -3 0
-4 -2 21 -15 -14 16 -3 0
-4 -2 21 -15 -15 14 3 -3
-4 -2 21 -15 -15 15 0 -1
-4 -2 21 -15 -15 15 1 -2
-4 -2 21 -15 -15 15 2 -3
-4 -2 21 -15 -15 16 -1 -1
-4 -2 21 -15 -15 16 -2 0
-4 -2 21 -15 -15 16 0 -2
-4 -2 21 -15 -15 17 -2 -1
-4 -2 21 -15 -15 17 -3 0
-4 -2 21 -15 -15 18 -4 0
-4 -2 21 -15 -15 19 -5 0
-4 -2 21 -15 -16 16 2 -3
-4 -2 21 -15 -16 16 3 -4
-4 -2 21 -15 -16 17 0 -2
-4 -2 21 -15 -16 17 1 -3
-4 -2 21 -15 -16 18 -1 -2
-4 -2 21 -15 -16 18 -2 -1
-4 -2 21 -15 -16 18 -3 0
-4 -2 21 -15 -16 19 -3 -1
-4 -2 21 -15 -16 19 -4 0
-4 -2 21 -15 -16 20 -5 0
-4 -2 21 -15 -16 21 -6 0
-4 -2 21 -15 -17 18 2 -4
-4 -2 21 -15 -17 19 -1 -2
-4 -2 21 -15 -17 19 0 -3
-4 -2 21 -15 -17 20 -2 -2
-4 -2 21 -15 -17 20 -3 -1
-4 -2 21 -15 -17 21 -4 -1
-4 -2 21 -15 -17 21 -5 0
-4 -2 21 -15 -17 22 -6 0
-4 -2 21 -15 -17 24 -9 1
-4 -2 21 -15 -18 19 3 -5
-4 -2 21 -15 -18 20 1 -4
-4 -2 21 -15 -18 21 -1 -3
-4 -2 21 -15 -18 22 -3 -2
-4 -2 21 -15 -18 23 -5 -1
-4 -2 21 -15 -18 23 -6 0
-4 -2 21 -15 -18 24 -7 0
-4 -2 21 -15 -18 25 -9 1
-4 -2 21 -15 -19 23 -2 -3
-4 -2 21 -15 -19 24 -4 -2
-4 -2 21 -15 -19 25 -6 -1
-4 -2 21 -15 -19 26 -8 0
-4 -2 21 -15 -20 26 -5 -2
-4 -2 21 -15 -20 27 -7 -1
-4 -2 21 -16 -10 10 -1 0
-4 -2 21 -16 -10 10 0 0
-4 -2 21 -16 -10 10 1 -1
-4 -2 21 -16 -10 11 -1 0
-4 -2 21 -16 -10 11 -2 0
-4 -2 21 -16 -10 11 0 -1
-4 -2 21 -16 -10 12 -2 0
-4 -2 21 -16 -10 13 -3 0
-4 -2 21 -16 -10 8 2 0
-4 -2 21 -16 -10 9 1 -1
-4 -2 21 -16 -10 9 1 0
-4 -2 21 -16 -11 10 2 -1
-4 -2 21 -16 -11 11 0 0
-4 -2 21 -16 -11 11 1 -1
-4 -2 21 -16 -11 12 -1 0
-4 -2 21 -16 -11 12 0 -1
-4 -2 21 -16 -11 13 -1 -1
-4 -2 21 -16 -11 13 -2 0
-4 -2 21 -16 -11 14 -3 0
-4 -2 21 -16 -12 12 1 -1
-4 -2 21 -16 -12 12 2 -2
-4 -2 21 -16 -12 13 -1 0
-4 -2 21 -16 -12 13 0 -1
-4 -2 21 -16 -12 13 1 -2
-4 -2 21 -16 -12 14 -1 -1
-4 -2 21 -16 -12 14 -2 0
-4 -2 21 -16 -12 15 -2 -1
-4 -2 21 -16 -12 15 -3 0
-4 -2 21 -16 -12 16 -4 0
-4 -2 21 -16 -13 14 1 -2
-4 -2 21 -16 -13 14 2 -3
-4 -2 21 -16 -13 15 -1 -1
-4 -2 21 -16 -13 15 0 -2
-4 -2 21 -16 -13 16 -2 -1
-4 -2 21 -16 -13 16 -3 0
-4 -2 21 -16 -13 17 -4 0
-4 -2 21 -16 -13 18 -5 0
-4 -2 21 -16 -14 16 1 -3
-4 -2 21 -16 -14 17 -1 -2
-4 -2 21 -16 -14 17 -2 -1
-4 -2 21 -16 -14 18 -3 -1
-4 -2 21 -16 -14 18 -4 0
-4 -2 21 -16 -14 19 -5 0
-4 -2 21 -16 -15 17 2 -4
-4 -2 21 -16 -15 18 0 -3
-4 -2 21 -16 -15 19 -2 -2
-4 -2 21 -16 -15 20 -4 -1
-4 -2 21 -16 -15 20 -5 0
-4 -2 21 -16 -15 21 -6 0
-4 -2 21 -16 -15 23 -9 1
-4 -2 21 -16 -16 20 -1 -3
-4 -2 21 -16 -16 21 -3 -2
-4 -2 21 -16 -16 22 -5 -1
-4 -2 21 -16 -16 23 -7 0
-4 -2 21 -16 -16 24 -9 1
-4 -2 21 -16 -17 23 -4 -2
-4 -2 21 -16 -17 24 -6 -1
-4 -2 21 -16 -17 25 -8 0
-4 -2 21 -16 -17 26 -10 1
-4 -2 21 -16 -18 26 -7 -1
-4 -2 21 -16 -18 27 -9 0
-4 -2 21 -16 -18 28 -11 1
-4 -2 21 -16 -19 29 -10 0
-4 -2 21 -16 -5 1 0 0
-4 -2 21 -16 -8 6 0 0
-4 -2 21 -16 -9 7 1 0
-4 -2 21 -16 -9 7 2 0
-4 -2 21 -16 -9 8 0 0
-4 -2 21 -16 -9 8 1 0
-4 -2 21 -16 -9 9 -1 0
-4 -2 21 -16 -9 9 0 0
-4 -2 21 -17 -10 12 0 -1
-4 -2 21 -17 -10 12 1 -2
-4 -2 21 -17 -10 13 -1 -1
-4 -2 21 -17 -10 13 -2 0
-4 -2 21 -17 -10 14 -3 0
-4 -2 21 -17 -10 15 -4 0
-4 -2 21 -17 -11 14 -1 -1
-4 -2 21 -17 -11 14 0 -2
-4 -2 21 -17 -11 15 -2 -1
-4 -2 21 -17 -11 15 -3 0
-4 -2 21 -17 -11 16 -4 0
-4 -2 21 -17 -12 15 1 -3
-4 -2 21 -17 -12 16 -1 -2
-4 -2 21 -17 -12 17 -3 -1
-4 -2 21 -17 -12 18 -5 0
-4 -2 21 -17 -12 20 -8 1
-4 -2 21 -17 -13 17 0 -3
-4 -2 21 -17 -13 18 -2 -2
-4 -2 21 -17 -13 19 -4 -1
-4 -2 21 -17 -13 20 -6 0
-4 -2 21 -17 -14 20 -3 -2
-4 -2 21 -17 -14 21 -5 -1
-4 -2 21 -17 -14 22 -7 0
-4 -2 21 -17 -14 23 -9 1
-4 -2 21 -17 -15 23 -6 -1
-4 -2 21 -17 -15 24 -8 0
-4 -2 21 -17 -15 25 -10 1
-4 -2 21 -17 -16 26 -9 0
-4 -2 21 -17 -16 27 -11 1
-4 -2 21 -17 -17 29 -12 1
-4 -2 21 -17 -17 30 -14 2
-4 -2 21 -17 -18 32 -15 2
-4 -2 21 -17 -4 3 0 0
-4 -2 21 -17 -5 4 0 0
-4 -2 21 -17 -5 4 1 0
-4 -2 21 -17 -5 5 0 0
-4 -2 21 -17 -5 5 1 0
-4 -2 21 -17 -5 6 -1 0
-4 -2 21 -17 -5 6 0 0
-4 -2 21 -17 -6 5 1 0
-4 -2 21 -17 -6 6 0 0
-4 -2 21 -17 -6 6 1 0
-4 -2 21 -17 -6 7 -1 0
-4 -2 21 -17 -6 7 0 0
-4 -2 21 -17 -6 8 -1 0
-4 -2 21 -17 -6 9 -2 0
-4 -2 21 -17 -7 10 -2 0
-4 -2 21 -17 -7 7 0 0
-4 -2 21 -17 -7 7 1 0
-4 -2 21 -17 -7 8 -1 0
-4 -2 21 -17 -7 8 0 0
-4 -2 21 -17 -7 9 -1 0
-4 -2 21 -17 -8 10 -1 0
-4 -2 21 -17 -8 10 -2 0
-4 -2 21 -17 -8 10 0 -1
-4 -2 21 -17 -8 11 -2 0
-4 -2 21 -17 -8 12 -3 0
-4 -2 21 -17 -8 8 1 0
-4 -2 21 -17 -8 9 0 0
-4 -2 21 -17 -8 9 1 -1
-4 -2 21 -17 -9 10 0 0
-4 -2 21 -17 -9 10 1 -1
-4 -2 21 -17 -9 11 -1 0
-4 -2 21 -17 -9 11 0 -1
-4 -2 21 -17 -9 12 -1 -1
-4 -2 21 -17 -9 12 -2 0
-4 -2 21 -17 -9 13 -3 0
-4 -2 21 -18 -1 0 0 0
-4 -2 21 -18 -1 1 0 0
-4 -2 21 -18 -1 2 0 0
-4 -2 21 -18 -1 3 0 0
-4 -2 21 -18 -10 15 -1 -2
-4 -2 21 -18 -10 16 -3 -1
-4 -2 21 -18 -10 17 -5 0
-4 -2 21 -18 -11 17 -2 -2
-4 -2 21 -18 -11 18 -4 -1
-4 -2 21 -18 -11 19 -6 0
-4 -2 21 -18 -12 20 -5 -1
-4 -2 21 -18 -12 21 -7 0
-4 -2 21 -18 -12 22 -9 1
-4 -2 21 -18 -13 23 -8 0
-4 -2 21 -18 -13 24 -10 1
-4 -2 21 -18 -14 26 -11 1
-4 -2 21 -18 -14 27 -13 2
-4 -2 21 -18 -15 29 -14 2
-4 -2 21 -18 -16 32 -17 3
-4 -2 21 -18 -2 2 0 0
-4 -2 21 -18 -2 3 0 0
-4 -2 21 -18 -2 4 0 0
-4 -2 21 -18 -2 5 -1 0
-4 -2 21 -18 -3 4 0 0
-4 -2 21 -18 -3 5 0 0
-4 -2 21 -18 -3 6 -1 0
-4 -2 21 -18 -4 5 0 0
-4 -2 21 -18 -4 5 1 0
-4 -2 21 -18 -4 6 -1 0
-4 -2 21 -18 -4 6 0 0
-4 -2 21 -18 -4 7 -1 0
-4 -2 21 -18 -5 6 1 0
-4 -2 21 -18 -5 7 -1 0
-4 -2 21 -18 -5 7 0 0
-4 -2 21 -18 -5 8 -1 0
-4 -2 21 -18 -5 9 -2 0
-4 -2 21 -18 -6 10 -2 0
-4 -2 21 -18 -6 8 0 0
-4 -2 21 -18 -6 9 -1 0
-4 -2 21 -18 -6 9 0 -1
-4 -2 21 -18 -7 10 -1 0
-4 -2 21 -18 -7 10 0 -1
-4 -2 21 -18 -7 11 -2 0
-4 -2 21 -18 -7 12 -3 0
-4 -2 21 -18 -8 12 -1 -1
-4 -2 21 -18 -8 12 -2 0
-4 -2 21 -18 -8 13 -3 0
-4 -2 21 -18 -8 14 -4 0
-4 -2 21 -18 -9 13 0 -2
-4 -2 21 -18 -9 14 -2 -1
-4 -2 21 -18 -9 15 -4 0
-4 -2 21 -18 0 0 0 0
-4 -2 21 -19 -1 3 0 0
-4 -2 21 -19 -1 4 0 0
-4 -2 21 -19 -1 5 -1 0
-4 -2 21 -19 -10 20 -7 0
-4 -2 21 -19 -10 21 -9 1
-4 -2 21 -19 -11 23 -10 1
-4 -2 21 -19 -12 26 -13 2
-4 -2 21 -19 -2 4 0 0
-4 -2 21 -19 -2 5 0 0
-4 -2 21 -19 -2 6 -1 0
-4 -2 21 -19 -3 5 1 0
-4 -2 21 -19 -3 6 0 0
-4 -2 21 -19 -3 7 -1 0
-4 -2 21 -19 -3 8 -2 0
-4 -2 21 -19 -4 7 0 0
-4 -2 21 -19 -4 8 -1 0
-4 -2 21 -19 -4 9 -2 0
-4 -2 21 -19 -5 10 -2 0
-4 -2 21 -19 -5 11 -3 0
-4 -2 21 -19 -5 9 -1 0
-4 -2 21 -19 -5 9 0 -1
-4 -2 21 -19 -6 11 -1 -1
-4 -2 21 -19 -6 12 -3 0
-4 -2 21 -19 -7 12 0 -2
-4 -2 21 -19 -7 13 -2 -1
-4 -2 21 -19 -7 14 -4 0
-4 -2 21 -19 -8 14 -1 -2
-4 -2 21 -19 -8 15 -3 -1
-4 -2 21 -19 -8 16 -5 0
-4 -2 21 -19 -9 17 -4 -1
-4 -2 21 -19 -9 18 -6 0
-4 -2 21 -19 -9 19 -8 1
-4 -2 21 -19 0 1 0 0
-4 -2 21 -19 0 2 0 0
-4 -2 21 -19 0 3 0 0
-4 -2 21 -19 1 0 0 0
-4 -2 21 -19 1 1 0 0
-4 -2 21 -19 1 2 0 0
-4 -2 21 -19 2 0 0 0
-4 -2 21 -19 2 1 0 0
-4 -2 21 -19 3 0 0 0
-4 -2 21 -20 -1 5 0 0
-4 -2 21 -20 -1 6 -1 0
-4 -2 21 -20 -2 6 0 0
-4 -2 21 -20 -2 7 -1 0
-4 -2 21 -20 -2 8 -2 0
-4 -2 21 -20 -3 10 -3 0
-4 -2 21 -20 -3 9 -2 0
-4 -2 21 -20 -4 10 -1 -1
-4 -2 21 -20 -4 11 -3 0
-4 -2 21 -20 -5 12 -2 -1
-4 -2 21 -20 -5 13 -4 0
-4 -2 21 -20 -6 14 -3 -1
-4 -2 21 -20 -6 15 -5 0
-4 -2 21 -20 -7 17 -6 0
-4 -2 21 -20 -7 18 -8 1
-4 -2 21 -20 -8 20 -9 1
-4 -2 21 -20 -9 23 -12 2
-4 -2 21 -20 0 4 0 0
-4 -2 21 -20 0 5 -1 0
-4 -2 21 -20 1 2 0 0
-4 -2 21 -20 1 3 0 0
-4 -2 21 -20 2 1 0 0
-4 -2 21 -20 2 2 0 0
-4 -2 21 -20 3 0 0 0
-4 -2 21 -20 3 1 0 0
-4 -2 21 -20 4 0 0 0
-4 -2 21 -20 5 0 0 0
-4 -2 21 -21 -1 8 -2 0
-4 -2 21 -21 -2 10 -3 0
-4 -2 21 -21 -2 9 -1 -1
-4 -2 21 -21 -3 11 -2 -1
-4 -2 21 -21 -3 12 -4 0
-4 -2 21 -21 -4 14 -5 0
-4 -2 21 -21 -5 17 -8 1
-4 -2 21 -21 0 6 -1 0
-4 -2 21 -21 0 7 -2 0
-4 -2 21 -21 1 4 0 0
-4 -2 21 -21 1 5 -1 0
-4 -2 21 -21 2 3 0 0
-4 -2 21 -21 2 4 -1 0
-4 -2 21 -21 3 1 0 0
-4 -2 21 -21 3 2 0 0
-4 -2 21 -21 4 0 0 0
-4 -2 21 -21 4 1 0 0
-4 -2 21 -21 5 0 0 0
-4 -2 21 -22 -1 11 -4 0
-4 -2 21 -22 -2 14 -7 1
-4 -2 21 -22 0 9 -3 0
-4 -2 21 -22 1 7 -2 0
-4 -2 21 -22 2 5 -1 0
-4 -2 21 -22 3 3 0 0
-4 -2 21 -22 3 4 -1 0
-4 -2 21 -22 4 2 0 0
-4 -2 21 -22 5 1 0 0
-4 -2 21 -22 6 0 0 0
-4 -2 21 -23 2 8 -3 0
-4 -2 21 -23 3 6 -2 0
-4 -2 21 -23 4 4 -1 0
-4 -2 21 -23 5 2 0 0
-4 -2 21 -23 5 3 -1 0
-4 -2 21 -23 6 1 0 0
-4 -2 21 -23 7 0 0 0
-4 -2 21 -24 5 5 -2 0
-4 -2 21 -24 6 3 -1 0
-4 -2 21 -24 7 1 0 0
-4 -2 21 -24 8 0 0 0
-4 -2 21 -24 9 -1 0 0
-4 -2 21 -25 10 -1 0 0
-4 -2 21 -25 8 2 -1 0
-4 -2 21 -25 9 0 0 0
-4 -2 21 -26 11 -1 0 0
-4 -2 21 -27 13 -2 0 0
-4 -2 22 -11 -30 25 0 0
-4 -2 22 -13 -22 15 3 -2
-4 -2 22 -17 -13 14 1 -2
-4 -2 22 -17 -18 23 -2 -3
-4 -2 22 -17 -21 30 -7 -2
-4 -2 22 -17 -22 34 -12 0
-4 -2 22 -17 -22 35 -14 1
-4 -2 22 -18 -16 21 0 -4
-4 -2 22 -18 -16 22 -2 -3
-4 -2 22 -18 -17 25 -5 -2
-4 -2 22 -18 -17 26 -7 -1
-4 -2 22 -18 -17 27 -9 0
-4 -2 22 -18 -18 28 -8 -1
-4 -2 22 -18 -18 29 -10 0
-4 -2 22 -18 -18 30 -12 1
-4 -2 22 -18 -18 31 -14 2
-4 -2 22 -18 -19 31 -11 0
-4 -2 22 -18 -19 32 -13 1
-4 -2 22 -18 -19 33 -15 2
-4 -2 22 -18 -20 34 -14 1
-4 -2 22 -18 -20 35 -16 2
-4 -2 22 -18 -21 37 -17 2
-4 -2 22 -19 -11 15 0 -2
-4 -2 22 -19 -11 15 1 -3
-4 -2 22 -19 -12 17 0 -3
-4 -2 22 -19 -12 18 -2 -2
-4 -2 22 -19 -12 18 -3 -1
-4 -2 22 -19 -12 19 -4 -1
-4 -2 22 -19 -12 19 -5 0
-4 -2 22 -19 -12 20 -6 0
-4 -2 22 -19 -13 19 -1 -3
-4 -2 22 -19 -13 20 -3 -2
-4 -2 22 -19 -13 21 -5 -1
-4 -2 22 -19 -13 22 -7 0
-4 -2 22 -19 -13 23 -9 1
-4 -2 22 -19 -14 22 -4 -2
-4 -2 22 -19 -14 23 -6 -1
-4 -2 22 -19 -14 24 -8 0
-4 -2 22 -19 -14 25 -10 1
-4 -2 22 -19 -15 25 -7 -1
-4 -2 22 -19 -15 26 -9 0
-4 -2 22 -19 -15 27 -11 1
-4 -2 22 -19 -16 28 -10 0
-4 -2 22 -19 -16 29 -12 1
-4 -2 22 -19 -16 30 -14 2
-4 -2 22 -19 -17 31 -13 1
-4 -2 22 -19 -17 32 -15 2
-4 -2 22 -19 -18 34 -16 2
-4 -2 22 -19 -18 35 -18 3
-4 -2 22 -19 -19 37 -19 3
-4 -2 22 -19 -5 6 0 0
-4 -2 22 -20 -10 16 0 -3
-4 -2 22 -20 -10 17 -2 -2
-4 -2 22 -20 -10 18 -4 -1
-4 -2 22 -20 -10 19 -6 0
-4 -2 22 -20 -11 19 -3 -2
-4 -2 22 -20 -11 20 -5 -1
-4 -2 22 -20 -11 21 -7 0
-4 -2 22 -20 -11 22 -9 1
-4 -2 22 -20 -12 22 -6 -1
-4 -2 22 -20 -12 23 -8 0
-4 -2 22 -20 -12 24 -10 1
-4 -2 22 -20 -13 25 -9 0
-4 -2 22 -20 -13 26 -11 1
-4 -2 22 -20 -13 27 -13 2
-4 -2 22 -20 -14 28 -12 1
-4 -2 22 -20 -14 29 -14 2
-4 -2 22 -20 -15 31 -15 2
-4 -2 22 -20 -16 34 -18 3
-4 -2 22 -20 -17 37 -21 4
-4 -2 22 -20 -6 9 0 0
-4 -2 22 -20 -7 11 0 -1
-4 -2 22 -20 -7 12 -1 -1
-4 -2 22 -20 -7 12 -2 0
-4 -2 22 -20 -7 13 -3 0
-4 -2 22 -20 -8 13 -1 -1
-4 -2 22 -20 -8 13 0 -2
-4 -2 22 -20 -8 14 -2 -1
-4 -2 22 -20 -8 14 -3 0
-4 -2 22 -20 -8 15 -4 0
-4 -2 22 -20 -9 15 -1 -2
-4 -2 22 -20 -9 16 -3 -1
-4 -2 22 -20 -9 16 -4 0
-4 -2 22 -20 -9 17 -5 0
-4 -2 22 -20 -9 19 -8 1
-4 -2 22 -21 -10 22 -8 0
-4 -2 22 -21 -10 23 -10 1
-4 -2 22 -21 -11 25 -11 1
-4 -2 22 -21 -11 26 -13 2
-4 -2 22 -21 -12 28 -14 2
-4 -2 22 -21 -13 31 -17 3
-4 -2 22 -21 -2 6 -1 0
-4 -2 22 -21 -2 6 0 0
-4 -2 22 -21 -3 6 1 0
-4 -2 22 -21 -3 7 0 0
-4 -2 22 -21 -3 8 -1 0
-4 -2 22 -21 -3 9 -2 0
-4 -2 22 -21 -4 10 -2 0
-4 -2 22 -21 -4 11 -3 0
-4 -2 22 -21 -4 9 -1 0
-4 -2 22 -21 -5 10 0 -1
-4 -2 22 -21 -5 11 -1 -1
-4 -2 22 -21 -5 11 -2 0
-4 -2 22 -21 -5 12 -3 0
-4 -2 22 -21 -5 13 -4 0
-4 -2 22 -21 -6 13 -2 -1
-4 -2 22 -21 -6 13 -3 0
-4 -2 22 -21 -6 14 -4 0
-4 -2 22 -21 -7 14 -1 -2
-4 -2 22 -21 -7 15 -3 -1
-4 -2 22 -21 -7 16 -5 0
-4 -2 22 -21 -8 16 -2 -2
-4 -2 22 -21 -8 17 -4 -1
-4 -2 22 -21 -8 18 -6 0
-4 -2 22 -21 -8 19 -8 1
-4 -2 22 -21 -9 19 -5 -1
-4 -2 22 -21 -9 20 -7 0
-4 -2 22 -21 -9 21 -9 1
-4 -2 22 -22 -1 6 0 0
-4 -2 22 -22 -1 7 -1 0
-4 -2 22 -22 -1 8 -2 0
-4 -2 22 -22 -10 28 -16 3
-4 -2 22 -22 -2 10 -3 0
-4 -2 22 -22 -2 8 -1 0
-4 -2 22 -22 -2 9 -2 0
-4 -2 22 -22 -3 10 -1 -1
-4 -2 22 -22 -3 11 -3 0
-4 -2 22 -22 -4 12 -2 -1
-4 -2 22 -22 -4 13 -4 0
-4 -2 22 -22 -4 15 -7 1
-4 -2 22 -22 -5 13 -1 -2
-4 -2 22 -22 -5 14 -3 -1
-4 -2 22 -22 -5 15 -5 0
-4 -2 22 -22 -6 16 -4 -1
-4 -2 22 -22 -6 17 -6 0
-4 -2 22 -22 -6 18 -8 1
-4 -2 22 -22 -7 19 -7 0
-4 -2 22 -22 -7 20 -9 1
-4 -2 22 -22 -8 22 -10 1
-4 -2 22 -22 -9 25 -13 2
-4 -2 22 -22 0 5 0 0
-4 -2 22 -22 0 6 -1 0
-4 -2 22 -22 0 7 -2 0
-4 -2 22 -22 1 3 0 0
-4 -2 22 -22 1 4 0 0
-4 -2 22 -22 1 5 -1 0
-4 -2 22 -22 2 2 0 0
-4 -2 22 -22 2 3 0 0
-4 -2 22 -22 3 0 0 0
-4 -2 22 -23 -1 10 -3 0
-4 -2 22 -23 -1 9 -1 -1
-4 -2 22 -23 -2 11 -2 -1
-4 -2 22 -23 -2 12 -4 0
-4 -2 22 -23 -3 13 -3 -1
-4 -2 22 -23 -3 14 -5 0
-4 -2 22 -23 -4 16 -6 0
-4 -2 22 -23 -4 17 -8 1
-4 -2 22 -23 -5 19 -9 1
-4 -2 22 -23 -6 22 -12 2
-4 -2 22 -23 0 8 -2 0
-4 -2 22 -23 1 5 0 0
-4 -2 22 -23 1 6 -1 0
-4 -2 22 -23 1 7 -2 0
-4 -2 22 -23 2 4 0 0
-4 -2 22 -23 2 5 -1 0
-4 -2 22 -23 3 3 0 0
-4 -2 22 -23 3 4 -1 0
-4 -2 22 -23 4 1 0 0
-4 -2 22 -23 4 2 0 0
-4 -2 22 -23 5 0 0 0
-4 -2 22 -23 5 1 0 0
-4 -2 22 -23 6 0 0 0
-4 -2 22 -24 -1 13 -5 0
-4 -2 22 -24 -1 14 -7 1
-4 -2 22 -24 -2 16 -8 1
-4 -2 22 -24 0 10 -2 -1
-4 -2 22 -24 0 11 -4 0
-4 -2 22 -24 1 9 -3 0
-4 -2 22 -24 2 7 -2 0
-4 -2 22 -24 3 5 -1 0
-4 -2 22 -24 3 6 -2 0
-4 -2 22 -24 4 3 0 0
-4 -2 22 -24 4 4 -1 0
-4 -2 22 -24 5 2 0 0
-4 -2 22 -24 5 3 -1 0
-4 -2 22 -24 6 0 0 0
-4 -2 22 -24 6 1 0 0
-4 -2 22 -24 7 0 0 0
-4 -2 22 -24 9 -1 0 0
-4 -2 22 -25 1 13 -7 1
-4 -2 22 -25 2 10 -4 0
-4 -2 22 -25 3 8 -3 0
-4 -2 22 -25 4 6 -2 0
-4 -2 22 -25 5 4 -1 0
-4 -2 22 -25 6 2 0 0
-4 -2 22 -25 6 3 -1 0
-4 -2 22 -25 7 1 0 0
-4 -2 22 -25 8 0 0 0
-4 -2 22 -25 9 -1 0 0
-4 -2 22 -26 10 -1 0 0
-4 -2 22 -26 4 10 -6 1
-4 -2 22 -26 5 7 -3 0
-4 -2 22 -26 6 5 -2 0
-4 -2 22 -26 7 3 -1 0
-4 -2 22 -26 8 1 0 0
-4 -2 22 -26 8 2 -1 0
-4 -2 22 -26 9 0 0 0
-4 -2 22 -27 10 0 0 0
-4 -2 22 -27 11 -1 0 0
-4 -2 22 -27 8 4 -2 0
-4 -2 22 -27 9 2 -1 0
-4 -2 22 -28 11 1 -1 0
-4 -2 22 -28 12 -1 0 0
-4 -2 22 -28 13 -2 0 0
-4 -2 22 -29 14 -2 0 0
-4 -2 22 -30 16 -3 0 0
-4 -2 23 -14 -29 24 5 -2
-4 -2 23 -16 -23 22 0 0
-4 -2 23 -18 -19 28 -10 1
-4 -2 23 -20 -16 25 -5 -2
-4 -2 23 -21 -22 48 -29 6
-4 -2 23 -22 -11 20 -2 -3
-4 -2 23 -22 -16 36 -19 3
-4 -2 23 -22 -17 39 -22 4
-4 -2 23 -22 -18 42 -25 5
-4 -2 23 -23 -10 24 -9 0
-4 -2 23 -23 -11 27 -12 1
-4 -2 23 -23 -11 28 -14 2
-4 -2 23 -23 -12 30 -15 2
-4 -2 23 -23 -12 31 -17 3
-4 -2 23 -23 -13 33 -18 3
-4 -2 23 -23 -14 36 -21 4
-4 -2 23 -24 -10 30 -17 3
-4 -2 23 -24 -11 33 -20 4
-4 -2 23 -24 -4 13 -1 -2
-4 -2 23 -24 -5 15 -2 -2
-4 -2 23 -24 -5 16 -4 -1
-4 -2 23 -24 -5 17 -6 0
-4 -2 23 -24 -6 18 -5 -1
-4 -2 23 -24 -6 19 -7 0
-4 -2 23 -24 -6 20 -9 1
-4 -2 23 -24 -7 21 -8 0
-4 -2 23 -24 -7 22 -10 1
-4 -2 23 -24 -8 24 -11 1
-4 -2 23 -24 -8 25 -13 2
-4 -2 23 -24 -9 27 -14 2
-4 -2 23 -25 -1 11 -2 -1
-4 -2 23 -25 -1 12 -4 0
-4 -2 23 -25 -2 13 -3 -1
-4 -2 23 -25 -2 14 -5 0
-4 -2 23 -25 -3 15 -4 -1
-4 -2 23 -25 -3 16 -6 0
-4 -2 23 -25 -3 17 -8 1
-4 -2 23 -25 -4 18 -7 0
-4 -2 23 -25 -4 19 -9 1
-4 -2 23 -25 -5 21 -10 1
-4 -2 23 -25 -5 22 -12 2
-4 -2 23 -25 -6 24 -13 2
-4 -2 23 -25 -7 27 -16 3
-4 -2 23 -25 0 10 -3 0
-4 -2 23 -25 0 9 -2 0
-4 -2 23 -26 -1 15 -6 0
-4 -2 23 -26 -1 16 -8 1
-4 -2 23 -26 -2 18 -9 1
-4 -2 23 -26 -3 21 -12 2
-4 -2 23 -26 0 12 -3 -1
-4 -2 23 -26 0 13 -5 0
-4 -2 23 -26 0 14 -7 1
-4 -2 23 -26 1 10 -2 -1
-4 -2 23 -26 1 11 -4 0
-4 -2 23 -26 2 9 -3 0
-4 -2 23 -26 3 7 -2 0
-4 -2 23 -26 4 4 0 0
-4 -2 23 -26 4 5 -1 0
-4 -2 23 -26 4 6 -2 0
-4 -2 23 -26 5 3 0 0
-4 -2 23 -26 6 1 0 0
-4 -2 23 -27 0 18 -11 2
-4 -2 23 -27 1 15 -8 1
-4 -2 23 -27 2 12 -5 0
-4 -2 23 -27 2 13 -7 1
-4 -2 23 -27 3 10 -4 0
-4 -2 23 -27 3 9 -2 -1
-4 -2 23 -27 4 8 -3 0
-4 -2 23 -27 5 6 -2 0
-4 -2 23 -27 6 4 -1 0
-4 -2 23 -27 7 2 0 0
-4 -2 23 -27 7 3 -1 0
-4 -2 23 -27 8 1 0 0
-4 -2 23 -27 9 0 0 0
-4 -2 23 -28 10 0 0 0
-4 -2 23 -28 11 -1 0 0
-4 -2 23 -28 4 12 -7 1
-4 -2 23 -28 5 9 -4 0
-4 -2 23 -28 6 7 -3 0
-4 -2 23 -28 7 5 -2 0
-4 -2 23 -28 8 3 -1 0
-4 -2 23 -28 9 1 0 0
-4 -2 23 -28 9 2 -1 0
-4 -2 23 -29 10 2 -1 0
-4 -2 23 -29 11 0 0 0
-4 -2 23 -29 12 -1 0 0
-4 -2 23 -29 7 9 -6 1
-4 -2 23 -29 8 6 -3 0
-4 -2 23 -29 9 4 -2 0
-4 -2 23 -30 11 3 -2 0
-4 -2 23 -30 12 1 -1 0
-4 -2 23 -30 13 -1 0 0
-4 -2 23 -30 14 -2 0 0
-4 -2 23 -31 14 0 -1 0
-4 -2 23 -31 15 -2 0 0
-4 -2 23 -32 17 -3 0 0
-4 -2 24 -15 -35 29 16 -12
-4 -2 24 -19 -24 28 4 -8
-4 -2 24 -19 -27 43 -17 1
-4 -2 24 -21 -16 18 4 -3
-4 -2 24 -23 -15 27 -5 -3
-4 -2 24 -27 -3 19 -9 1
-4 -2 24 -27 -8 32 -20 4
-4 -2 24 -27 4 4 0 0
-4 -2 24 -27 5 1 0 0
-4 -2 24 -28 -4 26 -16 3
-4 -2 24 -28 -5 29 -19 4
-4 -2 24 -29 -1 23 -15 3
-4 -2 24 -29 0 20 -12 2
-4 -2 24 -29 1 17 -9 1
-4 -2 24 -29 2 14 -6 0
-4 -2 24 -30 3 17 -11 2
-4 -2 24 -30 4 14 -8 1
-4 -2 24 -30 5 11 -5 0
-4 -2 24 -30 5 12 -7 1
-4 -2 24 -30 6 9 -4 0
-4 -2 24 -30 7 7 -3 0
-4 -2 24 -31 10 4 -2 0
-4 -2 24 -31 11 2 -1 0
-4 -2 24 -31 12 0 0 0
-4 -2 24 -31 6 14 -10 2
-4 -2 24 -31 7 11 -7 1
-4 -2 24 -31 8 8 -4 0
-4 -2 24 -31 8 9 -6 1
-4 -2 24 -31 9 6 -3 0
-4 -2 24 -32 10 8 -6 1
-4 -2 24 -32 11 5 -3 0
-4 -2 24 -32 12 3 -2 0
-4 -2 24 -32 13 1 -1 0
-4 -2 24 -32 14 -1 0 0
-4 -2 24 -32 15 -2 0 0
-4 -2 24 -33 14 2 -2 0
-4 -2 24 -33 15 0 -1 0
-4 -2 24 -33 16 -2 0 0
-4 -2 24 -33 17 -3 0 0
-4 -2 24 -34 17 -1 -1 0
-4 -2 24 -34 18 -3 0 0
-4 -2 24 -35 20 -4 0 0
-4 -2 25 -22 -20 24 0 0
-4 -2 25 -24 -14 20 1 -2
-4 -2 25 -24 -21 45 -24 4
-4 -2 25 -26 -10 26 -11 1
-4 -2 25 -26 -22 58 -39 9
-4 -2 25 -34 10 10 -7 1
-4 -2 25 -35 13 7 -6 1
-4 -2 25 -35 14 4 -3 0
-4 -2 25 -36 16 4 -5 1
-4 -2 25 -36 17 1 -2 0
-4 -2 25 -36 18 -1 -1 0
-4 -2 25 -36 19 -3 0 0
-4 -2 25 -37 20 -2 -1 0
-4 -2 25 -37 21 -4 0 0
-4 -2 25 -38 23 -5 0 0
-4 -2 26 -33 3 14 -3 -2
-4 -2 26 -35 15 -2 0 0
-4 -2 26 -37 14 7 -6 1
-4 -2 26 -41 26 -6 0 0
-4 -2 26 -42 29 -9 1 0
-4 -2 27 -30 -23 64 -42 9
-4 -2 27 -32 -12 45 -29 6
-4 -2 28 -43 21 3 -5 1
-4 -2 28 -47 32 -8 0 0
-4 -2 29 -38 -14 66 -51 13
-4 -2 29 -40 -1 37 -24 4
-4 -2 33 -66 58 -22 1 1
-4 -2 7 -1 0 0 0 0
-4 -3 14 -8 0 0 0 0
-4 -3 23 -13 -17 13 0 0
-4 -3 32 -53 36 -9 0 0
-4 -4 18 -12 0 1 0 0
-4 -4 18 -8 0 0 0 0
-4 -4 19 -11 -5 4 0 0
-4 -4 20 -12 0 0 0 0
-4 -4 21 -6 -7 0 0 0
-4 -4 22 -12 -16 17 -4 0
-4 -4 30 -32 8 1 0 0
-4 -4 31 -31 -15 37 -16 1
-4 -4 32 -42 12 12 -8 1
-4 -4 33 -46 23 -3 0 0
-4 -4 34 -52 32 -7 0 0
-4 -8 38 -40 12 1 0 0
-4 0 10 -5 -6 4 0 0
-4 0 10 -8 0 1 0 0
-4 0 11 -3 -8 1 0 0
-4 0 12 -8 0 0 0 0
-4 0 13 -16 7 -1 0 0
-4 0 14 -16 4 1 0 0
-4 0 14 -17 6 0 0 0
-4 0 14 -18 8 -1 0 0
-4 0 15 -21 11 -2 0 0
-4 0 16 -18 -4 16 -8 1
-4 0 17 -18 -6 13 -1 -2
-4 0 18 -25 10 0 0 0
-4 0 18 -28 16 -3 0 0
-4 0 19 -27 6 11 -7 1
-4 0 21 -33 6 26 -23 6
-4 0 21 -38 28 -9 1 0
-4 0 4 -1 0 0 0 0
-4 0 7 -3 -2 1 0 0
-4 0 7 2 0 0 0 0
-4 0 9 -2 -4 1 0 0
-4 1 10 -10 -1 4 -1 0
-4 1 10 -10 0 2 0 0
-4 1 10 -10 1 1 0 0
-4 1 10 -10 2 0 0 0
-4 1 10 -11 1 3 -1 0
-4 1 10 -11 2 1 0 0
-4 1 10 -11 3 0 0 0
-4 1 10 -12 4 0 0 0
-4 1 10 -6 -4 0 0 0
-4 1 10 -6 -5 1 0 0
-4 1 10 -6 -5 2 0 0
-4 1 10 -6 -5 2 1 0
-4 1 10 -6 -5 3 0 0
-4 1 10 -6 -6 2 1 0
-4 1 10 -6 -6 3 0 0
-4 1 10 -6 -6 3 1 0
-4 1 10 -6 -7 3 2 0
-4 1 10 -6 -7 4 1 0
-4 1 10 -6 -8 5 2 -1
-4 1 10 -7 -2 0 0 0
-4 1 10 -7 -2 1 0 0
-4 1 10 -7 -3 1 0 0
-4 1 10 -7 -3 2 0 0
-4 1 10 -7 -4 2 0 0
-4 1 10 -7 -4 3 0 0
-4 1 10 -7 -5 3 1 0
-4 1 10 -7 -5 4 0 0
-4 1 10 -7 -5 5 -1 0
-4 1 10 -7 -6 5 0 0
-4 1 10 -7 -7 6 1 -1
-4 1 10 -8 -1 0 0 0
-4 1 10 -8 -1 1 0 0
-4 1 10 -8 -2 2 0 0
-4 1 10 -8 -3 3 0 0
-4 1 10 -8 -4 4 0 0
-4 1 10 -8 -4 5 -1 0
-4 1 10 -8 -5 6 -1 0
-4 1 10 -8 -6 7 0 -1
-4 1 10 -8 0 0 0 0
-4 1 10 -9 -1 2 0 0
-4 1 10 -9 -2 3 0 0
-4 1 10 -9 -3 5 -1 0
-4 1 10 -9 -4 7 -2 0
-4 1 10 -9 0 1 0 0
-4 1 10 -9 1 0 0 0
-4 1 10 -9 2 0 0 0
-4 1 11 -10 -1 1 0 0
-4 1 11 -10 -1 2 0 0
-4 1 11 -10 -2 3 0 0
-4 1 11 -10 -3 4 0 0
-4 1 11 -10 -3 5 -1 0
-4 1 11 -10 -4 6 -1 0
-4 1 11 -10 -5 7 0 -1
-4 1 11 -10 -5 8 -2 0
-4 1 11 -10 -6 9 -1 -1
-4 1 11 -10 0 0 0 0
-4 1 11 -11 -1 3 0 0
-4 1 11 -11 -1 4 -1 0
-4 1 11 -11 -2 5 -1 0
-4 1 11 -11 -3 7 -2 0
-4 1 11 -11 -4 9 -3 0
-4 1 11 -11 0 2 0 0
-4 1 11 -11 1 1 0 0
-4 1 11 -11 2 0 0 0
-4 1 11 -12 -1 6 -2 0
-4 1 11 -12 0 4 -1 0
-4 1 11 -12 1 2 0 0
-4 1 11 -12 2 1 0 0
-4 1 11 -12 3 0 0 0
-4 1 11 -13 2 3 -1 0
-4 1 11 -13 3 1 0 0
-4 1 11 -13 4 0 0 0
-4 1 11 -14 5 0 0 0
-4 1 11 -15 7 -1 0 0
-4 1 11 -8 -6 3 1 0
-4 1 11 -8 -7 4 2 0
-4 1 11 -8 -7 5 1 0
-4 1 11 -8 -7 6 -1 0
-4 1 11 -8 -7 6 0 0
-4 1 11 -8 -7 6 1 -1
-4 1 11 -8 -8 6 2 -1
-4 1 11 -9 -2 0 0 0
-4 1 11 -9 -3 2 0 0
-4 1 11 -9 -4 3 0 0
-4 1 11 -9 -4 3 1 0
-4 1 11 -9 -4 4 0 0
-4 1 11 -9 -5 4 1 0
-4 1 11 -9 -5 5 0 0
-4 1 11 -9 -5 6 -1 0
-4 1 11 -9 -6 6 0 0
-4 1 11 -9 -6 6 1 -1
-4 1 11 -9 -6 7 -1 0
-4 1 11 -9 -7 8 0 -1
-4 1 11 -9 -8 9 1 -2
-4 1 12 -11 -5 5 1 0
-4 1 12 -11 -5 6 0 0
-4 1 12 -11 -6 7 1 -1
-4 1 12 -11 -6 8 -1 0
-4 1 12 -11 -6 8 0 -1
-4 1 12 -11 -7 10 -1 -1
-4 1 12 -11 -7 10 -2 0
-4 1 12 -11 -7 11 -3 0
-4 1 12 -11 -7 9 1 -2
-4 1 12 -11 -8 11 0 -2
-4 1 12 -12 -1 2 0 0
-4 1 12 -12 -2 4 0 0
-4 1 12 -12 -3 5 0 0
-4 1 12 -12 -3 6 -1 0
-4 1 12 -12 -3 7 -2 0
-4 1 12 -12 -4 7 0 -1
-4 1 12 -12 -4 8 -2 0
-4 1 12 -12 -5 10 -3 0
-4 1 12 -12 -5 9 -1 -1
-4 1 12 -12 -6 11 -2 -1
-4 1 12 -12 -6 12 -4 0
-4 1 12 -13 -1 5 -1 0
-4 1 12 -13 -2 7 -2 0
-4 1 12 -13 -3 8 -1 -1
-4 1 12 -13 -3 9 -3 0
-4 1 12 -13 -4 11 -4 0
-4 1 12 -13 0 3 0 0
-4 1 12 -13 0 4 -1 0
-4 1 12 -13 1 2 0 0
-4 1 12 -13 2 0 0 0
-4 1 12 -14 -1 8 -3 0
-4 1 12 -14 -2 11 -6 1
-4 1 12 -14 0 6 -2 0
-4 1 12 -14 1 4 -1 0
-4 1 12 -14 2 2 0 0
-4 1 12 -14 3 1 0 0
-4 1 12 -14 4 0 0 0
-4 1 12 -15 2 5 -2 0
-4 1 12 -15 3 3 -1 0
-4 1 12 -15 4 1 0 0
-4 1 12 -15 5 0 0 0
-4 1 12 -16 5 2 -1 0
-4 1 12 -16 6 0 0 0
-4 1 12 -16 7 -1 0 0
-4 1 12 -17 8 -1 0 0
-4 1 13 -13 -7 10 1 -2
-4 1 13 -13 -8 12 1 -3
-4 1 13 -13 -9 15 -2 -2
-4 1 13 -14 -4 8 0 -1
-4 1 13 -14 -4 9 -2 0
-4 1 13 -14 -5 10 0 -2
-4 1 13 -14 -5 11 -2 -1
-4 1 13 -14 -5 12 -4 0
-4 1 13 -14 -6 13 -3 -1
-4 1 13 -14 -6 14 -5 0
-4 1 13 -15 -1 6 -1 0
-4 1 13 -15 -1 7 -2 0
-4 1 13 -15 -2 8 -1 -1
-4 1 13 -15 -2 9 -3 0
-4 1 13 -15 -3 10 -2 -1
-4 1 13 -15 -3 11 -4 0
-4 1 13 -15 -4 13 -5 0
-4 1 13 -15 -4 14 -7 1
-4 1 13 -15 -5 16 -8 1
-4 1 13 -16 -1 10 -4 0
-4 1 13 -16 -2 13 -7 1
-4 1 13 -16 0 7 -1 -1
-4 1 13 -16 0 8 -3 0
-4 1 13 -16 1 6 -2 0
-4 1 13 -16 2 4 -1 0
-4 1 13 -16 3 2 0 0
-4 1 13 -17 1 10 -6 1
-4 1 13 -17 2 7 -3 0
-4 1 13 -17 3 5 -2 0
-4 1 13 -17 4 3 -1 0
-4 1 13 -17 5 1 0 0
-4 1 13 -17 6 0 0 0
-4 1 13 -18 5 4 -2 0
-4 1 13 -18 6 2 -1 0
-4 1 13 -18 7 0 0 0
-4 1 13 -18 8 -1 0 0
-4 1 13 -19 8 1 -1 0
-4 1 13 -19 9 -1 0 0
-4 1 13 -20 11 -2 0 0
-4 1 14 -17 -3 11 -1 -2
-4 1 14 -17 -4 15 -6 0
-4 1 14 -17 -5 18 -9 1
-4 1 14 -18 -1 12 -5 0
-4 1 14 -18 -1 13 -7 1
-4 1 14 -18 -2 15 -8 1
-4 1 14 -18 -3 18 -11 2
-4 1 14 -18 0 10 -4 0
-4 1 14 -18 0 9 -2 -1
-4 1 14 -18 1 7 -2 0
-4 1 14 -19 0 15 -10 2
-4 1 14 -19 1 12 -7 1
-4 1 14 -19 2 10 -6 1
-4 1 14 -19 2 9 -4 0
-4 1 14 -19 3 7 -3 0
-4 1 14 -19 4 5 -2 0
-4 1 14 -20 4 9 -6 1
-4 1 14 -20 5 6 -3 0
-4 1 14 -20 6 4 -2 0
-4 1 14 -20 7 2 -1 0
-4 1 14 -21 10 -1 0 0
-4 1 14 -21 7 6 -5 1
-4 1 14 -21 8 3 -2 0
-4 1 14 -21 9 1 -1 0
-4 1 14 -22 11 0 -1 0
-4 1 14 -22 12 -2 0 0
-4 1 14 -23 14 -3 0 0
-4 1 15 -21 -1 20 -14 3
-4 1 15 -21 0 17 -11 2
-4 1 15 -22 2 17 -13 3
-4 1 15 -22 3 14 -10 2
-4 1 15 -22 4 11 -7 1
-4 1 15 -22 5 8 -4 0
-4 1 15 -23 6 11 -9 2
-4 1 15 -23 7 8 -6 1
-4 1 15 -23 8 5 -3 0
-4 1 15 -23 9 3 -2 0
-4 1 15 -24 10 5 -5 1
-4 1 15 -24 11 2 -2 0
-4 1 15 -24 12 0 -1 0
-4 1 15 -25 14 -1 -1 0
-4 1 15 -25 15 -3 0 0
-4 1 15 -26 17 -4 0 0
-4 1 16 -25 4 19 -16 4
-4 1 16 -26 8 13 -12 3
-4 1 16 -26 9 10 -9 2
-4 1 16 -27 12 7 -8 2
-4 1 16 -27 13 4 -5 1
-4 1 16 -28 16 1 -4 1
-4 1 16 -28 17 -2 -1 0
-4 1 16 -28 18 -4 0 0
-4 1 16 -29 20 -5 0 0
-4 1 16 -30 23 -8 1 0
-4 1 17 -31 18 3 -7 2
-4 1 17 -32 22 -3 -3 1
-4 1 17 -32 23 -6 0 0
-4 1 17 -33 26 -9 1 0
-4 1 18 -37 32 -13 2 0
-4 1 4 -2 0 0 0 0
-4 1 5 -1 0 0 0 0
-4 1 5 -2 -1 0 0 0
-4 1 5 -2 0 0 0 0
-4 1 5 -3 0 0 0 0
-4 1 6 -1 -1 0 0 0
-4 1 6 -1 0 0 0 0
-4 1 6 -2 -1 0 0 0
-4 1 6 -2 0 0 0 0
-4 1 6 -3 -1 0 0 0
-4 1 6 -3 -2 1 0 0
-4 1 6 -3 0 0 0 0
-4 1 6 -4 0 0 0 0
-4 1 6 -5 1 0 0 0
-4 1 6 0 0 0 0 0
-4 1 7 -1 -1 0 0 0
-4 1 7 -1 -2 0 0 0
-4 1 7 -2 -1 0 0 0
-4 1 7 -2 -2 0 0 0
-4 1 7 -2 -3 0 0 0
-4 1 7 -2 0 0 0 0
-4 1 7 -3 -1 0 0 0
-4 1 7 -3 -2 0 0 0
-4 1 7 -3 -3 1 0 0
-4 1 7 -3 0 0 0 0
-4 1 7 -4 -1 0 0 0
-4 1 7 -4 -2 1 0 0
-4 1 7 -4 0 0 0 0
-4 1 7 -5 -1 1 0 0
-4 1 7 -5 0 0 0 0
-4 1 7 -6 1 0 0 0
-4 1 8 -2 -3 0 0 0
-4 1 8 -2 -4 0 0 0
-4 1 8 -2 -5 -1 0 0
-4 1 8 -3 -1 0 0 0
-4 1 8 -3 -2 0 0 0
-4 1 8 -3 -3 0 0 0
-4 1 8 -3 -3 1 0 0
-4 1 8 -3 -4 0 0 0
-4 1 8 -3 -4 1 0 0
-4 1 8 -3 -5 1 1 0
-4 1 8 -4 -1 0 0 0
-4 1 8 -4 -2 0 0 0
-4 1 8 -4 -2 1 0 0
-4 1 8 -4 -3 1 0 0
-4 1 8 -4 -4 2 0 0
-4 1 8 -4 -5 2 1 0
-4 1 8 -4 0 0 0 0
-4 1 8 -5 -1 0 0 0
-4 1 8 -5 -2 1 0 0
-4 1 8 -5 -3 2 0 0
-4 1 8 -5 -4 3 0 0
-4 1 8 -5 0 0 0 0
-4 1 8 -6 -1 1 0 0
-4 1 8 -6 -2 2 0 0
-4 1 8 -6 0 0 0 0
-4 1 8 -6 1 0 0 0
-4 1 8 -7 0 1 0 0
-4 1 8 -7 1 0 0 0
-4 1 8 -8 2 0 0 0
-4 1 9 -10 3 0 0 0
-4 1 9 -3 -5 -1 0 0
-4 1 9 -3 -6 -1 0 0
-4 1 9 -3 -7 0 1 0
-4 1 9 -4 -4 0 0 0
-4 1 9 -4 -4 1 0 0
-4 1 9 -4 -5 0 0 0
-4 1 9 -4 -5 1 0 0
-4 1 9 -4 -5 2 0 0
-4 1 9 -4 -6 1 1 0
-4 1 9 -4 -6 2 1 0
-4 1 9 -5 -1 0 0 0
-4 1 9 -5 -2 0 0 0
-4 1 9 -5 -2 1 0 0
-4 1 9 -5 -3 0 0 0
-4 1 9 -5 -3 1 0 0
-4 1 9 -5 -4 1 0 0
-4 1 9 -5 -4 2 0 0
-4 1 9 -5 -5 2 1 0
-4 1 9 -5 -5 3 0 0
-4 1 9 -5 -6 3 1 0
-4 1 9 -6 -1 0 0 0
-4 1 9 -6 -2 0 0 0
-4 1 9 -6 -2 1 0 0
-4 1 9 -6 -3 2 0 0
-4 1 9 -6 -4 3 0 0
-4 1 9 -6 -5 4 0 0
-4 1 9 -6 0 0 0 0
-4 1 9 -7 -1 1 0 0
-4 1 9 -7 -2 2 0 0
-4 1 9 -7 -3 3 0 0
-4 1 9 -7 -4 5 -1 0
-4 1 9 -7 0 0 0 0
-4 1 9 -7 1 0 0 0
-4 1 9 -8 -1 2 0 0
-4 1 9 -8 -2 4 -1 0
-4 1 9 -8 0 1 0 0
-4 1 9 -8 1 0 0 0
-4 1 9 -9 1 1 0 0
-4 1 9 -9 2 0 0 0
-4 2 10 -13 -1 7 -1 -1
-4 2 10 -14 0 10 -6 1
-4 2 10 -14 1 7 -3 0
-4 2 10 -14 2 5 -2 0
-4 2 10 -15 3 7 -5 1
-4 2 10 -15 4 4 -2 0
-4 2 10 -15 5 2 -1 0
-4 2 10 -15 6 0 0 0
-4 2 10 -16 7 1 -1 0
-4 2 10 -16 8 -1 0 0
-4 2 10 -17 10 -2 0 0
-4 2 11 -17 3 9 -6 1
-4 2 11 -18 6 6 -5 1
-4 2 11 -18 7 3 -2 0
-4 2 11 -19 10 0 -1 0
-4 2 11 -19 11 -2 0 0
-4 2 11 -20 13 -3 0 0
-4 2 12 -23 16 -4 0 0
-4 2 13 -25 14 4 -7 2
-4 2 3 0 0 0 0 0
-4 2 4 -3 0 0 0 0
-4 2 5 -2 -1 0 0 0
-4 2 5 -3 -1 0 0 0
-4 2 5 -3 0 0 0 0
-4 2 5 -4 -1 1 0 0
-4 2 5 -4 0 0 0 0
-4 2 5 -5 1 0 0 0
-4 2 6 -3 -3 0 0 0
-4 2 6 -4 -1 0 0 0
-4 2 6 -4 -2 1 0 0
-4 2 6 -4 0 0 0 0
-4 2 6 -5 -1 1 0 0
-4 2 6 -5 -2 2 0 0
-4 2 6 -5 0 0 0 0
-4 2 6 -5 1 0 0 0
-4 2 6 -6 0 1 0 0
-4 2 6 -6 1 0 0 0
-4 2 6 -7 2 0 0 0
-4 2 7 -5 -3 1 0 0
-4 2 7 -6 -1 1 0 0
-4 2 7 -6 -2 2 0 0
-4 2 7 -6 -3 3 0 0
-4 2 7 -7 -1 2 0 0
-4 2 7 -7 0 1 0 0
-4 2 7 -7 1 0 0 0
-4 2 7 -8 1 1 0 0
-4 2 7 -8 2 0 0 0
-4 2 7 -9 3 0 0 0
-4 2 8 -10 1 3 -1 0
-4 2 8 -10 2 1 0 0
-4 2 8 -10 3 0 0 0
-4 2 8 -11 4 0 0 0
-4 2 8 -12 6 -1 0 0
-4 2 8 -8 -2 3 0 0
-4 2 8 -8 -2 4 -1 0
-4 2 8 -9 -1 4 -1 0
-4 2 8 -9 0 2 0 0
-4 2 8 -9 1 1 0 0
-4 2 9 -10 -3 6 0 -1
-4 2 9 -11 -1 6 -2 0
-4 2 9 -11 0 4 -1 0
-4 2 9 -11 1 2 0 0
-4 2 9 -12 1 5 -2 0
-4 2 9 -12 2 3 -1 0
-4 2 9 -12 3 1 0 0
-4 2 9 -13 4 2 -1 0
-4 2 9 -13 5 0 0 0
-4 2 9 -14 7 -1 0 0
-4 3 2 -2 0 0 0 0
-4 3 3 -3 0 0 0 0
-4 3 3 -4 1 0 0 0
-4 3 4 -5 1 0 0 0
-4 3 4 -6 2 0 0 0
-4 3 5 -7 1 1 0 0
-4 3 5 -8 3 0 0 0
-4 3 6 -10 3 2 -1 0
-4 3 6 -10 4 0 0 0
-4 3 6 -11 6 -1 0 0
-4 3 7 -13 6 1 -1 0
-4 3 7 -14 9 -2 0 0
-4 3 8 -17 12 -3 0 0
-4 4 0 0 0 0 0 0
-4 4 2 -5 2 0 0 0
-4 4 4 -10 4 4 -4 1
0 -10 -1 1 0 0 0 0
0 -10 -1 2 0 0 0 0
0 -10 -1 3 0 0 0 0
0 -10 -1 4 0 0 0 0
0 -10 -1 4 1 0 0 0
0 -10 -1 5 -1 0 0 0
0 -10 -1 5 0 0 0 0
0 -10 -1 5 1 0 0 0
0 -10 -1 6 0 0 0 0
0 -10 -1 6 1 0 0 0
0 -10 -1 6 2 0 0 0
0 -10 -12 5 12 4 0 0
0 -10 -2 1 0 0 0 0
0 -10 -2 13 2 -3 0 0
0 -10 -2 2 0 0 0 0
0 -10 -2 27 10 -9 -2 1
0 -10 -2 29 10 -19 -4 4
0 -10 -2 3 0 0 0 0
0 -10 -4 13 0 0 0 0
0 -10 -4 17 4 -8 -1 1
0 -10 -4 21 8 -16 -4 4
0 -10 -5 18 10 -10 -5 1
0 -10 -5 18 4 -8 0 0
0 -10 -6 13 10 1 0 0
0 -10 -7 20 23 6 0 0
0 -10 -8 13 11 -5 -3 1
0 -10 -8 9 7 1 0 0
0 -10 0 0 0 0 0 0
0 -10 0 1 0 0 0 0
0 -10 0 13 0 0 0 0
0 -10 0 17 0 -8 0 0
0 -10 0 2 0 0 0 0
0 -10 0 21 0 -8 0 0
0 -10 0 25 0 0 0 0
0 -10 0 27 0 -10 0 1
0 -10 0 29 0 -20 0 4
0 -10 0 3 0 0 0 0
0 -10 0 31 0 -30 0 9
0 -10 0 4 0 0 0 0
0 -10 0 5 -1 0 0 0
0 -10 0 5 0 0 0 0
0 -10 0 5 1 0 0 0
0 -10 0 6 -1 0 0 0
0 -10 0 6 0 0 0 0
0 -10 0 6 1 0 0 0
0 -10 0 7 -1 0 0 0
0 -10 0 7 -2 0 0 0
0 -10 0 7 0 -1 0 0
0 -10 0 7 0 0 0 0
0 -10 0 7 1 0 0 0
0 -10 0 7 2 0 0 0
0 -10 0 8 -1 -1 0 0
0 -10 0 8 -1 0 0 0
0 -10 0 8 -2 0 0 0
0 -10 0 8 0 -1 0 0
0 -10 0 8 0 0 0 0
0 -10 0 8 1 -1 0 0
0 -10 0 8 1 0 0 0
0 -10 0 8 2 0 0 0
0 -10 0 9 0 -1 0 0
0 -10 0 9 0 -2 0 0
0 -10 0 9 0 0 0 0
0 -10 1 1 0 0 0 0
0 -10 1 2 0 0 0 0
0 -10 1 3 0 0 0 0
0 -10 1 4 -1 0 0 0
0 -10 1 4 0 0 0 0
0 -10 1 5 -1 0 0 0
0 -10 1 5 0 0 0 0
0 -10 1 5 1 0 0 0
0 -10 1 6 -1 0 0 0
0 -10 1 6 -2 0 0 0
0 -10 1 6 0 0 0 0
0 -10 12 5 -12 4 0 0
0 -10 2 1 0 0 0 0
0 -10 2 13 -2 -3 0 0
0 -10 2 2 0 0 0 0
0 -10 2 27 -10 -9 2 1
0 -10 2 29 -10 -19 4 4
0 -10 2 3 0 0 0 0
0 -10 4 13 0 0 0 0
0 -10 4 17 -4 -8 1 1
0 -10 4 21 -8 -16 4 4
0 -10 5 18 -10 -10 5 1
0 -10 5 18 -4 -8 0 0
0 -10 6 13 -10 1 0 0
0 -10 7 20 -23 6 0 0
0 -10 8 13 -11 -5 3 1
0 -10 8 9 -7 1 0 0
0 -11 0 19 0 -9 0 0
0 -12 -11 33 62 31 -1 -3
0 -12 -2 38 12 -11 -2 1
0 -12 -2 40 12 -23 -4 4
0 -12 -2 42 12 -35 -6 9
0 -12 -2 44 12 -47 -8 16
0 -12 -2 46 12 -59 -10 25
0 -12 -2 48 12 -71 -12 36
0 -12 -3 22 11 -3 0 0
0 -12 -4 34 8 -36 -4 13
0 -12 -4 38 24 -8 -4 1
0 -12 -4 40 24 -20 -8 4
0 -12 -4 42 24 -32 -12 9
0 -12 -4 44 24 -44 -16 16
0 -12 -5 29 17 -19 -12 1
0 -12 -6 38 36 -3 -6 1
0 -12 -6 40 36 -15 -12 4
0 -12 -8 36 48 16 0 0
0 -12 0 0 0 0 0 0
0 -12 0 24 0 -9 0 0
0 -12 0 27 0 0 0 0
0 -12 0 36 0 0 0 0
0 -12 0 38 0 -12 0 1
0 -12 0 40 0 -24 0 4
0 -12 0 42 0 -36 0 9
0 -12 0 44 0 -48 0 16
0 -12 0 46 0 -60 0 25
0 -12 11 33 -62 31 1 -3
0 -12 2 38 -12 -11 2 1
0 -12 2 40 -12 -23 4 4
0 -12 2 42 -12 -35 6 9
0 -12 2 44 -12 -47 8 16
0 -12 2 46 -12 -59 10 25
0 -12 2 48 -12 -71 12 36
0 -12 3 22 -11 -3 0 0
0 -12 4 34 -8 -36 4 13
0 -12 4 38 -24 -8 4 1
0 -12 4 40 -24 -20 8 4
0 -12 4 42 -24 -32 12 9
0 -12 4 44 -24 -44 16 16
0 -12 5 29 -17 -19 12 1
0 -12 6 38 -36 -3 6 1
0 -12 6 40 -36 -15 12 4
0 -12 8 36 -48 16 0 0
0 -16 0 0 0 0 0 0
0 -2 0 0 0 0 0 0
0 -3 0 0 0 0 0 0
0 -4 -1 1 0 0 0 0
0 -4 -1 2 0 0 0 0
0 -4 -1 3 1 0 0 0
0 -4 0 0 0 0 0 0
0 -4 0 1 0 0 0 0
0 -4 0 2 0 0 0 0
0 -4 0 3 -1 0 0 0
0 -4 0 3 0 0 0 0
0 -4 0 3 1 0 0 0
0 -4 0 4 0 0 0 0
0 -4 0 6 0 -4 0 1
0 -4 1 1 0 0 0 0
0 -4 1 2 0 0 0 0
0 -4 1 3 -1 0 0 0
0 -5 -1 1 0 0 0 0
0 -5 -1 2 0 0 0 0
0 -5 -1 3 0 0 0 0
0 -5 -1 3 1 0 0 0
0 -5 -1 4 0 0 0 0
0 -5 -1 4 1 0 0 0
0 -5 -1 5 0 -1 0 0
0 -5 -1 5 1 -1 0 0
0 -5 -1 5 1 0 0 0
0 -5 -1 5 2 0 0 0
0 -5 -1 6 1 -2 0 0
0 -5 -1 6 2 -1 0 0
0 -5 -2 1 0 0 0 0
0 -5 -2 2 0 0 0 0
0 -5 -2 3 1 0 0 0
0 -5 -2 4 1 -1 0 0
0 -5 -2 4 2 0 0 0
0 -5 -2 5 2 -1 0 0
0 -5 -2 5 3 0 0 0
0 -5 -3 2 1 0 0 0
0 -5 -3 3 2 0 0 0
0 -5 -3 4 3 0 0 0
0 -5 0 0 0 0 0 0
0 -5 0 1 0 0 0 0
0 -5 0 2 0 0 0 0
0 -5 0 3 0 0 0 0
0 -5 0 4 -1 0 0 0
0 -5 0 4 0 0 0 0
0 -5 0 4 1 0 0 0
0 -5 0 5 -1 0 0 0
0 -5 0 5 0 -1 0 0
0 -5 0 5 0 0 0 0
0 -5 0 5 1 0 0 0
0 -5 0 6 -1 -1 0 0
0 -5 0 6 0 -1 0 0
0 -5 0 6 0 -2 0 0
0 -5 0 6 1 -1 0 0
0 -5 1 1 0 0 0 0
0 -5 1 2 0 0 0 0
0 -5 1 3 -1 0 0 0
0 -5 1 3 0 0 0 0
0 -5 1 4 -1 0 0 0
0 -5 1 4 0 0 0 0
0 -5 1 5 -1 -1 0 0
0 -5 1 5 -1 0 0 0
0 -5 1 5 -2 0 0 0
0 -5 1 5 0 -1 0 0
0 -5 1 6 -1 -2 0 0
0 -5 1 6 -2 -1 0 0
0 -5 2 1 0 0 0 0
0 -5 2 2 0 0 0 0
0 -5 2 3 -1 0 0 0
0 -5 2 4 -1 -1 0 0
0 -5 2 4 -2 0 0 0
0 -5 2 5 -2 -1 0 0
0 -5 2 5 -3 0 0 0
0 -5 3 2 -1 0 0 0
0 -5 3 3 -2 0 0 0
0 -5 3 4 -3 0 0 0
0 -6 -1 1 0 0 0 0
0 -6 -1 2 0 0 0 0
0 -6 -1 3 0 0 0 0
0 -6 -1 3 1 0 0 0
0 -6 -1 4 -1 0 0 0
0 -6 -1 4 0 0 0 0
0 -6 -1 4 1 0 0 0
0 -6 -1 5 -1 0 0 0
0 -6 -1 5 0 0 0 0
0 -6 -1 5 1 0 0 0
0 -6 -1 5 2 0 0 0
0 -6 -1 6 0 -1 0 0
0 -6 -1 6 0 0 0 0
0 -6 -1 6 1 -1 0 0
0 -6 -1 6 1 0 0 0
0 -6 -1 6 2 0 0 0
0 -6 -1 7 0 0 0 0
0 -6 -1 7 1 -2 0 0
0 -6 -1 7 2 -1 0 0
0 -6 -1 7 2 0 0 0
0 -6 -1 7 3 0 0 0
0 -6 -1 8 4 0 0 0
0 -6 -1 9 3 -2 0 0
0 -6 -2 1 0 0 0 0
0 -6 -2 2 0 0 0 0
0 -6 -2 3 0 0 0 0
0 -6 -2 3 1 0 0 0
0 -6 -2 4 0 0 0 0
0 -6 -2 4 1 0 0 0
0 -6 -2 5 1 -1 0 0
0 -6 -2 5 2 0 0 0
0 -6 -2 9 5 -1 0 0
0 -6 -3 0 0 0 0 0
0 -6 -3 1 0 0 0 0
0 -6 -3 2 0 0 0 0
0 -6 -3 2 1 0 0 0
0 -6 -3 5 1 -1 0 0
0 -6 -3 7 6 1 0 0
0 -6 -4 0 0 0 0 0
0 -6 -4 1 0 0 0 0
0 -6 -5 5 7 2 0 0
0 -6 0 0 0 0 0 0
0 -6 0 1 0 0 0 0
0 -6 0 2 0 0 0 0
0 -6 0 3 0 0 0 0
0 -6 0 4 -1 0 0 0
0 -6 0 4 0 0 0 0
0 -6 0 4 1 0 0 0
0 -6 0 5 -1 0 0 0
0 -6 0 5 0 -1 0 0
0 -6 0 5 0 0 0 0
0 -6 0 5 1 0 0 0
0 -6 0 6 -1 0 0 0
0 -6 0 6 -2 0 0 0
0 -6 0 6 0 -1 0 0
0 -6 0 6 0 0 0 0
0 -6 0 6 1 0 0 0
0 -6 0 6 2 0 0 0
0 -6 0 7 -1 -1 0 0
0 -6 0 7 -1 0 0 0
0 -6 0 7 -2 0 0 0
0 -6 0 7 0 -1 0 0
0 -6 0 7 0 -2 0 0
0 -6 0 7 0 0 0 0
0 -6 0 7 1 -1 0 0
0 -6 0 7 1 0 0 0
0 -6 0 7 2 0 0 0
0 -6 0 8 -1 -2 0 0
0 -6 0 8 0 -1 0 0
0 -6 0 8 0 -2 0 0
0 -6 0 8 0 -3 0 0
0 -6 0 8 0 0 0 0
0 -6 0 8 1 -2 0 0
0 -6 0 9 -1 -2 0 0
0 -6 0 9 0 -4 0 0
0 -6 0 9 0 0 0 0
0 -6 0 9 1 -2 0 0
0 -6 1 1 0 0 0 0
0 -6 1 2 0 0 0 0
0 -6 1 3 -1 0 0 0
0 -6 1 3 0 0 0 0
0 -6 1 4 -1 0 0 0
0 -6 1 4 0 0 0 0
0 -6 1 4 1 0 0 0
0 -6 1 5 -1 0 0 0
0 -6 1 5 -2 0 0 0
0 -6 1 5 0 0 0 0
0 -6 1 5 1 0 0 0
0 -6 1 6 -1 -1 0 0
0 -6 1 6 -1 0 0 0
0 -6 1 6 -2 0 0 0
0 -6 1 6 0 -1 0 0
0 -6 1 6 0 0 0 0
0 -6 1 7 -1 -2 0 0
0 -6 1 7 -2 -1 0 0
0 -6 1 7 -2 0 0 0
0 -6 1 7 -3 0 0 0
0 -6 1 7 0 0 0 0
0 -6 1 8 -4 0 0 0
0 -6 1 9 -3 -2 0 0
0 -6 2 1 0 0 0 0
0 -6 2 2 0 0 0 0
0 -6 2 3 -1 0 0 0
0 -6 2 3 0 0 0 0
0 -6 2 4 -1 0 0 0
0 -6 2 4 0 0 0 0
0 -6 2 5 -1 -1 0 0
0 -6 2 5 -2 0 0 0
0 -6 2 9 -5 -1 0 0
0 -6 3 0 0 0 0 0
0 -6 3 1 0 0 0 0
0 -6 3 2 -1 0 0 0
0 -6 3 2 0 0 0 0
0 -6 3 5 -1 -1 0 0
0 -6 3 7 -6 1 0 0
0 -6 4 0 0 0 0 0
0 -6 4 1 0 0 0 0
0 -6 5 5 -7 2 0 0
0 -7 -1 1 0 0 0 0
0 -7 -1 10 -1 -2 0 0
0 -7 -1 10 0 -1 0 0
0 -7 -1 10 0 -2 0 0
0 -7 -1 10 0 -3 0 0
0 -7 -1 10 0 -4 1 0
0 -7 -1 10 0 0 0 0
0 -7 -1 10 1 -1 0 0
0 -7 -1 10 1 -2 0 0
0 -7 -1 10 1 -3 0 0
0 -7 -1 10 1 -4 0 0
0 -7 -1 10 1 0 0 0
0 -7 -1 10 2 -1 0 0
0 -7 -1 10 2 -2 0 0
0 -7 -1 10 2 -3 0 0
0 -7 -1 10 2 -4 -1 0
0 -7 -1 10 2 0 0 0
0 -7 -1 10 3 -1 0 0
0 -7 -1 10 3 -2 0 0
0 -7 -1 10 3 -3 -1 0
0 -7 -1 10 3 0 0 0
0 -7 -1 10 4 -1 0 0
0 -7 -1 10 4 0 0 0
0 -7 -1 10 5 0 0 0
0 -7 -1 11 0 -4 0 0
0 -7 -1 11 0 -5 1 0
0 -7 -1 11 1 -2 0 0
0 -7 -1 11 1 -3 0 0
0 -7 -1 11 1 -4 -1 0
0 -7 -1 11 1 -4 0 0
0 -7 -1 11 1 -5 0 0
0 -7 -1 11 2 -1 0 0
0 -7 -1 11 2 -2 0 0
0 -7 -1 11 2 -3 0 0
0 -7 -1 11 2 -4 -1 0
0 -7 -1 11 2 -4 0 0
0 -7 -1 11 2 -5 -1 0
0 -7 -1 11 2 0 0 0
0 -7 -1 11 3 -1 0 0
0 -7 -1 11 3 -2 0 0
0 -7 -1 11 3 -3 -1 0
0 -7 -1 11 3 -3 0 0
0 -7 -1 11 3 -4 -1 0
0 -7 -1 11 3 -5 -2 0
0 -7 -1 11 3 0 0 0
0 -7 -1 11 4 -1 0 0
0 -7 -1 11 4 -2 0 0
0 -7 -1 11 4 -3 -1 0
0 -7 -1 11 4 0 0 0
0 -7 -1 11 5 -1 0 0
0 -7 -1 11 5 -2 -1 0
0 -7 -1 11 5 0 0 0
0 -7 -1 11 6 0 0 0
0 -7 -1 12 1 -6 0 0
0 -7 -1 12 1 -7 0 1
0 -7 -1 12 2 -4 0 0
0 -7 -1 12 2 -5 -1 0
0 -7 -1 12 2 -5 0 0
0 -7 -1 12 2 -6 -1 0
0 -7 -1 12 2 -7 -1 1
0 -7 -1 12 3 -2 0 0
0 -7 -1 12 3 -3 0 0
0 -7 -1 12 3 -4 -1 0
0 -7 -1 12 3 -4 0 0
0 -7 -1 12 3 -5 -1 0
0 -7 -1 12 3 -6 -1 1
0 -7 -1 12 3 -6 -2 0
0 -7 -1 12 4 -2 0 0
0 -7 -1 12 4 -3 -1 0
0 -7 -1 12 4 -3 0 0
0 -7 -1 12 4 -4 -1 0
0 -7 -1 12 4 -5 -2 0
0 -7 -1 12 5 -2 0 0
0 -7 -1 12 5 -3 -1 0
0 -7 -1 12 5 -4 -2 0
0 -7 -1 13 2 -9 -1 2
0 -7 -1 13 3 -7 -1 1
0 -7 -1 13 3 -7 -2 0
0 -7 -1 13 3 -8 -2 1
0 -7 -1 13 4 -4 0 0
0 -7 -1 13 4 -5 -1 0
0 -7 -1 13 4 -5 -2 0
0 -7 -1 13 4 -6 -2 0
0 -7 -1 13 4 -7 -3 0
0 -7 -1 13 5 -5 -2 0
0 -7 -1 13 5 -6 -3 0
0 -7 -1 14 5 -8 -4 0
0 -7 -1 2 0 0 0 0
0 -7 -1 3 0 0 0 0
0 -7 -1 4 -1 0 0 0
0 -7 -1 4 0 0 0 0
0 -7 -1 4 1 0 0 0
0 -7 -1 5 -1 0 0 0
0 -7 -1 5 0 0 0 0
0 -7 -1 5 1 0 0 0
0 -7 -1 6 -1 0 0 0
0 -7 -1 6 0 -1 0 0
0 -7 -1 6 0 0 0 0
0 -7 -1 6 1 -1 0 0
0 -7 -1 6 1 0 0 0
0 -7 -1 6 2 0 0 0
0 -7 -1 7 -1 0 0 0
0 -7 -1 7 -2 0 0 0
0 -7 -1 7 0 -1 0 0
0 -7 -1 7 0 0 0 0
0 -7 -1 7 1 -1 0 0
0 -7 -1 7 1 0 0 0
0 -7 -1 7 2 0 0 0
0 -7 -1 7 3 0 0 0
0 -7 -1 8 -1 -1 0 0
0 -7 -1 8 -1 0 0 0
0 -7 -1 8 -2 0 0 0
0 -7 -1 8 -3 0 0 0
0 -7 -1 8 0 -1 0 0
0 -7 -1 8 0 -2 0 0
0 -7 -1 8 0 0 0 0
0 -7 -1 8 1 -1 0 0
0 -7 -1 8 1 -2 0 0
0 -7 -1 8 1 0 0 0
0 -7 -1 8 2 -1 0 0
0 -7 -1 8 2 0 0 0
0 -7 -1 8 3 0 0 0
0 -7 -1 9 -1 -1 0 0
0 -7 -1 9 -1 0 0 0
0 -7 -1 9 -2 -1 0 0
0 -7 -1 9 -2 0 0 0
0 -7 -1 9 0 -1 0 0
0 -7 -1 9 0 -2 0 0
0 -7 -1 9 0 0 0 0
0 -7 -1 9 1 -1 0 0
0 -7 -1 9 1 -2 0 0
0 -7 -1 9 1 -3 0 0
0 -7 -1 9 1 0 0 0
0 -7 -1 9 2 -1 0 0
0 -7 -1 9 2 -2 0 0
0 -7 -1 9 2 -3 -1 0
0 -7 -1 9 2 0 0 0
0 -7 -1 9 3 -1 0 0
0 -7 -1 9 3 0 0 0
0 -7 -1 9 4 0 0 0
0 -7 -1 9 6 1 0 0
0 -7 -2 1 0 0 0 0
0 -7 -2 10 2 -4 0 0
0 -7 -2 10 3 -2 0 0
0 -7 -2 10 3 -3 -1 0
0 -7 -2 10 3 -3 0 0
0 -7 -2 10 3 -4 -1 0
0 -7 -2 10 4 -1 0 0
0 -7 -2 10 4 -2 0 0
0 -7 -2 10 4 -3 -1 0
0 -7 -2 10 4 0 0 0
0 -7 -2 10 5 -1 0 0
0 -7 -2 10 5 -2 -1 0
0 -7 -2 10 5 0 0 0
0 -7 -2 10 6 0 0 0
0 -7 -2 10 7 1 0 0
0 -7 -2 11 4 -5 -2 0
0 -7 -2 11 5 -2 0 0
0 -7 -2 11 5 -3 -1 0
0 -7 -2 11 5 -4 -2 0
0 -7 -2 11 6 -1 0 0
0 -7 -2 11 6 -2 -1 0
0 -7 -2 11 6 0 0 0
0 -7 -2 11 7 -1 -1 0
0 -7 -2 11 7 0 0 0
0 -7 -2 11 7 1 0 0
0 -7 -2 11 8 1 0 0
0 -7 -2 12 7 -3 -2 0
0 -7 -2 12 8 -1 -1 0
0 -7 -2 2 0 0 0 0
0 -7 -2 3 0 0 0 0
0 -7 -2 3 1 0 0 0
0 -7 -2 4 0 0 0 0
0 -7 -2 4 1 0 0 0
0 -7 -2 5 -1 0 0 0
0 -7 -2 5 0 0 0 0
0 -7 -2 5 1 0 0 0
0 -7 -2 5 2 0 0 0
0 -7 -2 6 -1 0 0 0
0 -7 -2 6 0 0 0 0
0 -7 -2 6 1 -1 0 0
0 -7 -2 6 1 0 0 0
0 -7 -2 6 2 0 0 0
0 -7 -2 7 -1 0 0 0
0 -7 -2 7 0 -1 0 0
0 -7 -2 7 0 0 0 0
0 -7 -2 7 1 -1 0 0
0 -7 -2 7 1 0 0 0
0 -7 -2 7 2 -1 0 0
0 -7 -2 7 2 0 0 0
0 -7 -2 7 3 0 0 0
0 -7 -2 8 0 -1 0 0
0 -7 -2 8 0 0 0 0
0 -7 -2 8 1 -1 0 0
0 -7 -2 8 1 -2 0 0
0 -7 -2 8 1 0 0 0
0 -7 -2 8 2 -1 0 0
0 -7 -2 8 2 -2 0 0
0 -7 -2 8 2 0 0 0
0 -7 -2 8 3 -1 0 0
0 -7 -2 8 3 0 0 0
0 -7 -2 8 4 0 0 0
0 -7 -2 9 1 -2 0 0
0 -7 -2 9 2 -1 0 0
0 -7 -2 9 2 -2 0 0
0 -7 -2 9 2 -3 0 0
0 -7 -2 9 2 0 0 0
0 -7 -2 9 3 -1 0 0
0 -7 -2 9 3 -2 0 0
0 -7 -2 9 3 -3 -1 0
0 -7 -2 9 3 0 0 0
0 -7 -2 9 4 -1 0 0
0 -7 -2 9 4 0 0 0
0 -7 -2 9 5 0 0 0
0 -7 -2 9 6 1 0 0
0 -7 -3 0 0 0 0 0
0 -7 -3 1 0 0 0 0
0 -7 -3 10 9 2 0 0
0 -7 -3 2 0 0 0 0
0 -7 -3 3 0 0 0 0
0 -7 -3 3 1 0 0 0
0 -7 -3 4 0 0 0 0
0 -7 -3 4 1 0 0 0
0 -7 -3 4 2 0 0 0
0 -7 -3 5 -1 0 0 0
0 -7 -3 5 0 0 0 0
0 -7 -3 5 1 0 0 0
0 -7 -3 5 2 0 0 0
0 -7 -3 6 0 0 0 0
0 -7 -3 6 1 -1 0 0
0 -7 -3 6 1 0 0 0
0 -7 -3 6 2 -1 0 0
0 -7 -3 6 2 0 0 0
0 -7 -3 6 3 0 0 0
0 -7 -3 7 2 -1 0 0
0 -7 -3 7 2 -2 0 0
0 -7 -3 7 2 0 0 0
0 -7 -3 7 3 -1 0 0
0 -7 -3 7 3 0 0 0
0 -7 -3 7 4 0 0 0
0 -7 -3 8 3 -2 0 0
0 -7 -3 8 4 -1 0 0
0 -7 -3 8 4 -2 -1 0
0 -7 -3 8 4 0 0 0
0 -7 -3 8 5 0 0 0
0 -7 -3 8 6 1 0 0
0 -7 -3 9 6 0 0 0
0 -7 -3 9 7 1 0 0
0 -7 -4 0 0 0 0 0
0 -7 -4 1 0 0 0 0
0 -7 -4 2 0 0 0 0
0 -7 -4 2 1 0 0 0
0 -7 -4 3 0 0 0 0
0 -7 -4 3 1 0 0 0
0 -7 -4 4 0 0 0 0
0 -7 -4 4 1 0 0 0
0 -7 -4 4 2 0 0 0
0 -7 -4 5 2 -1 0 0
0 -7 -4 5 2 0 0 0
0 -7 -4 5 3 0 0 0
0 -7 -4 6 4 0 0 0
0 -7 -5 0 0 0 0 0
0 -7 -5 1 0 0 0 0
0 -7 -5 2 0 0 0 0
0 -7 -5 2 1 0 0 0
0 -7 -5 3 2 0 0 0
0 -7 -6 0 0 0 0 0
0 -7 0 0 0 0 0 0
0 -7 0 1 0 0 0 0
0 -7 0 10 -1 -1 0 0
0 -7 0 10 -1 -2 0 0
0 -7 0 10 -1 -3 0 0
0 -7 0 10 -1 -4 1 0
0 -7 0 10 -1 0 0 0
0 -7 0 10 -2 -1 0 0
0 -7 0 10 -2 -2 0 0
0 -7 0 10 -2 0 0 0
0 -7 0 10 -3 -1 0 0
0 -7 0 10 -3 0 0 0
0 -7 0 10 -4 0 0 0
0 -7 0 10 0 -1 0 0
0 -7 0 10 0 -2 0 0
0 -7 0 10 0 -3 0 0
0 -7 0 10 0 -4 0 0
0 -7 0 10 0 0 0 0
0 -7 0 10 1 -1 0 0
0 -7 0 10 1 -2 0 0
0 -7 0 10 1 -3 0 0
0 -7 0 10 1 -4 -1 0
0 -7 0 10 1 0 0 0
0 -7 0 10 2 -1 0 0
0 -7 0 10 2 -2 0 0
0 -7 0 10 2 0 0 0
0 -7 0 10 3 -1 0 0
0 -7 0 10 3 0 0 0
0 -7 0 10 4 0 0 0
0 -7 0 11 -1 -1 0 0
0 -7 0 11 -1 -2 0 0
0 -7 0 11 -1 -3 0 0
0 -7 0 11 -1 -4 0 0
0 -7 0 11 -1 -4 1 0
0 -7 0 11 -1 -5 1 0
0 -7 0 11 -1 0 0 0
0 -7 0 11 -2 -1 0 0
0 -7 0 11 -2 -2 0 0
0 -7 0 11 -2 -3 0 0
0 -7 0 11 -2 -4 1 0
0 -7 0 11 -2 0 0 0
0 -7 0 11 -3 -2 0 0
0 -7 0 11 -3 -3 1 0
0 -7 0 11 0 -1 0 0
0 -7 0 11 0 -2 0 0
0 -7 0 11 0 -3 0 0
0 -7 0 11 0 -4 0 0
0 -7 0 11 0 -5 0 0
0 -7 0 11 0 -6 0 1
0 -7 0 11 0 0 0 0
0 -7 0 11 1 -1 0 0
0 -7 0 11 1 -2 0 0
0 -7 0 11 1 -3 0 0
0 -7 0 11 1 -4 -1 0
0 -7 0 11 1 -4 0 0
0 -7 0 11 1 -5 -1 0
0 -7 0 11 1 0 0 0
0 -7 0 11 2 -1 0 0
0 -7 0 11 2 -2 0 0
0 -7 0 11 2 -3 0 0
0 -7 0 11 2 -4 -1 0
0 -7 0 11 2 0 0 0
0 -7 0 11 3 -2 0 0
0 -7 0 11 3 -3 -1 0
0 -7 0 12 -1 -2 0 0
0 -7 0 12 -1 -3 0 0
0 -7 0 12 -1 -4 0 0
0 -7 0 12 -1 -4 1 0
0 -7 0 12 -1 -5 0 0
0 -7 0 12 -1 -5 1 0
0 -7 0 12 -1 -6 1 0
0 -7 0 12 -2 -4 1 0
0 -7 0 12 -2 -5 1 0
0 -7 0 12 -2 -6 2 0
0 -7 0 12 -3 -5 2 0
0 -7 0 12 0 -2 0 0
0 -7 0 12 0 -3 0 0
0 -7 0 12 0 -4 0 0
0 -7 0 12 0 -5 -1 0
0 -7 0 12 0 -5 0 0
0 -7 0 12 0 -5 1 0
0 -7 0 12 0 -6 0 0
0 -7 0 12 0 -7 0 1
0 -7 0 12 1 -2 0 0
0 -7 0 12 1 -3 0 0
0 -7 0 12 1 -4 -1 0
0 -7 0 12 1 -4 0 0
0 -7 0 12 1 -5 -1 0
0 -7 0 12 1 -5 0 0
0 -7 0 12 1 -6 -1 0
0 -7 0 12 2 -4 -1 0
0 -7 0 12 2 -5 -1 0
0 -7 0 12 2 -6 -2 0
0 -7 0 12 3 -5 -2 0
0 -7 0 13 -1 -6 0 0
0 -7 0 13 -1 -6 1 0
0 -7 0 13 -1 -7 1 0
0 -7 0 13 -1 -8 1 1
0 -7 0 13 0 -4 0 0
0 -7 0 13 0 -5 -1 0
0 -7 0 13 0 -5 0 0
0 -7 0 13 0 -5 1 0
0 -7 0 13 0 -6 -1 0
0 -7 0 13 0 -6 0 0
0 -7 0 13 0 -6 1 0
0 -7 0 13 0 -7 0 0
0 -7 0 13 0 -7 0 1
0 -7 0 13 0 -8 0 1
0 -7 0 13 0 -9 0 2
0 -7 0 13 1 -6 -1 0
0 -7 0 13 1 -6 0 0
0 -7 0 13 1 -7 -1 0
0 -7 0 13 1 -8 -1 1
0 -7 0 14 -1 -10 1 2
0 -7 0 14 0 -10 0 2
0 -7 0 14 0 -11 0 3
0 -7 0 14 0 -8 0 0
0 -7 0 14 0 -9 0 1
0 -7 0 14 1 -10 -1 2
0 -7 0 2 0 0 0 0
0 -7 0 3 0 0 0 0
0 -7 0 4 -1 0 0 0
0 -7 0 4 0 0 0 0
0 -7 0 4 1 0 0 0
0 -7 0 5 -1 0 0 0
0 -7 0 5 0 0 0 0
0 -7 0 5 1 0 0 0
0 -7 0 6 -1 0 0 0
0 -7 0 6 -2 0 0 0
0 -7 0 6 0 -1 0 0
0 -7 0 6 0 0 0 0
0 -7 0 6 1 0 0 0
0 -7 0 6 2 0 0 0
0 -7 0 7 -1 -1 0 0
0 -7 0 7 -1 0 0 0
0 -7 0 7 -2 0 0 0
0 -7 0 7 0 -1 0 0
0 -7 0 7 0 0 0 0
0 -7 0 7 1 -1 0 0
0 -7 0 7 1 0 0 0
0 -7 0 7 2 0 0 0
0 -7 0 8 -1 -1 0 0
0 -7 0 8 -1 0 0 0
0 -7 0 8 -2 0 0 0
0 -7 0 8 -3 0 0 0
0 -7 0 8 0 -1 0 0
0 -7 0 8 0 -2 0 0
0 -7 0 8 0 0 0 0
0 -7 0 8 1 -1 0 0
0 -7 0 8 1 0 0 0
0 -7 0 8 2 0 0 0
0 -7 0 8 3 0 0 0
0 -7 0 9 -1 -1 0 0
0 -7 0 9 -1 -2 0 0
0 -7 0 9 -1 0 0 0
0 -7 0 9 -2 -1 0 0
0 -7 0 9 -2 0 0 0
0 -7 0 9 -3 0 0 0
0 -7 0 9 -4 0 0 0
0 -7 0 9 0 -1 0 0
0 -7 0 9 0 -2 0 0
0 -7 0 9 0 -3 0 0
0 -7 0 9 0 0 0 0
0 -7 0 9 1 -1 0 0
0 -7 0 9 1 -2 0 0
0 -7 0 9 1 0 0 0
0 -7 0 9 2 -1 0 0
0 -7 0 9 2 0 0 0
0 -7 0 9 3 0 0 0
0 -7 0 9 4 0 0 0
0 -7 1 1 0 0 0 0
0 -7 1 10 -1 -1 0 0
0 -7 1 10 -1 -2 0 0
0 -7 1 10 -1 -3 0 0
0 -7 1 10 -1 -4 0 0
0 -7 1 10 -1 0 0 0
0 -7 1 10 -2 -1 0 0
0 -7 1 10 -2 -2 0 0
0 -7 1 10 -2 -3 0 0
0 -7 1 10 -2 -4 1 0
0 -7 1 10 -2 0 0 0
0 -7 1 10 -3 -1 0 0
0 -7 1 10 -3 -2 0 0
0 -7 1 10 -3 -3 1 0
0 -7 1 10 -3 0 0 0
0 -7 1 10 -4 -1 0 0
0 -7 1 10 -4 0 0 0
0 -7 1 10 -5 0 0 0
0 -7 1 10 0 -1 0 0
0 -7 1 10 0 -2 0 0
0 -7 1 10 0 -3 0 0
0 -7 1 10 0 -4 -1 0
0 -7 1 10 0 0 0 0
0 -7 1 10 1 -2 0 0
0 -7 1 11 -1 -2 0 0
0 -7 1 11 -1 -3 0 0
0 -7 1 11 -1 -4 0 0
0 -7 1 11 -1 -4 1 0
0 -7 1 11 -1 -5 0 0
0 -7 1 11 -2 -1 0 0
0 -7 1 11 -2 -2 0 0
0 -7 1 11 -2 -3 0 0
0 -7 1 11 -2 -4 0 0
0 -7 1 11 -2 -4 1 0
0 -7 1 11 -2 -5 1 0
0 -7 1 11 -2 0 0 0
0 -7 1 11 -3 -1 0 0
0 -7 1 11 -3 -2 0 0
0 -7 1 11 -3 -3 0 0
0 -7 1 11 -3 -3 1 0
0 -7 1 11 -3 -4 1 0
0 -7 1 11 -3 -5 2 0
0 -7 1 11 -3 0 0 0
0 -7 1 11 -4 -1 0 0
0 -7 1 11 -4 -2 0 0
0 -7 1 11 -4 -3 1 0
0 -7 1 11 -4 0 0 0
0 -7 1 11 -5 -1 0 0
0 -7 1 11 -5 -2 1 0
0 -7 1 11 -5 0 0 0
0 -7 1 11 -6 0 0 0
0 -7 1 11 0 -4 0 0
0 -7 1 11 0 -5 -1 0
0 -7 1 12 -1 -6 0 0
0 -7 1 12 -1 -7 0 1
0 -7 1 12 -2 -4 0 0
0 -7 1 12 -2 -5 0 0
0 -7 1 12 -2 -5 1 0
0 -7 1 12 -2 -6 1 0
0 -7 1 12 -2 -7 1 1
0 -7 1 12 -3 -2 0 0
0 -7 1 12 -3 -3 0 0
0 -7 1 12 -3 -4 0 0
0 -7 1 12 -3 -4 1 0
0 -7 1 12 -3 -5 1 0
0 -7 1 12 -3 -6 1 1
0 -7 1 12 -3 -6 2 0
0 -7 1 12 -4 -2 0 0
0 -7 1 12 -4 -3 0 0
0 -7 1 12 -4 -3 1 0
0 -7 1 12 -4 -4 1 0
0 -7 1 12 -4 -5 2 0
0 -7 1 12 -5 -2 0 0
0 -7 1 12 -5 -3 1 0
0 -7 1 12 -5 -4 2 0
0 -7 1 13 -2 -9 1 2
0 -7 1 13 -3 -7 1 1
0 -7 1 13 -3 -7 2 0
0 -7 1 13 -3 -8 2 1
0 -7 1 13 -4 -4 0 0
0 -7 1 13 -4 -5 1 0
0 -7 1 13 -4 -5 2 0
0 -7 1 13 -4 -6 2 0
0 -7 1 13 -4 -7 3 0
0 -7 1 13 -5 -5 2 0
0 -7 1 13 -5 -6 3 0
0 -7 1 14 -5 -8 4 0
0 -7 1 2 0 0 0 0
0 -7 1 3 0 0 0 0
0 -7 1 4 -1 0 0 0
0 -7 1 4 0 0 0 0
0 -7 1 4 1 0 0 0
0 -7 1 5 -1 0 0 0
0 -7 1 5 0 0 0 0
0 -7 1 5 1 0 0 0
0 -7 1 6 -1 -1 0 0
0 -7 1 6 -1 0 0 0
0 -7 1 6 -2 0 0 0
0 -7 1 6 0 -1 0 0
0 -7 1 6 0 0 0 0
0 -7 1 6 1 0 0 0
0 -7 1 7 -1 -1 0 0
0 -7 1 7 -1 0 0 0
0 -7 1 7 -2 0 0 0
0 -7 1 7 -3 0 0 0
0 -7 1 7 0 -1 0 0
0 -7 1 7 0 0 0 0
0 -7 1 7 1 0 0 0
0 -7 1 7 2 0 0 0
0 -7 1 8 -1 -1 0 0
0 -7 1 8 -1 -2 0 0
0 -7 1 8 -1 0 0 0
0 -7 1 8 -2 -1 0 0
0 -7 1 8 -2 0 0 0
0 -7 1 8 -3 0 0 0
0 -7 1 8 0 -1 0 0
0 -7 1 8 0 -2 0 0
0 -7 1 8 0 0 0 0
0 -7 1 8 1 -1 0 0
0 -7 1 8 1 0 0 0
0 -7 1 8 2 0 0 0
0 -7 1 8 3 0 0 0
0 -7 1 9 -1 -1 0 0
0 -7 1 9 -1 -2 0 0
0 -7 1 9 -1 -3 0 0
0 -7 1 9 -1 0 0 0
0 -7 1 9 -2 -1 0 0
0 -7 1 9 -2 -2 0 0
0 -7 1 9 -2 -3 1 0
0 -7 1 9 -2 0 0 0
0 -7 1 9 -3 -1 0 0
0 -7 1 9 -3 0 0 0
0 -7 1 9 -4 0 0 0
0 -7 1 9 -6 1 0 0
0 -7 1 9 0 -1 0 0
0 -7 1 9 0 -2 0 0
0 -7 1 9 0 0 0 0
0 -7 1 9 1 -1 0 0
0 -7 1 9 1 0 0 0
0 -7 1 9 2 -1 0 0
0 -7 1 9 2 0 0 0
0 -7 2 1 0 0 0 0
0 -7 2 10 -2 -4 0 0
0 -7 2 10 -3 -2 0 0
0 -7 2 10 -3 -3 0 0
0 -7 2 10 -3 -3 1 0
0 -7 2 10 -3 -4 1 0
0 -7 2 10 -4 -1 0 0
0 -7 2 10 -4 -2 0 0
0 -7 2 10 -4 -3 1 0
0 -7 2 10 -4 0 0 0
0 -7 2 10 -5 -1 0 0
0 -7 2 10 -5 -2 1 0
0 -7 2 10 -5 0 0 0
0 -7 2 10 -6 0 0 0
0 -7 2 10 -7 1 0 0
0 -7 2 11 -4 -5 2 0
0 -7 2 11 -5 -2 0 0
0 -7 2 11 -5 -3 1 0
0 -7 2 11 -5 -4 2 0
0 -7 2 11 -6 -1 0 0
0 -7 2 11 -6 -2 1 0
0 -7 2 11 -6 0 0 0
0 -7 2 11 -7 -1 1 0
0 -7 2 11 -7 0 0 0
0 -7 2 11 -7 1 0 0
0 -7 2 11 -8 1 0 0
0 -7 2 12 -7 -3 2 0
0 -7 2 12 -8 -1 1 0
0 -7 2 2 0 0 0 0
0 -7 2 3 -1 0 0 0
0 -7 2 3 0 0 0 0
0 -7 2 4 -1 0 0 0
0 -7 2 4 0 0 0 0
0 -7 2 5 -1 0 0 0
0 -7 2 5 -2 0 0 0
0 -7 2 5 0 0 0 0
0 -7 2 5 1 0 0 0
0 -7 2 6 -1 -1 0 0
0 -7 2 6 -1 0 0 0
0 -7 2 6 -2 0 0 0
0 -7 2 6 0 0 0 0
0 -7 2 6 1 0 0 0
0 -7 2 7 -1 -1 0 0
0 -7 2 7 -1 0 0 0
0 -7 2 7 -2 -1 0 0
0 -7 2 7 -2 0 0 0
0 -7 2 7 -3 0 0 0
0 -7 2 7 0 -1 0 0
0 -7 2 7 0 0 0 0
0 -7 2 7 1 0 0 0
0 -7 2 8 -1 -1 0 0
0 -7 2 8 -1 -2 0 0
0 -7 2 8 -1 0 0 0
0 -7 2 8 -2 -1 0 0
0 -7 2 8 -2 -2 0 0
0 -7 2 8 -2 0 0 0
0 -7 2 8 -3 -1 0 0
0 -7 2 8 -3 0 0 0
0 -7 2 8 -4 0 0 0
0 -7 2 8 0 -1 0 0
0 -7 2 8 0 0 0 0
0 -7 2 9 -1 -2 0 0
0 -7 2 9 -2 -1 0 0
0 -7 2 9 -2 -2 0 0
0 -7 2 9 -2 -3 0 0
0 -7 2 9 -2 0 0 0
0 -7 2 9 -3 -1 0 0
0 -7 2 9 -3 -2 0 0
0 -7 2 9 -3 -3 1 0
0 -7 2 9 -3 0 0 0
0 -7 2 9 -4 -1 0 0
0 -7 2 9 -4 0 0 0
0 -7 2 9 -5 0 0 0
0 -7 2 9 -6 1 0 0
0 -7 3 0 0 0 0 0
0 -7 3 1 0 0 0 0
0 -7 3 10 -9 2 0 0
0 -7 3 2 0 0 0 0
0 -7 3 3 -1 0 0 0
0 -7 3 3 0 0 0 0
0 -7 3 4 -1 0 0 0
0 -7 3 4 -2 0 0 0
0 -7 3 4 0 0 0 0
0 -7 3 5 -1 0 0 0
0 -7 3 5 -2 0 0 0
0 -7 3 5 0 0 0 0
0 -7 3 5 1 0 0 0
0 -7 3 6 -1 -1 0 0
0 -7 3 6 -1 0 0 0
0 -7 3 6 -2 -1 0 0
0 -7 3 6 -2 0 0 0
0 -7 3 6 -3 0 0 0
0 -7 3 6 0 0 0 0
0 -7 3 7 -2 -1 0 0
0 -7 3 7 -2 -2 0 0
0 -7 3 7 -2 0 0 0
0 -7 3 7 -3 -1 0 0
0 -7 3 7 -3 0 0 0
0 -7 3 7 -4 0 0 0
0 -7 3 8 -3 -2 0 0
0 -7 3 8 -4 -1 0 0
0 -7 3 8 -4 -2 1 0
0 -7 3 8 -4 0 0 0
0 -7 3 8 -5 0 0 0
0 -7 3 8 -6 1 0 0
0 -7 3 9 -6 0 0 0
0 -7 3 9 -7 1 0 0
0 -7 4 0 0 0 0 0
0 -7 4 1 0 0 0 0
0 -7 4 2 -1 0 0 0
0 -7 4 2 0 0 0 0
0 -7 4 3 -1 0 0 0
0 -7 4 3 0 0 0 0
0 -7 4 4 -1 0 0 0
0 -7 4 4 -2 0 0 0
0 -7 4 4 0 0 0 0
0 -7 4 5 -2 -1 0 0
0 -7 4 5 -2 0 0 0
0 -7 4 5 -3 0 0 0
0 -7 4 6 -4 0 0 0
0 -7 5 0 0 0 0 0
0 -7 5 1 0 0 0 0
0 -7 5 2 -1 0 0 0
0 -7 5 2 0 0 0 0
0 -7 5 3 -2 0 0 0
0 -7 6 0 0 0 0 0
0 -8 -1 1 0 0 0 0
0 -8 -1 10 -1 -1 0 0
0 -8 -1 10 -1 -2 0 0
0 -8 -1 10 -1 0 0 0
0 -8 -1 10 -2 -1 0 0
0 -8 -1 10 -2 0 0 0
0 -8 -1 10 -3 0 0 0
0 -8 -1 10 -4 0 0 0
0 -8 -1 10 0 -1 0 0
0 -8 -1 10 0 -2 0 0
0 -8 -1 10 0 0 0 0
0 -8 -1 10 1 -1 0 0
0 -8 -1 10 1 -2 0 0
0 -8 -1 10 1 -3 0 0
0 -8 -1 10 1 0 0 0
0 -8 -1 10 2 -1 0 0
0 -8 -1 10 2 -2 0 0
0 -8 -1 10 2 0 0 0
0 -8 -1 10 3 -1 0 0
0 -8 -1 10 3 0 0 0
0 -8 -1 10 4 0 0 0
0 -8 -1 11 -1 -1 0 0
0 -8 -1 11 -1 -2 0 0
0 -8 -1 11 -1 0 0 0
0 -8 -1 11 -2 -1 0 0
0 -8 -1 11 -2 0 0 0
0 -8 -1 11 -3 -1 0 0
0 -8 -1 11 -3 0 0 0
0 -8 -1 11 -4 0 0 0
0 -8 -1 11 0 -1 0 0
0 -8 -1 11 0 -2 0 0
0 -8 -1 11 0 -3 0 0
0 -8 -1 11 0 -4 1 0
0 -8 -1 11 0 0 0 0
0 -8 -1 11 1 -1 0 0
0 -8 -1 11 1 -2 0 0
0 -8 -1 11 1 -3 0 0
0 -8 -1 11 1 -4 0 0
0 -8 -1 11 1 0 0 0
0 -8 -1 11 2 -1 0 0
0 -8 -1 11 2 -2 0 0
0 -8 -1 11 2 -3 0 0
0 -8 -1 11 2 -4 -1 0
0 -8 -1 11 2 0 0 0
0 -8 -1 11 3 -1 0 0
0 -8 -1 11 3 -2 0 0
0 -8 -1 11 3 -3 -1 0
0 -8 -1 11 3 0 0 0
0 -8 -1 11 4 -1 0 0
0 -8 -1 11 4 0 0 0
0 -8 -1 11 5 0 0 0
0 -8 -1 11 7 1 0 0
0 -8 -1 12 -1 -1 0 0
0 -8 -1 12 -1 -2 0 0
0 -8 -1 12 -1 -3 0 0
0 -8 -1 12 -1 -4 1 0
0 -8 -1 12 -1 0 0 0
0 -8 -1 12 -2 -1 0 0
0 -8 -1 12 -2 -2 0 0
0 -8 -1 12 -2 0 0 0
0 -8 -1 12 -3 -1 0 0
0 -8 -1 12 -3 -3 1 0
0 -8 -1 12 -3 0 0 0
0 -8 -1 12 -4 0 0 0
0 -8 -1 12 0 -1 0 0
0 -8 -1 12 0 -2 0 0
0 -8 -1 12 0 -3 0 0
0 -8 -1 12 0 -4 0 0
0 -8 -1 12 0 -5 1 0
0 -8 -1 12 0 0 0 0
0 -8 -1 12 1 -1 0 0
0 -8 -1 12 1 -2 0 0
0 -8 -1 12 1 -3 0 0
0 -8 -1 12 1 -4 -1 0
0 -8 -1 12 1 -4 0 0
0 -8 -1 12 1 -5 0 0
0 -8 -1 12 1 0 0 0
0 -8 -1 12 2 -1 0 0
0 -8 -1 12 2 -2 0 0
0 -8 -1 12 2 -3 0 0
0 -8 -1 12 2 -4 -1 0
0 -8 -1 12 2 -4 0 0
0 -8 -1 12 2 -5 -1 0
0 -8 -1 12 2 0 0 0
0 -8 -1 12 3 -1 0 0
0 -8 -1 12 3 -2 0 0
0 -8 -1 12 3 -3 0 0
0 -8 -1 12 3 -4 -1 0
0 -8 -1 12 3 0 0 0
0 -8 -1 12 4 -1 0 0
0 -8 -1 12 4 -2 0 0
0 -8 -1 12 4 -3 -1 0
0 -8 -1 12 4 0 0 0
0 -8 -1 12 5 -1 0 0
0 -8 -1 12 5 0 0 0
0 -8 -1 12 6 0 0 0
0 -8 -1 12 7 1 0 0
0 -8 -1 13 -1 -1 0 0
0 -8 -1 13 -1 -2 0 0
0 -8 -1 13 -1 -3 0 0
0 -8 -1 13 -1 -4 0 0
0 -8 -1 13 -1 -4 1 0
0 -8 -1 13 -1 -5 1 0
0 -8 -1 13 -1 0 0 0
0 -8 -1 13 -2 -1 0 0
0 -8 -1 13 -2 -2 0 0
0 -8 -1 13 -2 -3 0 0
0 -8 -1 13 -2 -4 1 0
0 -8 -1 13 -2 0 0 0
0 -8 -1 13 -3 -2 0 0
0 -8 -1 13 0 -1 0 0
0 -8 -1 13 0 -2 0 0
0 -8 -1 13 0 -3 0 0
0 -8 -1 13 0 -4 0 0
0 -8 -1 13 0 -5 0 0
0 -8 -1 13 0 -5 1 0
0 -8 -1 13 0 -6 1 0
0 -8 -1 13 0 0 0 0
0 -8 -1 13 1 -1 0 0
0 -8 -1 13 1 -2 0 0
0 -8 -1 13 1 -3 0 0
0 -8 -1 13 1 -4 0 0
0 -8 -1 13 1 -5 -1 0
0 -8 -1 13 1 -5 0 0
0 -8 -1 13 1 -5 1 0
0 -8 -1 13 1 -6 0 0
0 -8 -1 13 1 -7 0 1
0 -8 -1 13 1 0 0 0
0 -8 -1 13 2 -1 0 0
0 -8 -1 13 2 -2 0 0
0 -8 -1 13 2 -3 0 0
0 -8 -1 13 2 -4 -1 0
0 -8 -1 13 2 -4 0 0
0 -8 -1 13 2 -5 -1 0
0 -8 -1 13 2 -5 0 0
0 -8 -1 13 2 -6 -1 0
0 -8 -1 13 2 -7 -1 1
0 -8 -1 13 2 0 0 0
0 -8 -1 13 3 -1 0 0
0 -8 -1 13 3 -2 0 0
0 -8 -1 13 3 -3 0 0
0 -8 -1 13 3 -4 -1 0
0 -8 -1 13 3 -4 0 0
0 -8 -1 13 3 -5 -1 0
0 -8 -1 13 3 -6 -2 0
0 -8 -1 13 3 0 0 0
0 -8 -1 13 4 -1 0 0
0 -8 -1 13 4 -2 0 0
0 -8 -1 13 4 -3 -1 0
0 -8 -1 13 4 -3 0 0
0 -8 -1 13 4 -4 -1 0
0 -8 -1 13 4 -5 -2 0
0 -8 -1 13 4 0 0 0
0 -8 -1 13 5 -1 0 0
0 -8 -1 13 5 -2 0 0
0 -8 -1 13 5 -3 -1 0
0 -8 -1 13 5 0 0 0
0 -8 -1 13 6 -1 0 0
0 -8 -1 13 6 -2 -1 0
0 -8 -1 13 6 0 0 0
0 -8 -1 13 7 0 0 0
0 -8 -1 13 8 1 0 0
0 -8 -1 14 -1 -2 0 0
0 -8 -1 14 -1 -3 0 0
0 -8 -1 14 -1 -4 0 0
0 -8 -1 14 -1 -5 0 0
0 -8 -1 14 -1 -5 1 0
0 -8 -1 14 -1 -6 1 0
0 -8 -1 14 -1 -7 2 0
0 -8 -1 14 -2 -4 0 0
0 -8 -1 14 -2 -4 1 0
0 -8 -1 14 -2 -5 1 0
0 -8 -1 14 -2 -6 2 0
0 -8 -1 14 0 -1 0 0
0 -8 -1 14 0 -2 0 0
0 -8 -1 14 0 -3 0 0
0 -8 -1 14 0 -4 0 0
0 -8 -1 14 0 -5 -1 0
0 -8 -1 14 0 -5 0 0
0 -8 -1 14 0 -5 1 0
0 -8 -1 14 0 -6 0 0
0 -8 -1 14 0 -6 1 0
0 -8 -1 14 0 -7 0 1
0 -8 -1 14 0 -7 1 0
0 -8 -1 14 0 0 0 0
0 -8 -1 14 1 -1 0 0
0 -8 -1 14 1 -2 0 0
0 -8 -1 14 1 -3 0 0
0 -8 -1 14 1 -4 0 0
0 -8 -1 14 1 -5 -1 0
0 -8 -1 14 1 -5 0 0
0 -8 -1 14 1 -5 1 0
0 -8 -1 14 1 -6 -1 0
0 -8 -1 14 1 -6 0 0
0 -8 -1 14 1 -6 1 0
0 -8 -1 14 1 -7 0 0
0 -8 -1 14 1 -8 0 1
0 -8 -1 14 1 0 0 0
0 -8 -1 14 2 -1 0 0
0 -8 -1 14 2 -2 0 0
0 -8 -1 14 2 -3 0 0
0 -8 -1 14 2 -4 -1 0
0 -8 -1 14 2 -4 0 0
0 -8 -1 14 2 -5 -1 0
0 -8 -1 14 2 -5 0 0
0 -8 -1 14 2 -6 -1 0
0 -8 -1 14 2 -6 0 0
0 -8 -1 14 2 -7 -1 0
0 -8 -1 14 2 -8 -1 1
0 -8 -1 14 2 0 0 0
0 -8 -1 14 3 -1 0 0
0 -8 -1 14 3 -2 0 0
0 -8 -1 14 3 -3 0 0
0 -8 -1 14 3 -4 -1 0
0 -8 -1 14 3 -4 0 0
0 -8 -1 14 3 -5 -1 0
0 -8 -1 14 3 -5 0 0
0 -8 -1 14 3 -6 -1 0
0 -8 -1 14 3 -6 -2 0
0 -8 -1 14 3 -7 -1 1
0 -8 -1 14 3 -7 -2 0
0 -8 -1 14 3 0 0 0
0 -8 -1 14 4 -1 0 0
0 -8 -1 14 4 -2 0 0
0 -8 -1 14 4 -3 -1 0
0 -8 -1 14 4 -3 0 0
0 -8 -1 14 4 -4 -1 0
0 -8 -1 14 4 -4 0 0
0 -8 -1 14 4 -5 -1 0
0 -8 -1 14 4 -6 -2 0
0 -8 -1 14 4 -7 -3 0
0 -8 -1 14 4 0 0 0
0 -8 -1 14 5 -1 0 0
0 -8 -1 14 5 -2 0 0
0 -8 -1 14 5 -3 -1 0
0 -8 -1 14 5 -3 0 0
0 -8 -1 14 5 -4 -1 0
0 -8 -1 14 5 -5 -2 0
0 -8 -1 14 5 0 0 0
0 -8 -1 14 6 -1 0 0
0 -8 -1 14 6 -2 0 0
0 -8 -1 14 6 -3 -1 0
0 -8 -1 14 6 -4 -2 0
0 -8 -1 14 6 0 0 0
0 -8 -1 14 7 -1 0 0
0 -8 -1 14 7 -2 -1 0
0 -8 -1 14 7 0 0 0
0 -8 -1 14 8 0 0 0
0 -8 -1 15 -1 -6 1 0
0 -8 -1 15 -1 -7 1 0
0 -8 -1 15 -1 -7 2 0
0 -8 -1 15 -1 -8 1 1
0 -8 -1 15 -1 -8 2 0
0 -8 -1 15 -2 -8 3 0
0 -8 -1 15 0 -5 -1 0
0 -8 -1 15 0 -5 0 0
0 -8 -1 15 0 -5 1 0
0 -8 -1 15 0 -6 -1 0
0 -8 -1 15 0 -6 0 0
0 -8 -1 15 0 -6 1 0
0 -8 -1 15 0 -7 0 0
0 -8 -1 15 0 -7 1 0
0 -8 -1 15 0 -8 0 1
0 -8 -1 15 0 -8 1 0
0 -8 -1 15 0 -8 2 0
0 -8 -1 15 0 -9 1 1
0 -8 -1 15 1 -10 0 2
0 -8 -1 15 1 -3 0 0
0 -8 -1 15 1 -4 0 0
0 -8 -1 15 1 -5 -1 0
0 -8 -1 15 1 -5 0 0
0 -8 -1 15 1 -5 1 0
0 -8 -1 15 1 -6 -1 0
0 -8 -1 15 1 -6 0 0
0 -8 -1 15 1 -6 1 0
0 -8 -1 15 1 -7 -1 0
0 -8 -1 15 1 -7 0 0
0 -8 -1 15 1 -7 1 0
0 -8 -1 15 1 -8 0 0
0 -8 -1 15 1 -8 0 1
0 -8 -1 15 1 -9 0 1
0 -8 -1 15 2 -1 0 0
0 -8 -1 15 2 -10 -1 2
0 -8 -1 15 2 -2 0 0
0 -8 -1 15 2 -3 0 0
0 -8 -1 15 2 -4 -1 0
0 -8 -1 15 2 -4 0 0
0 -8 -1 15 2 -5 -1 0
0 -8 -1 15 2 -5 0 0
0 -8 -1 15 2 -6 -1 0
0 -8 -1 15 2 -6 0 0
0 -8 -1 15 2 -6 1 0
0 -8 -1 15 2 -7 -1 0
0 -8 -1 15 2 -7 -2 0
0 -8 -1 15 2 -7 0 0
0 -8 -1 15 2 -8 -1 0
0 -8 -1 15 2 -8 -1 1
0 -8 -1 15 2 -9 -1 1
0 -8 -1 15 3 -1 0 0
0 -8 -1 15 3 -2 0 0
0 -8 -1 15 3 -3 0 0
0 -8 -1 15 3 -4 -1 0
0 -8 -1 15 3 -4 0 0
0 -8 -1 15 3 -5 -1 0
0 -8 -1 15 3 -5 0 0
0 -8 -1 15 3 -6 -1 0
0 -8 -1 15 3 -6 -2 0
0 -8 -1 15 3 -6 0 0
0 -8 -1 15 3 -7 -1 0
0 -8 -1 15 3 -7 -2 0
0 -8 -1 15 3 -8 -1 1
0 -8 -1 15 3 -8 -2 0
0 -8 -1 15 3 -9 -2 1
0 -8 -1 15 3 0 0 0
0 -8 -1 15 4 -1 0 0
0 -8 -1 15 4 -2 0 0
0 -8 -1 15 4 -3 0 0
0 -8 -1 15 4 -4 -1 0
0 -8 -1 15 4 -4 0 0
0 -8 -1 15 4 -5 -1 0
0 -8 -1 15 4 -5 0 0
0 -8 -1 15 4 -6 -1 0
0 -8 -1 15 4 -6 -2 0
0 -8 -1 15 4 -7 -2 0
0 -8 -1 15 4 -8 -2 1
0 -8 -1 15 4 -8 -3 0
0 -8 -1 15 4 0 0 0
0 -8 -1 15 5 -1 0 0
0 -8 -1 15 5 -2 0 0
0 -8 -1 15 5 -3 -1 0
0 -8 -1 15 5 -3 0 0
0 -8 -1 15 5 -4 -1 0
0 -8 -1 15 5 -4 0 0
0 -8 -1 15 5 -5 -1 0
0 -8 -1 15 5 -5 -2 0
0 -8 -1 15 5 -6 -2 0
0 -8 -1 15 5 -7 -3 0
0 -8 -1 15 5 0 0 0
0 -8 -1 15 6 -1 0 0
0 -8 -1 15 6 -2 0 0
0 -8 -1 15 6 -3 -1 0
0 -8 -1 15 6 -3 0 0
0 -8 -1 15 6 -4 -1 0
0 -8 -1 15 6 -5 -2 0
0 -8 -1 15 6 -6 -3 0
0 -8 -1 15 6 0 0 0
0 -8 -1 15 7 -2 -1 0
0 -8 -1 15 7 -2 0 0
0 -8 -1 15 7 -3 -1 0
0 -8 -1 15 7 -4 -2 0
0 -8 -1 16 -1 -10 2 1
0 -8 -1 16 -1 -10 3 0
0 -8 -1 16 -1 -9 2 0
0 -8 -1 16 -1 -9 3 0
0 -8 -1 16 -2 -10 4 0
0 -8 -1 16 0 -10 1 1
0 -8 -1 16 0 -8 0 1
0 -8 -1 16 0 -8 1 0
0 -8 -1 16 0 -8 2 0
0 -8 -1 16 0 -9 0 1
0 -8 -1 16 0 -9 1 0
0 -8 -1 16 0 -9 1 1
0 -8 -1 16 0 -9 2 0
0 -8 -1 16 1 -10 0 1
0 -8 -1 16 1 -11 0 2
0 -8 -1 16 1 -6 0 0
0 -8 -1 16 1 -6 1 0
0 -8 -1 16 1 -7 -1 0
0 -8 -1 16 1 -7 0 0
0 -8 -1 16 1 -7 1 0
0 -8 -1 16 1 -8 -1 0
0 -8 -1 16 1 -8 0 0
0 -8 -1 16 1 -8 0 1
0 -8 -1 16 1 -8 1 0
0 -8 -1 16 1 -8 2 0
0 -8 -1 16 1 -9 -1 1
0 -8 -1 16 1 -9 0 0
0 -8 -1 16 1 -9 0 1
0 -8 -1 16 1 -9 1 0
0 -8 -1 16 2 -10 -1 1
0 -8 -1 16 2 -11 -1 2
0 -8 -1 16 2 -12 -1 3
0 -8 -1 16 2 -4 0 0
0 -8 -1 16 2 -5 -1 0
0 -8 -1 16 2 -5 0 0
0 -8 -1 16 2 -6 -1 0
0 -8 -1 16 2 -6 0 0
0 -8 -1 16 2 -6 1 0
0 -8 -1 16 2 -7 -1 0
0 -8 -1 16 2 -7 -2 0
0 -8 -1 16 2 -7 0 0
0 -8 -1 16 2 -7 1 0
0 -8 -1 16 2 -8 -1 0
0 -8 -1 16 2 -8 -2 0
0 -8 -1 16 2 -8 0 0
0 -8 -1 16 2 -9 -1 0
0 -8 -1 16 2 -9 -1 1
0 -8 -1 16 2 -9 0 1
0 -8 -1 16 3 -10 -2 1
0 -8 -1 16 3 -11 -2 2
0 -8 -1 16 3 -3 0 0
0 -8 -1 16 3 -4 -1 0
0 -8 -1 16 3 -4 0 0
0 -8 -1 16 3 -5 -1 0
0 -8 -1 16 3 -5 0 0
0 -8 -1 16 3 -6 -1 0
0 -8 -1 16 3 -6 0 0
0 -8 -1 16 3 -6 1 0
0 -8 -1 16 3 -7 -1 0
0 -8 -1 16 3 -7 -2 0
0 -8 -1 16 3 -7 0 0
0 -8 -1 16 3 -8 -1 0
0 -8 -1 16 3 -8 -1 1
0 -8 -1 16 3 -8 -2 0
0 -8 -1 16 3 -9 -1 1
0 -8 -1 16 3 -9 -2 0
0 -8 -1 16 4 -10 -3 1
0 -8 -1 16 4 -3 0 0
0 -8 -1 16 4 -4 -1 0
0 -8 -1 16 4 -4 0 0
0 -8 -1 16 4 -5 -1 0
0 -8 -1 16 4 -5 0 0
0 -8 -1 16 4 -6 -1 0
0 -8 -1 16 4 -6 -2 0
0 -8 -1 16 4 -6 0 0
0 -8 -1 16 4 -7 -1 0
0 -8 -1 16 4 -7 -2 0
0 -8 -1 16 4 -8 -1 1
0 -8 -1 16 4 -8 -2 0
0 -8 -1 16 4 -8 -3 0
0 -8 -1 16 4 -9 -2 1
0 -8 -1 16 4 -9 -3 0
0 -8 -1 16 5 -3 -1 0
0 -8 -1 16 5 -3 0 0
0 -8 -1 16 5 -4 -1 0
0 -8 -1 16 5 -4 0 0
0 -8 -1 16 5 -5 -1 0
0 -8 -1 16 5 -5 0 0
0 -8 -1 16 5 -6 -1 0
0 -8 -1 16 5 -6 -2 0
0 -8 -1 16 5 -7 -2 0
0 -8 -1 16 5 -7 -3 0
0 -8 -1 16 5 -8 -2 1
0 -8 -1 16 5 -8 -3 0
0 -8 -1 16 5 -9 -4 0
0 -8 -1 16 6 -4 -1 0
0 -8 -1 16 6 -4 0 0
0 -8 -1 16 6 -5 -1 0
0 -8 -1 16 6 -5 -2 0
0 -8 -1 16 6 -6 -2 0
0 -8 -1 16 6 -7 -2 1
0 -8 -1 16 6 -7 -3 0
0 -8 -1 16 6 -8 -4 0
0 -8 -1 16 7 -5 -2 0
0 -8 -1 16 7 -6 -3 0
0 -8 -1 16 7 -8 -6 -1
0 -8 -1 17 0 -11 2 0
0 -8 -1 17 1 -10 0 0
0 -8 -1 17 1 -10 1 0
0 -8 -1 17 1 -10 1 1
0 -8 -1 17 1 -10 2 0
0 -8 -1 17 1 -11 0 1
0 -8 -1 17 1 -11 0 2
0 -8 -1 17 1 -11 1 1
0 -8 -1 17 1 -12 0 2
0 -8 -1 17 1 -13 0 3
0 -8 -1 17 2 -10 -1 0
0 -8 -1 17 2 -10 -1 1
0 -8 -1 17 2 -10 0 0
0 -8 -1 17 2 -10 0 1
0 -8 -1 17 2 -11 -1 1
0 -8 -1 17 2 -11 -1 2
0 -8 -1 17 2 -12 -1 2
0 -8 -1 17 2 -13 -1 3
0 -8 -1 17 2 -14 -1 4
0 -8 -1 17 2 -8 1 0
0 -8 -1 17 2 -9 -1 0
0 -8 -1 17 2 -9 -1 1
0 -8 -1 17 2 -9 -2 0
0 -8 -1 17 2 -9 0 0
0 -8 -1 17 2 -9 0 1
0 -8 -1 17 2 -9 1 0
0 -8 -1 17 3 -10 -1 1
0 -8 -1 17 3 -10 -2 0
0 -8 -1 17 3 -10 -2 1
0 -8 -1 17 3 -10 -3 0
0 -8 -1 17 3 -11 -1 2
0 -8 -1 17 3 -11 -2 1
0 -8 -1 17 3 -12 -2 2
0 -8 -1 17 3 -13 -2 3
0 -8 -1 17 3 -6 0 0
0 -8 -1 17 3 -6 1 0
0 -8 -1 17 3 -7 -1 0
0 -8 -1 17 3 -7 0 0
0 -8 -1 17 3 -7 1 0
0 -8 -1 17 3 -8 -1 0
0 -8 -1 17 3 -8 -1 1
0 -8 -1 17 3 -8 -2 0
0 -8 -1 17 3 -8 0 0
0 -8 -1 17 3 -8 1 0
0 -8 -1 17 3 -9 -1 0
0 -8 -1 17 3 -9 -1 1
0 -8 -1 17 3 -9 -2 0
0 -8 -1 17 3 -9 -3 0
0 -8 -1 17 3 -9 0 0
0 -8 -1 17 4 -10 -2 1
0 -8 -1 17 4 -10 -3 0
0 -8 -1 17 4 -10 -4 0
0 -8 -1 17 4 -11 -2 2
0 -8 -1 17 4 -11 -3 1
0 -8 -1 17 4 -12 -3 2
0 -8 -1 17 4 -6 -1 0
0 -8 -1 17 4 -6 -2 0
0 -8 -1 17 4 -6 0 0
0 -8 -1 17 4 -6 1 0
0 -8 -1 17 4 -7 -1 0
0 -8 -1 17 4 -7 -2 0
0 -8 -1 17 4 -7 0 0
0 -8 -1 17 4 -7 1 0
0 -8 -1 17 4 -8 -1 0
0 -8 -1 17 4 -8 -1 1
0 -8 -1 17 4 -8 -2 0
0 -8 -1 17 4 -8 -3 0
0 -8 -1 17 4 -9 -1 1
0 -8 -1 17 4 -9 -2 0
0 -8 -1 17 4 -9 -2 1
0 -8 -1 17 4 -9 -3 0
0 -8 -1 17 5 -10 -2 2
0 -8 -1 17 5 -10 -3 1
0 -8 -1 17 5 -10 -4 0
0 -8 -1 17 5 -11 -4 1
0 -8 -1 17 5 -11 -5 0
0 -8 -1 17 5 -6 -1 0
0 -8 -1 17 5 -6 -2 0
0 -8 -1 17 5 -6 0 0
0 -8 -1 17 5 -7 -1 0
0 -8 -1 17 5 -7 -2 0
0 -8 -1 17 5 -8 -1 1
0 -8 -1 17 5 -8 -2 0
0 -8 -1 17 5 -8 -3 0
0 -8 -1 17 5 -9 -2 1
0 -8 -1 17 5 -9 -3 0
0 -8 -1 17 5 -9 -4 0
0 -8 -1 17 6 -10 -5 0
0 -8 -1 17 6 -7 -2 0
0 -8 -1 17 6 -7 -3 0
0 -8 -1 17 6 -8 -2 1
0 -8 -1 17 6 -8 -3 0
0 -8 -1 17 6 -9 -3 1
0 -8 -1 17 6 -9 -4 0
0 -8 -1 17 7 -10 -7 -1
0 -8 -1 17 7 -8 -4 0
0 -8 -1 18 -1 -14 4 1
0 -8 -1 18 1 -15 0 4
0 -8 -1 18 2 -12 -1 2
0 -8 -1 18 2 -12 0 0
0 -8 -1 18 2 -13 0 2
0 -8 -1 18 2 -14 -1 3
0 -8 -1 18 2 -15 -1 4
0 -8 -1 18 2 -16 -1 5
0 -8 -1 18 3 -10 0 1
0 -8 -1 18 3 -11 -1 0
0 -8 -1 18 3 -11 -1 1
0 -8 -1 18 3 -11 -1 2
0 -8 -1 18 3 -11 -2 0
0 -8 -1 18 3 -11 0 1
0 -8 -1 18 3 -12 -1 1
0 -8 -1 18 3 -12 -1 2
0 -8 -1 18 3 -12 -2 0
0 -8 -1 18 3 -12 -2 1
0 -8 -1 18 3 -12 -3 1
0 -8 -1 18 3 -13 -2 2
0 -8 -1 18 3 -14 -2 3
0 -8 -1 18 3 -15 -2 4
0 -8 -1 18 3 -9 2 0
0 -8 -1 18 4 -10 -1 0
0 -8 -1 18 4 -10 -1 1
0 -8 -1 18 4 -10 -2 0
0 -8 -1 18 4 -10 -2 1
0 -8 -1 18 4 -10 -3 0
0 -8 -1 18 4 -10 0 1
0 -8 -1 18 4 -11 -2 1
0 -8 -1 18 4 -11 -3 0
0 -8 -1 18 4 -11 -3 1
0 -8 -1 18 4 -11 -4 0
0 -8 -1 18 4 -12 -2 2
0 -8 -1 18 4 -12 -3 1
0 -8 -1 18 4 -12 -4 0
0 -8 -1 18 4 -13 -2 3
0 -8 -1 18 4 -13 -3 2
0 -8 -1 18 4 -14 -3 3
0 -8 -1 18 4 -8 0 0
0 -8 -1 18 4 -9 -1 0
0 -8 -1 18 4 -9 -1 1
0 -8 -1 18 4 -9 0 0
0 -8 -1 18 5 -10 -2 1
0 -8 -1 18 5 -10 -3 0
0 -8 -1 18 5 -10 -4 0
0 -8 -1 18 5 -11 -2 2
0 -8 -1 18 5 -11 -3 1
0 -8 -1 18 5 -11 -4 0
0 -8 -1 18 5 -11 -5 0
0 -8 -1 18 5 -12 -3 2
0 -8 -1 18 5 -12 -4 1
0 -8 -1 18 5 -12 -5 0
0 -8 -1 18 5 -13 -4 2
0 -8 -1 18 5 -13 -5 1
0 -8 -1 18 5 -9 -3 0
0 -8 -1 18 6 -10 -4 0
0 -8 -1 18 6 -11 -3 2
0 -8 -1 18 6 -11 -4 1
0 -8 -1 18 6 -11 -5 0
0 -8 -1 18 6 -11 -7 -1
0 -8 -1 18 6 -12 -5 1
0 -8 -1 18 6 -12 -6 0
0 -8 -1 18 6 -12 -7 -1
0 -8 -1 18 7 -11 -7 -1
0 -8 -1 18 7 -12 -8 -1
0 -8 -1 18 8 -12 -10 -2
0 -8 -1 19 2 -18 -1 6
0 -8 -1 19 3 -17 -2 5
0 -8 -1 19 4 -14 -2 3
0 -8 -1 19 4 -15 -3 3
0 -8 -1 19 4 -15 -4 2
0 -8 -1 19 4 -16 -3 4
0 -8 -1 19 5 -13 -4 1
0 -8 -1 19 5 -13 -5 0
0 -8 -1 19 5 -14 -3 3
0 -8 -1 19 5 -14 -4 2
0 -8 -1 19 5 -14 -5 1
0 -8 -1 19 5 -14 -6 0
0 -8 -1 19 5 -15 -4 3
0 -8 -1 19 5 -15 -5 2
0 -8 -1 19 6 -13 -8 -1
0 -8 -1 19 6 -14 -6 1
0 -8 -1 19 6 -14 -7 0
0 -8 -1 19 6 -15 -7 1
0 -8 -1 19 7 -14 -8 0
0 -8 -1 19 7 -14 -9 -1
0 -8 -1 2 0 0 0 0
0 -8 -1 20 2 -20 -1 7
0 -8 -1 20 4 -16 -4 1
0 -8 -1 20 5 -17 -4 4
0 -8 -1 20 6 -17 -7 2
0 -8 -1 3 0 0 0 0
0 -8 -1 4 0 0 0 0
0 -8 -1 4 1 0 0 0
0 -8 -1 5 -1 0 0 0
0 -8 -1 5 0 0 0 0
0 -8 -1 5 1 0 0 0
0 -8 -1 6 -1 0 0 0
0 -8 -1 6 0 0 0 0
0 -8 -1 6 1 0 0 0
0 -8 -1 6 2 0 0 0
0 -8 -1 7 -1 0 0 0
0 -8 -1 7 -2 0 0 0
0 -8 -1 7 0 -1 0 0
0 -8 -1 7 0 0 0 0
0 -8 -1 7 1 -1 0 0
0 -8 -1 7 1 0 0 0
0 -8 -1 7 2 0 0 0
0 -8 -1 8 -1 -1 0 0
0 -8 -1 8 -1 0 0 0
0 -8 -1 8 -2 0 0 0
0 -8 -1 8 0 -1 0 0
0 -8 -1 8 0 0 0 0
0 -8 -1 8 1 -1 0 0
0 -8 -1 8 1 0 0 0
0 -8 -1 8 2 -1 0 0
0 -8 -1 8 2 0 0 0
0 -8 -1 8 3 0 0 0
0 -8 -1 9 -1 -1 0 0
0 -8 -1 9 -1 0 0 0
0 -8 -1 9 -2 0 0 0
0 -8 -1 9 -3 0 0 0
0 -8 -1 9 0 -1 0 0
0 -8 -1 9 0 -2 0 0
0 -8 -1 9 0 0 0 0
0 -8 -1 9 1 -1 0 0
0 -8 -1 9 1 -2 0 0
0 -8 -1 9 1 0 0 0
0 -8 -1 9 2 -1 0 0
0 -8 -1 9 2 0 0 0
0 -8 -1 9 3 0 0 0
0 -8 -1 9 4 0 0 0
0 -8 -10 0 4 1 0 0
0 -8 -2 1 0 0 0 0
0 -8 -2 10 -1 -1 0 0
0 -8 -2 10 -1 0 0 0
0 -8 -2 10 -2 -1 0 0
0 -8 -2 10 -2 0 0 0
0 -8 -2 10 -3 0 0 0
0 -8 -2 10 0 -1 0 0
0 -8 -2 10 0 -2 0 0
0 -8 -2 10 0 0 0 0
0 -8 -2 10 1 -1 0 0
0 -8 -2 10 1 -2 0 0
0 -8 -2 10 1 -3 0 0
0 -8 -2 10 1 0 0 0
0 -8 -2 10 2 -1 0 0
0 -8 -2 10 2 -2 0 0
0 -8 -2 10 2 -3 0 0
0 -8 -2 10 2 0 0 0
0 -8 -2 10 3 -1 0 0
0 -8 -2 10 3 -2 0 0
0 -8 -2 10 3 -3 -1 0
0 -8 -2 10 3 0 0 0
0 -8 -2 10 4 -1 0 0
0 -8 -2 10 4 0 0 0
0 -8 -2 10 5 0 0 0
0 -8 -2 11 -1 -1 0 0
0 -8 -2 11 -1 -2 0 0
0 -8 -2 11 -1 0 0 0
0 -8 -2 11 -2 -1 0 0
0 -8 -2 11 0 -1 0 0
0 -8 -2 11 0 -2 0 0
0 -8 -2 11 0 -3 0 0
0 -8 -2 11 0 -4 1 0
0 -8 -2 11 0 0 0 0
0 -8 -2 11 1 -1 0 0
0 -8 -2 11 1 -2 0 0
0 -8 -2 11 1 -3 0 0
0 -8 -2 11 1 0 0 0
0 -8 -2 11 2 -1 0 0
0 -8 -2 11 2 -2 0 0
0 -8 -2 11 2 -3 0 0
0 -8 -2 11 2 -4 0 0
0 -8 -2 11 2 0 0 0
0 -8 -2 11 3 -1 0 0
0 -8 -2 11 3 -2 0 0
0 -8 -2 11 3 -3 -1 0
0 -8 -2 11 3 -3 0 0
0 -8 -2 11 3 -4 -1 0
0 -8 -2 11 3 0 0 0
0 -8 -2 11 4 -1 0 0
0 -8 -2 11 4 -2 0 0
0 -8 -2 11 4 -3 -1 0
0 -8 -2 11 4 0 0 0
0 -8 -2 11 5 -1 0 0
0 -8 -2 11 5 0 0 0
0 -8 -2 11 6 0 0 0
0 -8 -2 11 7 1 0 0
0 -8 -2 12 -1 -2 0 0
0 -8 -2 12 -1 -4 1 0
0 -8 -2 12 0 -1 0 0
0 -8 -2 12 0 -2 0 0
0 -8 -2 12 0 -3 0 0
0 -8 -2 12 0 0 0 0
0 -8 -2 12 1 -1 0 0
0 -8 -2 12 1 -2 0 0
0 -8 -2 12 1 -3 0 0
0 -8 -2 12 1 -4 0 0
0 -8 -2 12 1 -5 1 0
0 -8 -2 12 1 0 0 0
0 -8 -2 12 2 -1 0 0
0 -8 -2 12 2 -2 0 0
0 -8 -2 12 2 -3 0 0
0 -8 -2 12 2 -4 -1 0
0 -8 -2 12 2 -4 0 0
0 -8 -2 12 2 -5 0 0
0 -8 -2 12 2 0 0 0
0 -8 -2 12 3 -1 0 0
0 -8 -2 12 3 -2 0 0
0 -8 -2 12 3 -3 0 0
0 -8 -2 12 3 -4 -1 0
0 -8 -2 12 3 -4 0 0
0 -8 -2 12 3 -5 -1 0
0 -8 -2 12 3 0 0 0
0 -8 -2 12 4 -1 0 0
0 -8 -2 12 4 -2 0 0
0 -8 -2 12 4 -3 -1 0
0 -8 -2 12 4 -3 0 0
0 -8 -2 12 4 -4 -1 0
0 -8 -2 12 4 -5 -2 0
0 -8 -2 12 4 0 0 0
0 -8 -2 12 5 -1 0 0
0 -8 -2 12 5 -2 0 0
0 -8 -2 12 5 -3 -1 0
0 -8 -2 12 5 0 0 0
0 -8 -2 12 6 -1 0 0
0 -8 -2 12 6 -2 -1 0
0 -8 -2 12 6 0 0 0
0 -8 -2 12 7 0 0 0
0 -8 -2 12 7 1 0 0
0 -8 -2 12 8 1 0 0
0 -8 -2 13 -1 -6 2 0
0 -8 -2 13 0 -5 1 0
0 -8 -2 13 1 -2 0 0
0 -8 -2 13 1 -3 0 0
0 -8 -2 13 1 -4 0 0
0 -8 -2 13 1 -5 0 0
0 -8 -2 13 1 -5 1 0
0 -8 -2 13 1 -6 1 0
0 -8 -2 13 10 2 0 0
0 -8 -2 13 2 -1 0 0
0 -8 -2 13 2 -2 0 0
0 -8 -2 13 2 -3 0 0
0 -8 -2 13 2 -4 -1 0
0 -8 -2 13 2 -4 0 0
0 -8 -2 13 2 -5 -1 0
0 -8 -2 13 2 -5 0 0
0 -8 -2 13 2 -5 1 0
0 -8 -2 13 2 -6 0 0
0 -8 -2 13 2 0 0 0
0 -8 -2 13 3 -1 0 0
0 -8 -2 13 3 -2 0 0
0 -8 -2 13 3 -3 0 0
0 -8 -2 13 3 -4 -1 0
0 -8 -2 13 3 -4 0 0
0 -8 -2 13 3 -5 -1 0
0 -8 -2 13 3 -5 0 0
0 -8 -2 13 3 -6 -1 0
0 -8 -2 13 3 -7 -1 1
0 -8 -2 13 3 0 0 0
0 -8 -2 13 4 -1 0 0
0 -8 -2 13 4 -2 0 0
0 -8 -2 13 4 -3 -1 0
0 -8 -2 13 4 -3 0 0
0 -8 -2 13 4 -4 -1 0
0 -8 -2 13 4 -4 0 0
0 -8 -2 13 4 -5 -1 0
0 -8 -2 13 4 -5 -2 0
0 -8 -2 13 4 -6 -2 0
0 -8 -2 13 4 0 0 0
0 -8 -2 13 5 -1 0 0
0 -8 -2 13 5 -2 0 0
0 -8 -2 13 5 -3 -1 0
0 -8 -2 13 5 -3 0 0
0 -8 -2 13 5 -4 -1 0
0 -8 -2 13 5 -5 -2 0
0 -8 -2 13 5 0 0 0
0 -8 -2 13 6 -1 0 0
0 -8 -2 13 6 -2 0 0
0 -8 -2 13 6 -3 -1 0
0 -8 -2 13 6 -4 -2 0
0 -8 -2 13 6 0 0 0
0 -8 -2 13 7 -1 0 0
0 -8 -2 13 7 -2 -1 0
0 -8 -2 13 7 0 0 0
0 -8 -2 13 8 -1 -1 0
0 -8 -2 13 8 0 0 0
0 -8 -2 13 8 1 0 0
0 -8 -2 13 9 1 0 0
0 -8 -2 14 1 -6 0 0
0 -8 -2 14 1 -6 1 0
0 -8 -2 14 1 -7 0 1
0 -8 -2 14 1 -7 1 0
0 -8 -2 14 10 1 0 0
0 -8 -2 14 11 2 0 0
0 -8 -2 14 2 -5 -1 0
0 -8 -2 14 2 -5 0 0
0 -8 -2 14 2 -6 -1 0
0 -8 -2 14 2 -6 0 0
0 -8 -2 14 2 -6 1 0
0 -8 -2 14 2 -7 0 0
0 -8 -2 14 2 -8 0 1
0 -8 -2 14 3 -3 0 0
0 -8 -2 14 3 -4 -1 0
0 -8 -2 14 3 -4 0 0
0 -8 -2 14 3 -5 -1 0
0 -8 -2 14 3 -5 0 0
0 -8 -2 14 3 -6 -1 0
0 -8 -2 14 3 -6 -2 0
0 -8 -2 14 3 -6 0 0
0 -8 -2 14 3 -7 -1 0
0 -8 -2 14 3 -8 -1 1
0 -8 -2 14 4 -1 0 0
0 -8 -2 14 4 -2 0 0
0 -8 -2 14 4 -3 0 0
0 -8 -2 14 4 -4 -1 0
0 -8 -2 14 4 -4 0 0
0 -8 -2 14 4 -5 -1 0
0 -8 -2 14 4 -5 0 0
0 -8 -2 14 4 -6 -1 0
0 -8 -2 14 4 -6 -2 0
0 -8 -2 14 4 -7 -1 1
0 -8 -2 14 4 -7 -2 0
0 -8 -2 14 4 -8 -2 1
0 -8 -2 14 4 0 0 0
0 -8 -2 14 5 -1 0 0
0 -8 -2 14 5 -2 0 0
0 -8 -2 14 5 -3 -1 0
0 -8 -2 14 5 -3 0 0
0 -8 -2 14 5 -4 -1 0
0 -8 -2 14 5 -4 0 0
0 -8 -2 14 5 -5 -1 0
0 -8 -2 14 5 -5 -2 0
0 -8 -2 14 5 -6 -2 0
0 -8 -2 14 5 -7 -3 0
0 -8 -2 14 5 0 0 0
0 -8 -2 14 6 -1 0 0
0 -8 -2 14 6 -2 0 0
0 -8 -2 14 6 -3 -1 0
0 -8 -2 14 6 -3 0 0
0 -8 -2 14 6 -4 -1 0
0 -8 -2 14 6 -5 -2 0
0 -8 -2 14 6 -6 -3 0
0 -8 -2 14 6 0 0 0
0 -8 -2 14 7 -1 0 0
0 -8 -2 14 7 -2 -1 0
0 -8 -2 14 7 -2 0 0
0 -8 -2 14 7 -3 -1 0
0 -8 -2 14 7 -4 -2 0
0 -8 -2 14 7 0 0 0
0 -8 -2 14 8 -1 0 0
0 -8 -2 14 8 -2 -1 0
0 -8 -2 14 8 -3 -2 0
0 -8 -2 14 8 0 0 0
0 -8 -2 14 8 1 0 0
0 -8 -2 14 9 -1 -1 0
0 -8 -2 14 9 0 0 0
0 -8 -2 14 9 1 0 0
0 -8 -2 15 10 -1 -1 0
0 -8 -2 15 10 0 0 0
0 -8 -2 15 10 1 0 0
0 -8 -2 15 2 -8 1 0
0 -8 -2 15 2 -9 0 1
0 -8 -2 15 3 -10 -1 2
0 -8 -2 15 3 -6 1 0
0 -8 -2 15 3 -7 -1 0
0 -8 -2 15 3 -7 -2 0
0 -8 -2 15 3 -7 0 0
0 -8 -2 15 3 -7 1 0
0 -8 -2 15 3 -8 -1 0
0 -8 -2 15 3 -8 -1 1
0 -8 -2 15 3 -9 -1 1
0 -8 -2 15 4 -10 -2 2
0 -8 -2 15 4 -5 -1 0
0 -8 -2 15 4 -5 0 0
0 -8 -2 15 4 -6 -1 0
0 -8 -2 15 4 -6 -2 0
0 -8 -2 15 4 -6 0 0
0 -8 -2 15 4 -7 -1 0
0 -8 -2 15 4 -7 -1 1
0 -8 -2 15 4 -7 -2 0
0 -8 -2 15 4 -8 -1 1
0 -8 -2 15 4 -8 -2 0
0 -8 -2 15 4 -9 -2 1
0 -8 -2 15 5 -2 0 0
0 -8 -2 15 5 -3 -1 0
0 -8 -2 15 5 -3 0 0
0 -8 -2 15 5 -4 -1 0
0 -8 -2 15 5 -4 0 0
0 -8 -2 15 5 -5 -1 0
0 -8 -2 15 5 -5 0 0
0 -8 -2 15 5 -6 -1 0
0 -8 -2 15 5 -6 -2 0
0 -8 -2 15 5 -7 -2 0
0 -8 -2 15 5 -7 -3 0
0 -8 -2 15 5 -8 -2 1
0 -8 -2 15 5 -8 -3 0
0 -8 -2 15 5 -9 -3 1
0 -8 -2 15 6 -1 0 0
0 -8 -2 15 6 -2 0 0
0 -8 -2 15 6 -3 -1 0
0 -8 -2 15 6 -3 0 0
0 -8 -2 15 6 -4 -1 0
0 -8 -2 15 6 -4 0 0
0 -8 -2 15 6 -5 -1 0
0 -8 -2 15 6 -5 -2 0
0 -8 -2 15 6 -6 -2 0
0 -8 -2 15 6 -7 -2 1
0 -8 -2 15 6 -7 -3 0
0 -8 -2 15 6 -8 -4 0
0 -8 -2 15 6 0 0 0
0 -8 -2 15 7 -1 0 0
0 -8 -2 15 7 -2 -1 0
0 -8 -2 15 7 -2 0 0
0 -8 -2 15 7 -3 -1 0
0 -8 -2 15 7 -3 0 0
0 -8 -2 15 7 -4 -1 0
0 -8 -2 15 7 -4 -2 0
0 -8 -2 15 7 -5 -2 0
0 -8 -2 15 7 -6 -3 0
0 -8 -2 15 7 0 0 0
0 -8 -2 15 8 -1 0 0
0 -8 -2 15 8 -2 -1 0
0 -8 -2 15 8 -2 0 0
0 -8 -2 15 8 -3 -1 0
0 -8 -2 15 8 -4 -2 0
0 -8 -2 15 8 -5 -3 0
0 -8 -2 15 8 0 0 0
0 -8 -2 15 8 1 0 0
0 -8 -2 15 9 -1 0 0
0 -8 -2 15 9 -2 -1 0
0 -8 -2 15 9 -3 -2 0
0 -8 -2 15 9 -5 -5 -1
0 -8 -2 15 9 0 0 0
0 -8 -2 15 9 1 0 0
0 -8 -2 16 10 -3 -2 0
0 -8 -2 16 10 -4 -3 0
0 -8 -2 16 3 -11 -1 2
0 -8 -2 16 4 -10 -2 1
0 -8 -2 16 4 -11 -2 2
0 -8 -2 16 4 -12 -2 3
0 -8 -2 16 4 -7 0 0
0 -8 -2 16 4 -8 0 0
0 -8 -2 16 4 -9 -1 1
0 -8 -2 16 5 -10 -2 2
0 -8 -2 16 5 -10 -3 1
0 -8 -2 16 5 -11 -3 2
0 -8 -2 16 5 -6 0 0
0 -8 -2 16 5 -7 -1 0
0 -8 -2 16 5 -7 -2 0
0 -8 -2 16 5 -8 -1 1
0 -8 -2 16 5 -8 -2 0
0 -8 -2 16 5 -8 -3 0
0 -8 -2 16 5 -9 -2 1
0 -8 -2 16 5 -9 -3 0
0 -8 -2 16 6 -10 -4 1
0 -8 -2 16 6 -5 -1 0
0 -8 -2 16 6 -5 0 0
0 -8 -2 16 6 -6 -1 0
0 -8 -2 16 6 -6 -2 0
0 -8 -2 16 6 -7 -2 0
0 -8 -2 16 6 -7 -3 0
0 -8 -2 16 6 -8 -2 1
0 -8 -2 16 6 -8 -3 0
0 -8 -2 16 6 -9 -3 1
0 -8 -2 16 6 -9 -4 0
0 -8 -2 16 7 -3 -1 0
0 -8 -2 16 7 -3 0 0
0 -8 -2 16 7 -4 -1 0
0 -8 -2 16 7 -4 0 0
0 -8 -2 16 7 -5 -1 0
0 -8 -2 16 7 -5 -2 0
0 -8 -2 16 7 -6 -2 0
0 -8 -2 16 7 -6 -3 0
0 -8 -2 16 7 -7 -2 1
0 -8 -2 16 7 -7 -3 0
0 -8 -2 16 7 -8 -3 1
0 -8 -2 16 7 -8 -4 0
0 -8 -2 16 7 -9 -5 0
0 -8 -2 16 8 -2 -1 0
0 -8 -2 16 8 -2 0 0
0 -8 -2 16 8 -3 -1 0
0 -8 -2 16 8 -3 0 0
0 -8 -2 16 8 -4 -1 0
0 -8 -2 16 8 -4 -2 0
0 -8 -2 16 8 -5 -2 0
0 -8 -2 16 8 -6 -3 0
0 -8 -2 16 8 -7 -4 0
0 -8 -2 16 8 -8 -6 -1
0 -8 -2 16 9 -2 -1 0
0 -8 -2 16 9 -2 0 0
0 -8 -2 16 9 -3 -1 0
0 -8 -2 16 9 -4 -2 0
0 -8 -2 16 9 -5 -3 0
0 -8 -2 16 9 -7 -6 -1
0 -8 -2 17 10 -6 -4 0
0 -8 -2 17 10 -7 -6 -1
0 -8 -2 17 10 -9 -9 -2
0 -8 -2 17 5 -12 -3 2
0 -8 -2 17 5 -13 -3 3
0 -8 -2 17 6 -10 -3 1
0 -8 -2 17 6 -10 -4 0
0 -8 -2 17 6 -11 -3 2
0 -8 -2 17 6 -11 -4 1
0 -8 -2 17 6 -12 -4 2
0 -8 -2 17 7 -10 -3 2
0 -8 -2 17 7 -10 -4 1
0 -8 -2 17 7 -10 -5 0
0 -8 -2 17 7 -11 -5 1
0 -8 -2 17 7 -7 -2 0
0 -8 -2 17 7 -8 -2 1
0 -8 -2 17 7 -8 -3 0
0 -8 -2 17 7 -8 -4 0
0 -8 -2 17 7 -9 -3 1
0 -8 -2 17 7 -9 -4 0
0 -8 -2 17 8 -10 -6 0
0 -8 -2 17 8 -10 -7 -1
0 -8 -2 17 8 -5 -1 0
0 -8 -2 17 8 -6 -2 0
0 -8 -2 17 8 -6 -3 0
0 -8 -2 17 8 -7 -2 1
0 -8 -2 17 8 -7 -3 0
0 -8 -2 17 8 -8 -3 1
0 -8 -2 17 8 -8 -4 0
0 -8 -2 17 8 -8 -6 -1
0 -8 -2 17 8 -9 -4 1
0 -8 -2 17 8 -9 -5 0
0 -8 -2 17 9 -5 -2 0
0 -8 -2 17 9 -6 -3 0
0 -8 -2 17 9 -7 -3 1
0 -8 -2 17 9 -7 -4 0
0 -8 -2 17 9 -8 -5 0
0 -8 -2 17 9 -9 -7 -1
0 -8 -2 18 10 -10 -8 -1
0 -8 -2 18 10 -11 -10 -2
0 -8 -2 18 10 -9 -6 0
0 -8 -2 18 10 -9 -7 -1
0 -8 -2 18 7 -11 -7 -1
0 -8 -2 18 7 -13 -5 2
0 -8 -2 18 7 -13 -6 1
0 -8 -2 18 7 -9 -2 1
0 -8 -2 18 8 -11 -4 2
0 -8 -2 18 8 -11 -5 1
0 -8 -2 18 8 -11 -7 -1
0 -8 -2 18 8 -12 -6 1
0 -8 -2 18 8 -12 -7 0
0 -8 -2 18 8 -7 -2 1
0 -8 -2 18 9 -10 -5 1
0 -8 -2 18 9 -10 -6 0
0 -8 -2 18 9 -10 -7 -1
0 -8 -2 18 9 -11 -7 0
0 -8 -2 18 9 -11 -8 -1
0 -8 -2 18 9 -12 -9 -1
0 -8 -2 18 9 -8 -4 0
0 -8 -2 18 9 -9 -4 1
0 -8 -2 18 9 -9 -5 0
0 -8 -2 19 10 -12 -8 0
0 -8 -2 19 10 -13 -10 -1
0 -8 -2 19 10 -13 -11 -2
0 -8 -2 19 11 -13 -13 -3
0 -8 -2 2 0 0 0 0
0 -8 -2 3 0 0 0 0
0 -8 -2 3 1 0 0 0
0 -8 -2 4 0 0 0 0
0 -8 -2 4 1 0 0 0
0 -8 -2 5 -1 0 0 0
0 -8 -2 5 0 0 0 0
0 -8 -2 5 1 0 0 0
0 -8 -2 5 2 0 0 0
0 -8 -2 6 -1 0 0 0
0 -8 -2 6 0 0 0 0
0 -8 -2 6 1 -1 0 0
0 -8 -2 6 1 0 0 0
0 -8 -2 6 2 0 0 0
0 -8 -2 7 -1 0 0 0
0 -8 -2 7 -2 0 0 0
0 -8 -2 7 0 -1 0 0
0 -8 -2 7 0 0 0 0
0 -8 -2 7 1 -1 0 0
0 -8 -2 7 1 0 0 0
0 -8 -2 7 2 0 0 0
0 -8 -2 7 3 0 0 0
0 -8 -2 8 -1 0 0 0
0 -8 -2 8 -2 0 0 0
0 -8 -2 8 0 -1 0 0
0 -8 -2 8 0 0 0 0
0 -8 -2 8 1 -1 0 0
0 -8 -2 8 1 -2 0 0
0 -8 -2 8 1 0 0 0
0 -8 -2 8 2 -1 0 0
0 -8 -2 8 2 0 0 0
0 -8 -2 8 3 0 0 0
0 -8 -2 8 4 0 0 0
0 -8 -2 9 -1 -1 0 0
0 -8 -2 9 -1 0 0 0
0 -8 -2 9 -2 0 0 0
0 -8 -2 9 -3 0 0 0
0 -8 -2 9 0 -1 0 0
0 -8 -2 9 0 0 0 0
0 -8 -2 9 1 -1 0 0
0 -8 -2 9 1 -2 0 0
0 -8 -2 9 1 0 0 0
0 -8 -2 9 2 -1 0 0
0 -8 -2 9 2 -2 0 0
0 -8 -2 9 2 0 0 0
0 -8 -2 9 3 -1 0 0
0 -8 -2 9 3 0 0 0
0 -8 -2 9 4 0 0 0
0 -8 -2 9 6 1 0 0
0 -8 -3 0 0 0 0 0
0 -8 -3 1 0 0 0 0
0 -8 -3 10 0 -1 0 0
0 -8 -3 10 0 -2 0 0
0 -8 -3 10 0 0 0 0
0 -8 -3 10 1 -1 0 0
0 -8 -3 10 1 -2 0 0
0 -8 -3 10 1 0 0 0
0 -8 -3 10 2 -1 0 0
0 -8 -3 10 2 -2 0 0
0 -8 -3 10 2 -3 0 0
0 -8 -3 10 2 0 0 0
0 -8 -3 10 3 -1 0 0
0 -8 -3 10 3 -2 0 0
0 -8 -3 10 3 -3 -1 0
0 -8 -3 10 3 -3 0 0
0 -8 -3 10 3 0 0 0
0 -8 -3 10 4 -1 0 0
0 -8 -3 10 4 -2 0 0
0 -8 -3 10 4 -3 -1 0
0 -8 -3 10 4 0 0 0
0 -8 -3 10 5 -1 0 0
0 -8 -3 10 5 -2 -1 0
0 -8 -3 10 5 0 0 0
0 -8 -3 10 6 0 0 0
0 -8 -3 10 7 1 0 0
0 -8 -3 11 0 -4 1 0
0 -8 -3 11 1 -2 0 0
0 -8 -3 11 1 -3 0 0
0 -8 -3 11 2 -1 0 0
0 -8 -3 11 2 -2 0 0
0 -8 -3 11 2 -3 0 0
0 -8 -3 11 2 -4 0 0
0 -8 -3 11 2 0 0 0
0 -8 -3 11 3 -1 0 0
0 -8 -3 11 3 -2 0 0
0 -8 -3 11 3 -3 0 0
0 -8 -3 11 3 -4 0 0
0 -8 -3 11 3 0 0 0
0 -8 -3 11 4 -1 0 0
0 -8 -3 11 4 -2 0 0
0 -8 -3 11 4 -3 -1 0
0 -8 -3 11 4 -3 0 0
0 -8 -3 11 4 -4 -1 0
0 -8 -3 11 4 0 0 0
0 -8 -3 11 5 -1 0 0
0 -8 -3 11 5 -2 0 0
0 -8 -3 11 5 -3 -1 0
0 -8 -3 11 5 -4 -2 0
0 -8 -3 11 5 0 0 0
0 -8 -3 11 6 -1 0 0
0 -8 -3 11 6 -2 -1 0
0 -8 -3 11 6 0 0 0
0 -8 -3 11 7 0 0 0
0 -8 -3 11 7 1 0 0
0 -8 -3 11 8 1 0 0
0 -8 -3 12 10 2 0 0
0 -8 -3 12 2 -5 1 0
0 -8 -3 12 3 -1 0 0
0 -8 -3 12 3 -2 0 0
0 -8 -3 12 3 -3 0 0
0 -8 -3 12 3 -4 -1 0
0 -8 -3 12 3 -4 0 0
0 -8 -3 12 3 -5 0 0
0 -8 -3 12 4 -1 0 0
0 -8 -3 12 4 -2 0 0
0 -8 -3 12 4 -3 -1 0
0 -8 -3 12 4 -3 0 0
0 -8 -3 12 4 -4 -1 0
0 -8 -3 12 4 -4 0 0
0 -8 -3 12 4 -5 -1 0
0 -8 -3 12 4 0 0 0
0 -8 -3 12 5 -1 0 0
0 -8 -3 12 5 -2 0 0
0 -8 -3 12 5 -3 -1 0
0 -8 -3 12 5 -3 0 0
0 -8 -3 12 5 -4 -1 0
0 -8 -3 12 5 -5 -2 0
0 -8 -3 12 5 0 0 0
0 -8 -3 12 6 -1 0 0
0 -8 -3 12 6 -2 -1 0
0 -8 -3 12 6 -2 0 0
0 -8 -3 12 6 -3 -1 0
0 -8 -3 12 6 -4 -2 0
0 -8 -3 12 6 0 0 0
0 -8 -3 12 7 -1 0 0
0 -8 -3 12 7 -2 -1 0
0 -8 -3 12 7 0 0 0
0 -8 -3 12 7 1 0 0
0 -8 -3 12 8 -1 -1 0
0 -8 -3 12 8 0 0 0
0 -8 -3 12 8 1 0 0
0 -8 -3 12 9 1 0 0
0 -8 -3 13 10 0 -1 0
0 -8 -3 13 10 1 0 0
0 -8 -3 13 11 2 0 0
0 -8 -3 13 4 -4 0 0
0 -8 -3 13 4 -5 -1 0
0 -8 -3 13 4 -5 0 0
0 -8 -3 13 4 -6 -1 0
0 -8 -3 13 4 -7 -1 1
0 -8 -3 13 5 -2 0 0
0 -8 -3 13 5 -3 -1 0
0 -8 -3 13 5 -3 0 0
0 -8 -3 13 5 -4 -1 0
0 -8 -3 13 5 -4 0 0
0 -8 -3 13 5 -5 -1 0
0 -8 -3 13 5 -5 -2 0
0 -8 -3 13 5 -6 -2 0
0 -8 -3 13 5 -7 -2 1
0 -8 -3 13 6 -1 0 0
0 -8 -3 13 6 -2 0 0
0 -8 -3 13 6 -3 -1 0
0 -8 -3 13 6 -3 0 0
0 -8 -3 13 6 -4 -1 0
0 -8 -3 13 6 -5 -2 0
0 -8 -3 13 6 -6 -3 0
0 -8 -3 13 6 0 0 0
0 -8 -3 13 7 -1 0 0
0 -8 -3 13 7 -2 -1 0
0 -8 -3 13 7 -2 0 0
0 -8 -3 13 7 -3 -1 0
0 -8 -3 13 7 -4 -2 0
0 -8 -3 13 7 -5 -3 0
0 -8 -3 13 7 0 0 0
0 -8 -3 13 8 -1 0 0
0 -8 -3 13 8 -2 -1 0
0 -8 -3 13 8 -3 -2 0
0 -8 -3 13 8 0 0 0
0 -8 -3 13 8 1 0 0
0 -8 -3 13 9 -1 -1 0
0 -8 -3 13 9 0 0 0
0 -8 -3 13 9 1 0 0
0 -8 -3 14 10 -1 -1 0
0 -8 -3 14 10 -2 -2 0
0 -8 -3 14 10 0 0 0
0 -8 -3 14 10 1 0 0
0 -8 -3 14 11 0 -1 0
0 -8 -3 14 11 1 0 0
0 -8 -3 14 11 2 0 0
0 -8 -3 14 12 2 0 0
0 -8 -3 14 13 3 0 0
0 -8 -3 14 5 -7 -2 0
0 -8 -3 14 5 -8 -2 1
0 -8 -3 14 5 -9 -2 2
0 -8 -3 14 6 -5 -1 0
0 -8 -3 14 6 -5 -2 0
0 -8 -3 14 6 -6 -2 0
0 -8 -3 14 6 -7 -2 1
0 -8 -3 14 6 -7 -3 0
0 -8 -3 14 6 -8 -3 1
0 -8 -3 14 7 -2 0 0
0 -8 -3 14 7 -3 -1 0
0 -8 -3 14 7 -3 0 0
0 -8 -3 14 7 -4 -1 0
0 -8 -3 14 7 -4 -2 0
0 -8 -3 14 7 -5 -2 0
0 -8 -3 14 7 -6 -2 1
0 -8 -3 14 7 -6 -3 0
0 -8 -3 14 7 -7 -4 0
0 -8 -3 14 8 -1 0 0
0 -8 -3 14 8 -2 -1 0
0 -8 -3 14 8 -2 0 0
0 -8 -3 14 8 -3 -1 0
0 -8 -3 14 8 -4 -2 0
0 -8 -3 14 8 -5 -3 0
0 -8 -3 14 8 0 0 0
0 -8 -3 14 8 1 0 0
0 -8 -3 14 9 -1 -1 0
0 -8 -3 14 9 -1 0 0
0 -8 -3 14 9 -2 -1 0
0 -8 -3 14 9 -3 -2 0
0 -8 -3 14 9 0 0 0
0 -8 -3 14 9 1 0 0
0 -8 -3 15 10 -1 -1 0
0 -8 -3 15 10 -1 0 0
0 -8 -3 15 10 -2 -1 0
0 -8 -3 15 10 -3 -2 0
0 -8 -3 15 10 -4 -3 0
0 -8 -3 15 11 -1 -1 0
0 -8 -3 15 11 -2 -2 0
0 -8 -3 15 11 -4 -5 -1
0 -8 -3 15 11 0 0 0
0 -8 -3 15 11 1 0 0
0 -8 -3 15 11 2 0 0
0 -8 -3 15 12 0 -1 0
0 -8 -3 15 12 1 0 0
0 -8 -3 15 12 2 0 0
0 -8 -3 15 13 1 -1 0
0 -8 -3 15 13 2 0 0
0 -8 -3 15 6 -10 -3 2
0 -8 -3 15 7 -8 -3 1
0 -8 -3 15 7 -8 -4 0
0 -8 -3 15 7 -9 -4 1
0 -8 -3 15 8 -5 -2 0
0 -8 -3 15 8 -6 -3 0
0 -8 -3 15 8 -7 -3 1
0 -8 -3 15 8 -7 -4 0
0 -8 -3 15 8 -8 -5 0
0 -8 -3 15 9 -2 0 0
0 -8 -3 15 9 -3 -1 0
0 -8 -3 15 9 -3 -2 0
0 -8 -3 15 9 -4 -2 0
0 -8 -3 15 9 -5 -3 0
0 -8 -3 15 9 -6 -4 0
0 -8 -3 15 9 -7 -6 -1
0 -8 -3 16 10 -6 -3 1
0 -8 -3 16 10 -6 -4 0
0 -8 -3 16 10 -7 -5 0
0 -8 -3 16 10 -7 -6 -1
0 -8 -3 16 10 -8 -7 -1
0 -8 -3 16 11 -1 0 0
0 -8 -3 16 11 -3 -2 0
0 -8 -3 16 11 -4 -3 0
0 -8 -3 16 11 -5 -4 0
0 -8 -3 16 11 -6 -6 -1
0 -8 -3 16 12 -1 -1 0
0 -8 -3 16 12 -2 -2 0
0 -8 -3 16 12 -3 -3 0
0 -8 -3 16 12 -4 -5 -1
0 -8 -3 16 12 0 0 0
0 -8 -3 16 13 -1 -2 0
0 -8 -3 16 13 0 -1 0
0 -8 -3 16 5 -11 -1 2
0 -8 -3 16 8 -7 -2 1
0 -8 -3 16 9 -9 -6 0
0 -8 -3 17 12 -8 -9 -2
0 -8 -3 17 13 -4 -4 0
0 -8 -3 17 13 -5 -6 -1
0 -8 -3 18 10 -11 -5 2
0 -8 -3 18 13 -7 -7 -1
0 -8 -3 18 14 -7 -9 -2
0 -8 -3 2 0 0 0 0
0 -8 -3 3 0 0 0 0
0 -8 -3 3 1 0 0 0
0 -8 -3 4 0 0 0 0
0 -8 -3 4 1 0 0 0
0 -8 -3 5 -1 0 0 0
0 -8 -3 5 0 0 0 0
0 -8 -3 5 1 0 0 0
0 -8 -3 5 2 0 0 0
0 -8 -3 6 -1 0 0 0
0 -8 -3 6 0 0 0 0
0 -8 -3 6 1 -1 0 0
0 -8 -3 6 1 0 0 0
0 -8 -3 6 2 0 0 0
0 -8 -3 6 3 0 0 0
0 -8 -3 7 -1 0 0 0
0 -8 -3 7 0 0 0 0
0 -8 -3 7 1 -1 0 0
0 -8 -3 7 1 0 0 0
0 -8 -3 7 2 -1 0 0
0 -8 -3 7 2 0 0 0
0 -8 -3 7 3 0 0 0
0 -8 -3 8 -1 0 0 0
0 -8 -3 8 -2 0 0 0
0 -8 -3 8 0 -1 0 0
0 -8 -3 8 0 0 0 0
0 -8 -3 8 1 -1 0 0
0 -8 -3 8 1 0 0 0
0 -8 -3 8 2 -1 0 0
0 -8 -3 8 2 -2 0 0
0 -8 -3 8 2 0 0 0
0 -8 -3 8 3 -1 0 0
0 -8 -3 8 3 0 0 0
0 -8 -3 8 4 0 0 0
0 -8 -3 9 -1 -1 0 0
0 -8 -3 9 -1 0 0 0
0 -8 -3 9 0 -1 0 0
0 -8 -3 9 0 0 0 0
0 -8 -3 9 1 -1 0 0
0 -8 -3 9 1 -2 0 0
0 -8 -3 9 1 0 0 0
0 -8 -3 9 2 -1 0 0
0 -8 -3 9 2 -2 0 0
0 -8 -3 9 2 0 0 0
0 -8 -3 9 3 -1 0 0
0 -8 -3 9 3 -2 0 0
0 -8 -3 9 3 0 0 0
0 -8 -3 9 4 -1 0 0
0 -8 -3 9 4 0 0 0
0 -8 -3 9 5 0 0 0
0 -8 -4 0 0 0 0 0
0 -8 -4 1 0 0 0 0
0 -8 -4 10 3 -2 0 0
0 -8 -4 10 3 -3 0 0
0 -8 -4 10 4 -1 0 0
0 -8 -4 10 4 -2 0 0
0 -8 -4 10 4 -3 -1 0
0 -8 -4 10 4 -3 0 0
0 -8 -4 10 4 0 0 0
0 -8 -4 10 5 -1 0 0
0 -8 -4 10 5 -2 0 0
0 -8 -4 10 5 -3 -1 0
0 -8 -4 10 5 0 0 0
0 -8 -4 10 6 -1 0 0
0 -8 -4 10 6 -2 -1 0
0 -8 -4 10 6 0 0 0
0 -8 -4 10 7 -1 -1 0
0 -8 -4 10 7 0 0 0
0 -8 -4 10 7 1 0 0
0 -8 -4 10 8 1 0 0
0 -8 -4 11 10 2 0 0
0 -8 -4 11 4 -4 0 0
0 -8 -4 11 5 -2 0 0
0 -8 -4 11 5 -3 -1 0
0 -8 -4 11 5 -3 0 0
0 -8 -4 11 5 -4 -1 0
0 -8 -4 11 6 -1 0 0
0 -8 -4 11 6 -2 -1 0
0 -8 -4 11 6 -2 0 0
0 -8 -4 11 6 -3 -1 0
0 -8 -4 11 6 -4 -2 0
0 -8 -4 11 6 0 0 0
0 -8 -4 11 7 -1 0 0
0 -8 -4 11 7 -2 -1 0
0 -8 -4 11 7 -3 -2 0
0 -8 -4 11 7 0 0 0
0 -8 -4 11 7 1 0 0
0 -8 -4 11 8 -1 -1 0
0 -8 -4 11 8 0 0 0
0 -8 -4 11 8 1 0 0
0 -8 -4 11 9 1 0 0
0 -8 -4 12 10 0 -1 0
0 -8 -4 12 10 1 0 0
0 -8 -4 12 10 2 0 0
0 -8 -4 12 11 2 0 0
0 -8 -4 12 12 3 0 0
0 -8 -4 12 6 -5 -2 0
0 -8 -4 12 6 -6 -2 1
0 -8 -4 12 7 -2 0 0
0 -8 -4 12 7 -3 -1 0
0 -8 -4 12 7 -4 -2 0
0 -8 -4 12 7 -5 -3 0
0 -8 -4 12 8 -1 0 0
0 -8 -4 12 8 -2 -1 0
0 -8 -4 12 8 -3 -2 0
0 -8 -4 12 8 0 0 0
0 -8 -4 12 9 -1 -1 0
0 -8 -4 12 9 -2 -2 0
0 -8 -4 12 9 0 0 0
0 -8 -4 12 9 1 0 0
0 -8 -4 13 10 -1 -1 0
0 -8 -4 13 10 -2 -2 0
0 -8 -4 13 10 0 0 0
0 -8 -4 13 11 0 -1 0
0 -8 -4 13 11 1 0 0
0 -8 -4 13 11 2 0 0
0 -8 -4 13 12 1 -1 0
0 -8 -4 13 12 2 0 0
0 -8 -4 13 13 3 0 0
0 -8 -4 13 8 -6 -4 0
0 -8 -4 13 9 -3 -2 0
0 -8 -4 13 9 -4 -3 0
0 -8 -4 14 11 -4 -5 -1
0 -8 -4 14 12 -1 -2 0
0 -8 -4 14 13 -1 -4 -1
0 -8 -4 14 13 1 -1 0
0 -8 -4 14 13 2 0 0
0 -8 -4 14 14 3 0 0
0 -8 -4 14 15 4 0 0
0 -8 -4 14 8 -8 -4 1
0 -8 -4 15 16 4 0 0
0 -8 -4 16 12 -8 -9 -2
0 -8 -4 16 15 2 0 0
0 -8 -4 18 15 -8 -9 -1
0 -8 -4 2 0 0 0 0
0 -8 -4 2 1 0 0 0
0 -8 -4 3 0 0 0 0
0 -8 -4 3 1 0 0 0
0 -8 -4 4 0 0 0 0
0 -8 -4 4 1 0 0 0
0 -8 -4 4 2 0 0 0
0 -8 -4 5 0 0 0 0
0 -8 -4 5 1 0 0 0
0 -8 -4 5 2 0 0 0
0 -8 -4 6 -1 0 0 0
0 -8 -4 6 0 0 0 0
0 -8 -4 6 1 -1 0 0
0 -8 -4 6 1 0 0 0
0 -8 -4 6 2 -1 0 0
0 -8 -4 6 2 0 0 0
0 -8 -4 6 3 0 0 0
0 -8 -4 7 -1 0 0 0
0 -8 -4 7 0 0 0 0
0 -8 -4 7 1 -1 0 0
0 -8 -4 7 1 0 0 0
0 -8 -4 7 2 -1 0 0
0 -8 -4 7 2 0 0 0
0 -8 -4 7 3 -1 0 0
0 -8 -4 7 3 0 0 0
0 -8 -4 7 4 0 0 0
0 -8 -4 8 0 -1 0 0
0 -8 -4 8 0 0 0 0
0 -8 -4 8 1 -1 0 0
0 -8 -4 8 1 0 0 0
0 -8 -4 8 2 -1 0 0
0 -8 -4 8 2 -2 0 0
0 -8 -4 8 2 0 0 0
0 -8 -4 8 3 -1 0 0
0 -8 -4 8 3 -2 0 0
0 -8 -4 8 3 0 0 0
0 -8 -4 8 4 -1 0 0
0 -8 -4 8 4 -2 -1 0
0 -8 -4 8 4 0 0 0
0 -8 -4 8 5 0 0 0
0 -8 -4 8 6 1 0 0
0 -8 -4 9 1 -2 0 0
0 -8 -4 9 2 -1 0 0
0 -8 -4 9 2 -2 0 0
0 -8 -4 9 2 0 0 0
0 -8 -4 9 3 -1 0 0
0 -8 -4 9 3 -2 0 0
0 -8 -4 9 3 -3 0 0
0 -8 -4 9 3 0 0 0
0 -8 -4 9 4 -1 0 0
0 -8 -4 9 4 -2 0 0
0 -8 -4 9 4 0 0 0
0 -8 -4 9 5 -1 0 0
0 -8 -4 9 5 -2 -1 0
0 -8 -4 9 5 0 0 0
0 -8 -4 9 6 0 0 0
0 -8 -4 9 7 1 0 0
0 -8 -5 0 0 0 0 0
0 -8 -5 1 0 0 0 0
0 -8 -5 10 10 2 0 0
0 -8 -5 10 4 -4 0 0
0 -8 -5 10 7 -3 -2 0
0 -8 -5 10 8 -1 -1 0
0 -8 -5 10 8 0 0 0
0 -8 -5 10 9 0 -1 0
0 -8 -5 10 9 1 0 0
0 -8 -5 11 11 2 0 0
0 -8 -5 11 12 3 0 0
0 -8 -5 12 10 -4 -5 -1
0 -8 -5 12 11 2 0 0
0 -8 -5 14 11 -6 -4 1
0 -8 -5 14 16 4 0 0
0 -8 -5 16 18 0 -5 -1
0 -8 -5 2 0 0 0 0
0 -8 -5 2 1 0 0 0
0 -8 -5 3 0 0 0 0
0 -8 -5 3 1 0 0 0
0 -8 -5 4 0 0 0 0
0 -8 -5 4 1 0 0 0
0 -8 -5 4 2 0 0 0
0 -8 -5 5 0 0 0 0
0 -8 -5 5 1 0 0 0
0 -8 -5 5 2 -1 0 0
0 -8 -5 5 2 0 0 0
0 -8 -5 5 3 0 0 0
0 -8 -5 6 0 0 0 0
0 -8 -5 6 1 0 0 0
0 -8 -5 6 2 -1 0 0
0 -8 -5 6 2 0 0 0
0 -8 -5 6 3 -1 0 0
0 -8 -5 6 3 0 0 0
0 -8 -5 6 4 0 0 0
0 -8 -5 7 2 -1 0 0
0 -8 -5 7 2 0 0 0
0 -8 -5 7 3 -1 0 0
0 -8 -5 7 3 -2 0 0
0 -8 -5 7 3 0 0 0
0 -8 -5 7 4 -1 0 0
0 -8 -5 7 4 0 0 0
0 -8 -5 7 5 0 0 0
0 -8 -5 7 6 1 0 0
0 -8 -5 8 3 -2 0 0
0 -8 -5 8 4 -1 0 0
0 -8 -5 8 4 -2 0 0
0 -8 -5 8 4 0 0 0
0 -8 -5 8 5 -1 0 0
0 -8 -5 8 5 -2 -1 0
0 -8 -5 8 5 0 0 0
0 -8 -5 8 6 0 0 0
0 -8 -5 8 6 1 0 0
0 -8 -5 8 7 1 0 0
0 -8 -5 9 5 -2 0 0
0 -8 -5 9 5 -3 -1 0
0 -8 -5 9 6 -1 0 0
0 -8 -5 9 6 -2 -1 0
0 -8 -5 9 6 0 0 0
0 -8 -5 9 7 -1 -1 0
0 -8 -5 9 7 0 0 0
0 -8 -5 9 7 1 0 0
0 -8 -5 9 8 1 0 0
0 -8 -5 9 9 2 0 0
0 -8 -6 -1 0 0 0 0
0 -8 -6 0 0 0 0 0
0 -8 -6 1 0 0 0 0
0 -8 -6 1 1 0 0 0
0 -8 -6 10 7 -5 -2 1
0 -8 -6 2 0 0 0 0
0 -8 -6 2 1 0 0 0
0 -8 -6 3 0 0 0 0
0 -8 -6 3 1 0 0 0
0 -8 -6 3 2 0 0 0
0 -8 -6 4 0 0 0 0
0 -8 -6 4 1 0 0 0
0 -8 -6 4 2 0 0 0
0 -8 -6 4 3 0 0 0
0 -8 -6 5 2 -1 0 0
0 -8 -6 5 2 0 0 0
0 -8 -6 5 3 -1 0 0
0 -8 -6 5 3 0 0 0
0 -8 -6 5 4 0 0 0
0 -8 -6 5 5 1 0 0
0 -8 -6 6 4 -1 0 0
0 -8 -6 6 4 0 0 0
0 -8 -6 6 5 0 0 0
0 -8 -6 6 6 1 0 0
0 -8 -6 7 6 -1 -1 0
0 -8 -6 7 6 0 0 0
0 -8 -6 7 7 1 0 0
0 -8 -6 8 8 1 0 0
0 -8 -6 8 9 2 0 0
0 -8 -7 -1 0 0 0 0
0 -8 -7 0 0 0 0 0
0 -8 -7 1 0 0 0 0
0 -8 -7 1 1 0 0 0
0 -8 -7 12 19 7 0 0
0 -8 -7 2 0 0 0 0
0 -8 -7 2 1 0 0 0
0 -8 -7 2 2 0 0 0
0 -8 -7 3 2 0 0 0
0 -8 -7 3 3 0 0 0
0 -8 -7 4 3 -1 0 0
0 -8 -7 4 4 0 0 0
0 -8 -7 4 5 1 0 0
0 -8 -8 -1 0 0 0 0
0 -8 -8 -2 0 0 0 0
0 -8 -8 0 0 0 0 0
0 -8 -8 0 1 0 0 0
0 -8 -8 1 2 0 0 0
0 -8 -8 4 7 2 0 0
0 -8 -9 -2 0 0 0 0
0 -8 0 0 0 0 0 0
0 -8 0 1 0 0 0 0
0 -8 0 10 -1 -1 0 0
0 -8 0 10 -1 -2 0 0
0 -8 0 10 -1 0 0 0
0 -8 0 10 -2 -1 0 0
0 -8 0 10 -2 0 0 0
0 -8 0 10 -3 -1 0 0
0 -8 0 10 -3 0 0 0
0 -8 0 10 -4 0 0 0
0 -8 0 10 -6 1 0 0
0 -8 0 10 0 -1 0 0
0 -8 0 10 0 -2 0 0
0 -8 0 10 0 -3 0 0
0 -8 0 10 0 0 0 0
0 -8 0 10 1 -1 0 0
0 -8 0 10 1 -2 0 0
0 -8 0 10 1 0 0 0
0 -8 0 10 2 -1 0 0
0 -8 0 10 2 0 0 0
0 -8 0 10 3 -1 0 0
0 -8 0 10 3 0 0 0
0 -8 0 10 4 0 0 0
0 -8 0 10 6 1 0 0
0 -8 0 11 -1 -1 0 0
0 -8 0 11 -1 -2 0 0
0 -8 0 11 -1 -3 0 0
0 -8 0 11 -1 -4 1 0
0 -8 0 11 -1 0 0 0
0 -8 0 11 -2 -1 0 0
0 -8 0 11 -2 -2 0 0
0 -8 0 11 -2 0 0 0
0 -8 0 11 -3 -1 0 0
0 -8 0 11 -3 0 0 0
0 -8 0 11 -4 0 0 0
0 -8 0 11 -5 0 0 0
0 -8 0 11 0 -1 0 0
0 -8 0 11 0 -2 0 0
0 -8 0 11 0 -3 0 0
0 -8 0 11 0 -4 0 0
0 -8 0 11 0 0 0 0
0 -8 0 11 1 -1 0 0
0 -8 0 11 1 -2 0 0
0 -8 0 11 1 -3 0 0
0 -8 0 11 1 -4 -1 0
0 -8 0 11 1 0 0 0
0 -8 0 11 2 -1 0 0
0 -8 0 11 2 -2 0 0
0 -8 0 11 2 0 0 0
0 -8 0 11 3 -1 0 0
0 -8 0 11 3 0 0 0
0 -8 0 11 4 0 0 0
0 -8 0 11 5 0 0 0
0 -8 0 12 -1 -1 0 0
0 -8 0 12 -1 -2 0 0
0 -8 0 12 -1 -3 0 0
0 -8 0 12 -1 -4 0 0
0 -8 0 12 -1 -4 1 0
0 -8 0 12 -1 -5 1 0
0 -8 0 12 -1 0 0 0
0 -8 0 12 -2 -1 0 0
0 -8 0 12 -2 -2 0 0
0 -8 0 12 -2 -3 0 0
0 -8 0 12 -2 -4 1 0
0 -8 0 12 -2 0 0 0
0 -8 0 12 -3 -1 0 0
0 -8 0 12 -3 -2 0 0
0 -8 0 12 -3 -3 1 0
0 -8 0 12 -3 0 0 0
0 -8 0 12 -4 -1 0 0
0 -8 0 12 -4 0 0 0
0 -8 0 12 -5 -2 1 0
0 -8 0 12 -5 0 0 0
0 -8 0 12 -7 1 0 0
0 -8 0 12 0 -1 0 0
0 -8 0 12 0 -2 0 0
0 -8 0 12 0 -3 0 0
0 -8 0 12 0 -4 0 0
0 -8 0 12 0 -5 0 0
0 -8 0 12 0 0 0 0
0 -8 0 12 1 -1 0 0
0 -8 0 12 1 -2 0 0
0 -8 0 12 1 -3 0 0
0 -8 0 12 1 -4 -1 0
0 -8 0 12 1 -4 0 0
0 -8 0 12 1 -5 -1 0
0 -8 0 12 1 0 0 0
0 -8 0 12 2 -1 0 0
0 -8 0 12 2 -2 0 0
0 -8 0 12 2 -3 0 0
0 -8 0 12 2 -4 -1 0
0 -8 0 12 2 0 0 0
0 -8 0 12 3 -1 0 0
0 -8 0 12 3 -2 0 0
0 -8 0 12 3 -3 -1 0
0 -8 0 12 3 0 0 0
0 -8 0 12 4 -1 0 0
0 -8 0 12 4 0 0 0
0 -8 0 12 5 -2 -1 0
0 -8 0 12 5 0 0 0
0 -8 0 12 7 1 0 0
0 -8 0 13 -1 -1 0 0
0 -8 0 13 -1 -2 0 0
0 -8 0 13 -1 -3 0 0
0 -8 0 13 -1 -4 0 0
0 -8 0 13 -1 -4 1 0
0 -8 0 13 -1 -5 0 0
0 -8 0 13 -1 -5 1 0
0 -8 0 13 -1 -6 1 0
0 -8 0 13 -1 0 0 0
0 -8 0 13 -2 -1 0 0
0 -8 0 13 -2 -2 0 0
0 -8 0 13 -2 -3 0 0
0 -8 0 13 -2 -4 0 0
0 -8 0 13 -2 -4 1 0
0 -8 0 13 -2 -5 1 0
0 -8 0 13 -2 -6 2 0
0 -8 0 13 -2 0 0 0
0 -8 0 13 -3 -1 0 0
0 -8 0 13 -3 -2 0 0
0 -8 0 13 -3 -3 0 0
0 -8 0 13 -3 -4 1 0
0 -8 0 13 -3 0 0 0
0 -8 0 13 -4 -1 0 0
0 -8 0 13 -4 -2 0 0
0 -8 0 13 -4 -3 1 0
0 -8 0 13 -4 0 0 0
0 -8 0 13 -5 -1 0 0
0 -8 0 13 -5 0 0 0
0 -8 0 13 -6 0 0 0
0 -8 0 13 0 -1 0 0
0 -8 0 13 0 -2 0 0
0 -8 0 13 0 -3 0 0
0 -8 0 13 0 -4 0 0
0 -8 0 13 0 -5 -1 0
0 -8 0 13 0 -5 0 0
0 -8 0 13 0 -5 1 0
0 -8 0 13 0 -6 0 0
0 -8 0 13 0 -7 0 1
0 -8 0 13 0 0 0 0
0 -8 0 13 1 -1 0 0
0 -8 0 13 1 -2 0 0
0 -8 0 13 1 -3 0 0
0 -8 0 13 1 -4 -1 0
0 -8 0 13 1 -4 0 0
0 -8 0 13 1 -5 -1 0
0 -8 0 13 1 -5 0 0
0 -8 0 13 1 -6 -1 0
0 -8 0 13 1 0 0 0
0 -8 0 13 2 -1 0 0
0 -8 0 13 2 -2 0 0
0 -8 0 13 2 -3 0 0
0 -8 0 13 2 -4 -1 0
0 -8 0 13 2 -4 0 0
0 -8 0 13 2 -5 -1 0
0 -8 0 13 2 -6 -2 0
0 -8 0 13 2 0 0 0
0 -8 0 13 3 -1 0 0
0 -8 0 13 3 -2 0 0
0 -8 0 13 3 -3 0 0
0 -8 0 13 3 -4 -1 0
0 -8 0 13 3 0 0 0
0 -8 0 13 4 -1 0 0
0 -8 0 13 4 -2 0 0
0 -8 0 13 4 -3 -1 0
0 -8 0 13 4 0 0 0
0 -8 0 13 5 -1 0 0
0 -8 0 13 5 0 0 0
0 -8 0 13 6 0 0 0
0 -8 0 14 -1 -1 0 0
0 -8 0 14 -1 -2 0 0
0 -8 0 14 -1 -3 0 0
0 -8 0 14 -1 -4 0 0
0 -8 0 14 -1 -5 -1 0
0 -8 0 14 -1 -5 0 0
0 -8 0 14 -1 -5 1 0
0 -8 0 14 -1 -6 0 0
0 -8 0 14 -1 -6 1 0
0 -8 0 14 -1 -7 1 0
0 -8 0 14 -1 -8 1 1
0 -8 0 14 -1 0 0 0
0 -8 0 14 -2 -1 0 0
0 -8 0 14 -2 -2 0 0
0 -8 0 14 -2 -3 0 0
0 -8 0 14 -2 -4 0 0
0 -8 0 14 -2 -4 1 0
0 -8 0 14 -2 -5 0 0
0 -8 0 14 -2 -5 1 0
0 -8 0 14 -2 -6 1 0
0 -8 0 14 -2 -7 2 0
0 -8 0 14 -2 0 0 0
0 -8 0 14 -3 -1 0 0
0 -8 0 14 -3 -2 0 0
0 -8 0 14 -3 -3 0 0
0 -8 0 14 -3 -4 0 0
0 -8 0 14 -3 -4 1 0
0 -8 0 14 -3 -5 1 0
0 -8 0 14 -3 -6 2 0
0 -8 0 14 -3 0 0 0
0 -8 0 14 -4 -1 0 0
0 -8 0 14 -4 -2 0 0
0 -8 0 14 -4 -3 0 0
0 -8 0 14 -4 -3 1 0
0 -8 0 14 -4 -4 1 0
0 -8 0 14 -4 -5 2 0
0 -8 0 14 -4 0 0 0
0 -8 0 14 -5 -2 0 0
0 -8 0 14 -5 -3 1 0
0 -8 0 14 0 -1 0 0
0 -8 0 14 0 -2 0 0
0 -8 0 14 0 -3 0 0
0 -8 0 14 0 -4 0 0
0 -8 0 14 0 -5 -1 0
0 -8 0 14 0 -5 0 0
0 -8 0 14 0 -5 1 0
0 -8 0 14 0 -6 -1 0
0 -8 0 14 0 -6 0 0
0 -8 0 14 0 -6 1 0
0 -8 0 14 0 -7 0 0
0 -8 0 14 0 -7 0 1
0 -8 0 14 0 -8 0 1
0 -8 0 14 0 0 0 0
0 -8 0 14 1 -1 0 0
0 -8 0 14 1 -2 0 0
0 -8 0 14 1 -3 0 0
0 -8 0 14 1 -4 0 0
0 -8 0 14 1 -5 -1 0
0 -8 0 14 1 -5 0 0
0 -8 0 14 1 -5 1 0
0 -8 0 14 1 -6 -1 0
0 -8 0 14 1 -6 0 0
0 -8 0 14 1 -7 -1 0
0 -8 0 14 1 -8 -1 1
0 -8 0 14 1 0 0 0
0 -8 0 14 2 -1 0 0
0 -8 0 14 2 -2 0 0
0 -8 0 14 2 -3 0 0
0 -8 0 14 2 -4 -1 0
0 -8 0 14 2 -4 0 0
0 -8 0 14 2 -5 -1 0
0 -8 0 14 2 -5 0 0
0 -8 0 14 2 -6 -1 0
0 -8 0 14 2 -7 -2 0
0 -8 0 14 2 0 0 0
0 -8 0 14 3 -1 0 0
0 -8 0 14 3 -2 0 0
0 -8 0 14 3 -3 0 0
0 -8 0 14 3 -4 -1 0
0 -8 0 14 3 -4 0 0
0 -8 0 14 3 -5 -1 0
0 -8 0 14 3 -6 -2 0
0 -8 0 14 3 0 0 0
0 -8 0 14 4 -1 0 0
0 -8 0 14 4 -2 0 0
0 -8 0 14 4 -3 -1 0
0 -8 0 14 4 -3 0 0
0 -8 0 14 4 -4 -1 0
0 -8 0 14 4 -5 -2 0
0 -8 0 14 4 0 0 0
0 -8 0 14 5 -2 0 0
0 -8 0 14 5 -3 -1 0
0 -8 0 15 -1 -1 0 0
0 -8 0 15 -1 -2 0 0
0 -8 0 15 -1 -3 0 0
0 -8 0 15 -1 -4 0 0
0 -8 0 15 -1 -5 -1 0
0 -8 0 15 -1 -5 0 0
0 -8 0 15 -1 -5 1 0
0 -8 0 15 -1 -6 -1 0
0 -8 0 15 -1 -6 0 0
0 -8 0 15 -1 -6 1 0
0 -8 0 15 -1 -7 0 0
0 -8 0 15 -1 -7 1 0
0 -8 0 15 -1 -7 2 0
0 -8 0 15 -1 -8 0 1
0 -8 0 15 -1 -8 1 0
0 -8 0 15 -1 -9 1 1
0 -8 0 15 -1 0 0 0
0 -8 0 15 -2 -1 0 0
0 -8 0 15 -2 -2 0 0
0 -8 0 15 -2 -3 0 0
0 -8 0 15 -2 -4 0 0
0 -8 0 15 -2 -4 1 0
0 -8 0 15 -2 -5 0 0
0 -8 0 15 -2 -5 1 0
0 -8 0 15 -2 -6 0 0
0 -8 0 15 -2 -6 1 0
0 -8 0 15 -2 -7 1 0
0 -8 0 15 -2 -7 2 0
0 -8 0 15 -2 -8 1 1
0 -8 0 15 -2 -8 2 0
0 -8 0 15 -2 0 0 0
0 -8 0 15 -3 -2 0 0
0 -8 0 15 -3 -3 0 0
0 -8 0 15 -3 -4 0 0
0 -8 0 15 -3 -4 1 0
0 -8 0 15 -3 -5 0 0
0 -8 0 15 -3 -5 1 0
0 -8 0 15 -3 -6 1 0
0 -8 0 15 -3 -6 2 0
0 -8 0 15 -3 -7 1 1
0 -8 0 15 -3 -7 2 0
0 -8 0 15 -3 -8 3 0
0 -8 0 15 -4 -4 0 0
0 -8 0 15 -4 -4 1 0
0 -8 0 15 -4 -5 1 0
0 -8 0 15 -4 -6 2 0
0 -8 0 15 -4 -7 3 0
0 -8 0 15 0 -1 0 0
0 -8 0 15 0 -10 0 2
0 -8 0 15 0 -2 0 0
0 -8 0 15 0 -3 0 0
0 -8 0 15 0 -4 0 0
0 -8 0 15 0 -5 -1 0
0 -8 0 15 0 -5 0 0
0 -8 0 15 0 -5 1 0
0 -8 0 15 0 -6 -1 0
0 -8 0 15 0 -6 0 0
0 -8 0 15 0 -6 1 0
0 -8 0 15 0 -7 -1 0
0 -8 0 15 0 -7 0 0
0 -8 0 15 0 -7 1 0
0 -8 0 15 0 -8 0 0
0 -8 0 15 0 -8 0 1
0 -8 0 15 0 -9 0 1
0 -8 0 15 0 0 0 0
0 -8 0 15 1 -1 0 0
0 -8 0 15 1 -2 0 0
0 -8 0 15 1 -3 0 0
0 -8 0 15 1 -4 0 0
0 -8 0 15 1 -5 -1 0
0 -8 0 15 1 -5 0 0
0 -8 0 15 1 -5 1 0
0 -8 0 15 1 -6 -1 0
0 -8 0 15 1 -6 0 0
0 -8 0 15 1 -6 1 0
0 -8 0 15 1 -7 -1 0
0 -8 0 15 1 -7 -2 0
0 -8 0 15 1 -7 0 0
0 -8 0 15 1 -8 -1 0
0 -8 0 15 1 -8 0 1
0 -8 0 15 1 -9 -1 1
0 -8 0 15 1 0 0 0
0 -8 0 15 2 -1 0 0
0 -8 0 15 2 -2 0 0
0 -8 0 15 2 -3 0 0
0 -8 0 15 2 -4 -1 0
0 -8 0 15 2 -4 0 0
0 -8 0 15 2 -5 -1 0
0 -8 0 15 2 -5 0 0
0 -8 0 15 2 -6 -1 0
0 -8 0 15 2 -6 0 0
0 -8 0 15 2 -7 -1 0
0 -8 0 15 2 -7 -2 0
0 -8 0 15 2 -8 -1 1
0 -8 0 15 2 -8 -2 0
0 -8 0 15 2 0 0 0
0 -8 0 15 3 -2 0 0
0 -8 0 15 3 -3 0 0
0 -8 0 15 3 -4 -1 0
0 -8 0 15 3 -4 0 0
0 -8 0 15 3 -5 -1 0
0 -8 0 15 3 -5 0 0
0 -8 0 15 3 -6 -1 0
0 -8 0 15 3 -6 -2 0
0 -8 0 15 3 -7 -1 1
0 -8 0 15 3 -7 -2 0
0 -8 0 15 3 -8 -3 0
0 -8 0 15 4 -4 -1 0
0 -8 0 15 4 -4 0 0
0 -8 0 15 4 -5 -1 0
0 -8 0 15 4 -6 -2 0
0 -8 0 15 4 -7 -3 0
0 -8 0 16 -1 -10 1 1
0 -8 0 16 -1 -11 1 2
0 -8 0 16 -1 -3 0 0
0 -8 0 16 -1 -4 0 0
0 -8 0 16 -1 -5 -1 0
0 -8 0 16 -1 -5 0 0
0 -8 0 16 -1 -5 1 0
0 -8 0 16 -1 -6 -1 0
0 -8 0 16 -1 -6 0 0
0 -8 0 16 -1 -6 1 0
0 -8 0 16 -1 -7 -1 0
0 -8 0 16 -1 -7 0 0
0 -8 0 16 -1 -7 1 0
0 -8 0 16 -1 -7 2 0
0 -8 0 16 -1 -8 0 0
0 -8 0 16 -1 -8 0 1
0 -8 0 16 -1 -8 1 0
0 -8 0 16 -1 -8 2 0
0 -8 0 16 -1 -9 0 1
0 -8 0 16 -1 -9 1 0
0 -8 0 16 -1 -9 1 1
0 -8 0 16 -2 -10 1 2
0 -8 0 16 -2 -10 2 1
0 -8 0 16 -2 -4 0 0
0 -8 0 16 -2 -4 1 0
0 -8 0 16 -2 -5 0 0
0 -8 0 16 -2 -5 1 0
0 -8 0 16 -2 -6 -1 0
0 -8 0 16 -2 -6 0 0
0 -8 0 16 -2 -6 1 0
0 -8 0 16 -2 -7 0 0
0 -8 0 16 -2 -7 1 0
0 -8 0 16 -2 -7 2 0
0 -8 0 16 -2 -8 1 0
0 -8 0 16 -2 -8 1 1
0 -8 0 16 -2 -8 2 0
0 -8 0 16 -2 -9 1 1
0 -8 0 16 -2 -9 2 0
0 -8 0 16 -2 -9 3 0
0 -8 0 16 -3 -6 0 0
0 -8 0 16 -3 -6 1 0
0 -8 0 16 -3 -6 2 0
0 -8 0 16 -3 -7 1 0
0 -8 0 16 -3 -7 2 0
0 -8 0 16 -3 -8 1 1
0 -8 0 16 -3 -8 2 0
0 -8 0 16 -3 -8 3 0
0 -8 0 16 -3 -9 2 1
0 -8 0 16 -3 -9 3 0
0 -8 0 16 -4 -7 2 0
0 -8 0 16 -4 -8 3 0
0 -8 0 16 -4 -9 4 0
0 -8 0 16 -5 -9 6 -1
0 -8 0 16 0 -10 0 1
0 -8 0 16 0 -11 0 2
0 -8 0 16 0 -12 0 3
0 -8 0 16 0 -3 0 0
0 -8 0 16 0 -4 0 0
0 -8 0 16 0 -5 -1 0
0 -8 0 16 0 -5 0 0
0 -8 0 16 0 -5 1 0
0 -8 0 16 0 -6 -1 0
0 -8 0 16 0 -6 0 0
0 -8 0 16 0 -6 1 0
0 -8 0 16 0 -7 -1 0
0 -8 0 16 0 -7 0 0
0 -8 0 16 0 -7 1 0
0 -8 0 16 0 -8 -1 0
0 -8 0 16 0 -8 0 0
0 -8 0 16 0 -8 0 1
0 -8 0 16 0 -8 1 0
0 -8 0 16 0 -9 0 0
0 -8 0 16 0 -9 0 1
0 -8 0 16 0 0 0 0
0 -8 0 16 1 -10 -1 1
0 -8 0 16 1 -11 -1 2
0 -8 0 16 1 -3 0 0
0 -8 0 16 1 -4 0 0
0 -8 0 16 1 -5 -1 0
0 -8 0 16 1 -5 0 0
0 -8 0 16 1 -5 1 0
0 -8 0 16 1 -6 -1 0
0 -8 0 16 1 -6 0 0
0 -8 0 16 1 -6 1 0
0 -8 0 16 1 -7 -1 0
0 -8 0 16 1 -7 -2 0
0 -8 0 16 1 -7 0 0
0 -8 0 16 1 -7 1 0
0 -8 0 16 1 -8 -1 0
0 -8 0 16 1 -8 -2 0
0 -8 0 16 1 -8 0 0
0 -8 0 16 1 -8 0 1
0 -8 0 16 1 -9 -1 0
0 -8 0 16 1 -9 -1 1
0 -8 0 16 1 -9 0 1
0 -8 0 16 2 -10 -1 2
0 -8 0 16 2 -10 -2 1
0 -8 0 16 2 -4 -1 0
0 -8 0 16 2 -4 0 0
0 -8 0 16 2 -5 -1 0
0 -8 0 16 2 -5 0 0
0 -8 0 16 2 -6 -1 0
0 -8 0 16 2 -6 0 0
0 -8 0 16 2 -6 1 0
0 -8 0 16 2 -7 -1 0
0 -8 0 16 2 -7 -2 0
0 -8 0 16 2 -7 0 0
0 -8 0 16 2 -8 -1 0
0 -8 0 16 2 -8 -1 1
0 -8 0 16 2 -8 -2 0
0 -8 0 16 2 -9 -1 1
0 -8 0 16 2 -9 -2 0
0 -8 0 16 2 -9 -3 0
0 -8 0 16 3 -6 -1 0
0 -8 0 16 3 -6 -2 0
0 -8 0 16 3 -6 0 0
0 -8 0 16 3 -7 -1 0
0 -8 0 16 3 -7 -2 0
0 -8 0 16 3 -8 -1 1
0 -8 0 16 3 -8 -2 0
0 -8 0 16 3 -8 -3 0
0 -8 0 16 3 -9 -2 1
0 -8 0 16 3 -9 -3 0
0 -8 0 16 4 -7 -2 0
0 -8 0 16 4 -8 -3 0
0 -8 0 16 4 -9 -4 0
0 -8 0 16 5 -9 -6 -1
0 -8 0 17 -1 -10 0 1
0 -8 0 17 -1 -10 1 0
0 -8 0 17 -1 -10 1 1
0 -8 0 17 -1 -10 2 0
0 -8 0 17 -1 -11 1 1
0 -8 0 17 -1 -11 2 1
0 -8 0 17 -1 -12 1 2
0 -8 0 17 -1 -13 1 3
0 -8 0 17 -1 -6 0 0
0 -8 0 17 -1 -6 1 0
0 -8 0 17 -1 -7 -1 0
0 -8 0 17 -1 -7 0 0
0 -8 0 17 -1 -7 1 0
0 -8 0 17 -1 -8 -1 0
0 -8 0 17 -1 -8 -2 0
0 -8 0 17 -1 -8 0 0
0 -8 0 17 -1 -8 1 0
0 -8 0 17 -1 -8 2 0
0 -8 0 17 -1 -9 0 0
0 -8 0 17 -1 -9 0 1
0 -8 0 17 -1 -9 1 0
0 -8 0 17 -1 -9 1 1
0 -8 0 17 -1 -9 2 0
0 -8 0 17 -2 -10 1 1
0 -8 0 17 -2 -10 2 0
0 -8 0 17 -2 -10 2 1
0 -8 0 17 -2 -10 3 0
0 -8 0 17 -2 -11 1 2
0 -8 0 17 -2 -11 2 1
0 -8 0 17 -2 -11 3 0
0 -8 0 17 -2 -12 2 2
0 -8 0 17 -2 -7 2 0
0 -8 0 17 -2 -8 0 0
0 -8 0 17 -2 -8 1 0
0 -8 0 17 -2 -8 2 0
0 -8 0 17 -2 -9 0 1
0 -8 0 17 -2 -9 1 0
0 -8 0 17 -2 -9 1 1
0 -8 0 17 -2 -9 2 0
0 -8 0 17 -2 -9 3 0
0 -8 0 17 -3 -10 2 1
0 -8 0 17 -3 -10 3 0
0 -8 0 17 -3 -10 4 0
0 -8 0 17 -3 -11 3 1
0 -8 0 17 -3 -11 4 0
0 -8 0 17 -3 -9 2 0
0 -8 0 17 -3 -9 3 0
0 -8 0 17 -4 -10 4 0
0 -8 0 17 -4 -11 5 0
0 -8 0 17 -5 -11 7 -1
0 -8 0 17 0 -10 -1 0
0 -8 0 17 0 -10 -1 1
0 -8 0 17 0 -10 0 0
0 -8 0 17 0 -10 0 1
0 -8 0 17 0 -10 1 0
0 -8 0 17 0 -10 1 1
0 -8 0 17 0 -11 0 1
0 -8 0 17 0 -11 0 2
0 -8 0 17 0 -12 0 2
0 -8 0 17 0 -13 0 3
0 -8 0 17 0 -14 0 4
0 -8 0 17 0 -6 -1 0
0 -8 0 17 0 -6 0 0
0 -8 0 17 0 -6 1 0
0 -8 0 17 0 -7 -1 0
0 -8 0 17 0 -7 0 0
0 -8 0 17 0 -7 1 0
0 -8 0 17 0 -8 -1 0
0 -8 0 17 0 -8 -2 0
0 -8 0 17 0 -8 0 0
0 -8 0 17 0 -8 0 1
0 -8 0 17 0 -8 1 0
0 -8 0 17 0 -8 2 0
0 -8 0 17 0 -9 -1 0
0 -8 0 17 0 -9 -2 0
0 -8 0 17 0 -9 0 0
0 -8 0 17 0 -9 0 1
0 -8 0 17 0 -9 1 0
0 -8 0 17 0 -9 2 0
0 -8 0 17 1 -10 -1 0
0 -8 0 17 1 -10 -1 1
0 -8 0 17 1 -10 -2 0
0 -8 0 17 1 -10 0 1
0 -8 0 17 1 -11 -1 1
0 -8 0 17 1 -11 -2 1
0 -8 0 17 1 -12 -1 2
0 -8 0 17 1 -13 -1 3
0 -8 0 17 1 -6 -1 0
0 -8 0 17 1 -6 0 0
0 -8 0 17 1 -7 -1 0
0 -8 0 17 1 -7 0 0
0 -8 0 17 1 -7 1 0
0 -8 0 17 1 -8 -1 0
0 -8 0 17 1 -8 -2 0
0 -8 0 17 1 -8 0 0
0 -8 0 17 1 -8 1 0
0 -8 0 17 1 -8 2 0
0 -8 0 17 1 -9 -1 0
0 -8 0 17 1 -9 -1 1
0 -8 0 17 1 -9 -2 0
0 -8 0 17 1 -9 0 0
0 -8 0 17 1 -9 0 1
0 -8 0 17 2 -10 -1 1
0 -8 0 17 2 -10 -2 0
0 -8 0 17 2 -10 -2 1
0 -8 0 17 2 -10 -3 0
0 -8 0 17 2 -11 -1 2
0 -8 0 17 2 -11 -2 1
0 -8 0 17 2 -11 -3 0
0 -8 0 17 2 -12 -2 2
0 -8 0 17 2 -7 -2 0
0 -8 0 17 2 -8 -1 0
0 -8 0 17 2 -8 -2 0
0 -8 0 17 2 -8 0 0
0 -8 0 17 2 -9 -1 0
0 -8 0 17 2 -9 -1 1
0 -8 0 17 2 -9 -2 0
0 -8 0 17 2 -9 -3 0
0 -8 0 17 2 -9 0 1
0 -8 0 17 3 -10 -2 1
0 -8 0 17 3 -10 -3 0
0 -8 0 17 3 -10 -4 0
0 -8 0 17 3 -11 -3 1
0 -8 0 17 3 -11 -4 0
0 -8 0 17 3 -9 -2 0
0 -8 0 17 3 -9 -3 0
0 -8 0 17 4 -10 -4 0
0 -8 0 17 4 -11 -5 0
0 -8 0 17 5 -11 -7 -1
0 -8 0 18 -1 -10 0 0
0 -8 0 18 -1 -10 0 1
0 -8 0 18 -1 -10 1 0
0 -8 0 18 -1 -10 1 1
0 -8 0 18 -1 -10 2 0
0 -8 0 18 -1 -10 3 0
0 -8 0 18 -1 -11 -1 1
0 -8 0 18 -1 -11 0 0
0 -8 0 18 -1 -11 0 1
0 -8 0 18 -1 -11 1 0
0 -8 0 18 -1 -11 1 1
0 -8 0 18 -1 -11 2 0
0 -8 0 18 -1 -11 2 1
0 -8 0 18 -1 -11 3 0
0 -8 0 18 -1 -12 0 2
0 -8 0 18 -1 -12 1 1
0 -8 0 18 -1 -12 1 2
0 -8 0 18 -1 -12 2 0
0 -8 0 18 -1 -12 2 1
0 -8 0 18 -1 -13 1 2
0 -8 0 18 -1 -14 1 3
0 -8 0 18 -1 -15 1 4
0 -8 0 18 -1 -9 2 0
0 -8 0 18 -2 -11 2 0
0 -8 0 18 -2 -11 3 0
0 -8 0 18 -2 -11 4 0
0 -8 0 18 -2 -12 1 2
0 -8 0 18 -2 -12 2 1
0 -8 0 18 -2 -12 3 0
0 -8 0 18 -2 -12 3 1
0 -8 0 18 -2 -12 4 0
0 -8 0 18 -2 -13 2 2
0 -8 0 18 -2 -13 3 1
0 -8 0 18 -2 -14 2 3
0 -8 0 18 -3 -12 4 0
0 -8 0 18 -3 -12 5 0
0 -8 0 18 -3 -13 3 2
0 -8 0 18 -3 -13 4 1
0 -8 0 18 -4 -12 7 -1
0 -8 0 18 0 -10 -1 0
0 -8 0 18 0 -10 -1 1
0 -8 0 18 0 -10 -2 0
0 -8 0 18 0 -10 -3 0
0 -8 0 18 0 -10 0 0
0 -8 0 18 0 -10 0 1
0 -8 0 18 0 -10 1 0
0 -8 0 18 0 -10 1 1
0 -8 0 18 0 -10 2 0
0 -8 0 18 0 -10 3 0
0 -8 0 18 0 -11 -1 0
0 -8 0 18 0 -11 -1 1
0 -8 0 18 0 -11 0 0
0 -8 0 18 0 -11 0 1
0 -8 0 18 0 -11 0 2
0 -8 0 18 0 -11 1 0
0 -8 0 18 0 -11 1 1
0 -8 0 18 0 -12 -1 1
0 -8 0 18 0 -12 0 0
0 -8 0 18 0 -12 0 1
0 -8 0 18 0 -12 0 2
0 -8 0 18 0 -12 1 1
0 -8 0 18 0 -13 0 1
0 -8 0 18 0 -13 0 2
0 -8 0 18 0 -14 0 3
0 -8 0 18 0 -15 0 4
0 -8 0 18 0 -16 0 5
0 -8 0 18 0 -8 0 0
0 -8 0 18 0 -8 0 1
0 -8 0 18 0 -9 -1 0
0 -8 0 18 0 -9 -2 0
0 -8 0 18 0 -9 0 0
0 -8 0 18 0 -9 0 1
0 -8 0 18 0 -9 1 0
0 -8 0 18 0 -9 2 0
0 -8 0 18 1 -10 -1 0
0 -8 0 18 1 -10 -1 1
0 -8 0 18 1 -10 -2 0
0 -8 0 18 1 -10 -3 0
0 -8 0 18 1 -10 0 0
0 -8 0 18 1 -10 0 1
0 -8 0 18 1 -11 -1 0
0 -8 0 18 1 -11 -1 1
0 -8 0 18 1 -11 -2 0
0 -8 0 18 1 -11 -2 1
0 -8 0 18 1 -11 -3 0
0 -8 0 18 1 -11 0 0
0 -8 0 18 1 -11 0 1
0 -8 0 18 1 -11 1 1
0 -8 0 18 1 -12 -1 1
0 -8 0 18 1 -12 -1 2
0 -8 0 18 1 -12 -2 0
0 -8 0 18 1 -12 -2 1
0 -8 0 18 1 -12 0 2
0 -8 0 18 1 -13 -1 2
0 -8 0 18 1 -14 -1 3
0 -8 0 18 1 -15 -1 4
0 -8 0 18 1 -9 -2 0
0 -8 0 18 2 -11 -2 0
0 -8 0 18 2 -11 -3 0
0 -8 0 18 2 -11 -4 0
0 -8 0 18 2 -12 -1 2
0 -8 0 18 2 -12 -2 1
0 -8 0 18 2 -12 -3 0
0 -8 0 18 2 -12 -3 1
0 -8 0 18 2 -12 -4 0
0 -8 0 18 2 -13 -2 2
0 -8 0 18 2 -13 -3 1
0 -8 0 18 2 -14 -2 3
0 -8 0 18 3 -12 -4 0
0 -8 0 18 3 -12 -5 0
0 -8 0 18 3 -13 -3 2
0 -8 0 18 3 -13 -4 1
0 -8 0 18 4 -12 -7 -1
0 -8 0 19 -1 -12 4 0
0 -8 0 19 -1 -13 2 0
0 -8 0 19 -1 -13 3 0
0 -8 0 19 -1 -13 3 1
0 -8 0 19 -1 -14 1 1
0 -8 0 19 -1 -14 1 2
0 -8 0 19 -1 -14 2 0
0 -8 0 19 -1 -14 2 1
0 -8 0 19 -1 -14 2 2
0 -8 0 19 -1 -15 1 3
0 -8 0 19 -1 -15 2 2
0 -8 0 19 -1 -16 1 4
0 -8 0 19 -1 -17 1 5
0 -8 0 19 -2 -14 4 0
0 -8 0 19 -2 -15 3 2
0 -8 0 19 -2 -16 2 4
0 -8 0 19 -2 -16 3 3
0 -8 0 19 0 -12 0 0
0 -8 0 19 0 -13 -1 0
0 -8 0 19 0 -13 -1 1
0 -8 0 19 0 -13 -1 2
0 -8 0 19 0 -13 0 0
0 -8 0 19 0 -13 0 1
0 -8 0 19 0 -13 0 2
0 -8 0 19 0 -13 1 0
0 -8 0 19 0 -13 1 1
0 -8 0 19 0 -13 1 2
0 -8 0 19 0 -14 -1 2
0 -8 0 19 0 -14 0 0
0 -8 0 19 0 -14 0 1
0 -8 0 19 0 -14 0 2
0 -8 0 19 0 -14 0 3
0 -8 0 19 0 -14 1 2
0 -8 0 19 0 -15 -1 3
0 -8 0 19 0 -15 0 2
0 -8 0 19 0 -15 0 3
0 -8 0 19 0 -15 1 3
0 -8 0 19 0 -16 0 4
0 -8 0 19 0 -17 0 5
0 -8 0 19 0 -18 0 6
0 -8 0 19 1 -12 -4 0
0 -8 0 19 1 -13 -2 0
0 -8 0 19 1 -13 -3 0
0 -8 0 19 1 -13 -3 1
0 -8 0 19 1 -14 -1 1
0 -8 0 19 1 -14 -1 2
0 -8 0 19 1 -14 -2 0
0 -8 0 19 1 -14 -2 1
0 -8 0 19 1 -14 -2 2
0 -8 0 19 1 -15 -1 3
0 -8 0 19 1 -15 -2 2
0 -8 0 19 1 -16 -1 4
0 -8 0 19 1 -17 -1 5
0 -8 0 19 2 -14 -4 0
0 -8 0 19 2 -15 -3 2
0 -8 0 19 2 -16 -2 4
0 -8 0 19 2 -16 -3 3
0 -8 0 2 0 0 0 0
0 -8 0 20 -1 -16 3 2
0 -8 0 20 -1 -18 2 4
0 -8 0 20 -1 -19 1 6
0 -8 0 20 0 -16 -1 2
0 -8 0 20 0 -16 0 0
0 -8 0 20 0 -16 0 4
0 -8 0 20 0 -16 1 2
0 -8 0 20 0 -17 0 2
0 -8 0 20 0 -17 0 3
0 -8 0 20 0 -17 0 4
0 -8 0 20 0 -18 0 4
0 -8 0 20 0 -18 0 5
0 -8 0 20 0 -19 0 6
0 -8 0 20 0 -20 0 7
0 -8 0 20 1 -16 -3 2
0 -8 0 20 1 -18 -2 4
0 -8 0 20 1 -19 -1 6
0 -8 0 3 0 0 0 0
0 -8 0 4 -1 0 0 0
0 -8 0 4 0 0 0 0
0 -8 0 4 1 0 0 0
0 -8 0 5 -1 0 0 0
0 -8 0 5 0 0 0 0
0 -8 0 5 1 0 0 0
0 -8 0 6 -1 0 0 0
0 -8 0 6 -2 0 0 0
0 -8 0 6 0 -1 0 0
0 -8 0 6 0 0 0 0
0 -8 0 6 1 0 0 0
0 -8 0 6 2 0 0 0
0 -8 0 7 -1 0 0 0
0 -8 0 7 -2 0 0 0
0 -8 0 7 0 -1 0 0
0 -8 0 7 0 0 0 0
0 -8 0 7 1 0 0 0
0 -8 0 7 2 0 0 0
0 -8 0 8 -1 -1 0 0
0 -8 0 8 -1 0 0 0
0 -8 0 8 -2 0 0 0
0 -8 0 8 -3 0 0 0
0 -8 0 8 0 -1 0 0
0 -8 0 8 0 -2 0 0
0 -8 0 8 0 0 0 0
0 -8 0 8 1 -1 0 0
0 -8 0 8 1 0 0 0
0 -8 0 8 2 0 0 0
0 -8 0 8 3 0 0 0
0 -8 0 9 -1 -1 0 0
0 -8 0 9 -1 0 0 0
0 -8 0 9 -2 -1 0 0
0 -8 0 9 -2 0 0 0
0 -8 0 9 -3 0 0 0
0 -8 0 9 0 -1 0 0
0 -8 0 9 0 -2 0 0
0 -8 0 9 0 0 0 0
0 -8 0 9 1 -1 0 0
0 -8 0 9 1 0 0 0
0 -8 0 9 2 -1 0 0
0 -8 0 9 2 0 0 0
0 -8 0 9 3 0 0 0
0 -8 1 1 0 0 0 0
0 -8 1 10 -1 -1 0 0
0 -8 1 10 -1 -2 0 0
0 -8 1 10 -1 -3 0 0
0 -8 1 10 -1 0 0 0
0 -8 1 10 -2 -1 0 0
0 -8 1 10 -2 -2 0 0
0 -8 1 10 -2 0 0 0
0 -8 1 10 -3 -1 0 0
0 -8 1 10 -3 0 0 0
0 -8 1 10 -4 0 0 0
0 -8 1 10 0 -1 0 0
0 -8 1 10 0 -2 0 0
0 -8 1 10 0 0 0 0
0 -8 1 10 1 -1 0 0
0 -8 1 10 1 -2 0 0
0 -8 1 10 1 0 0 0
0 -8 1 10 2 -1 0 0
0 -8 1 10 2 0 0 0
0 -8 1 10 3 0 0 0
0 -8 1 10 4 0 0 0
0 -8 1 11 -1 -1 0 0
0 -8 1 11 -1 -2 0 0
0 -8 1 11 -1 -3 0 0
0 -8 1 11 -1 -4 0 0
0 -8 1 11 -1 0 0 0
0 -8 1 11 -2 -1 0 0
0 -8 1 11 -2 -2 0 0
0 -8 1 11 -2 -3 0 0
0 -8 1 11 -2 -4 1 0
0 -8 1 11 -2 0 0 0
0 -8 1 11 -3 -1 0 0
0 -8 1 11 -3 -2 0 0
0 -8 1 11 -3 -3 1 0
0 -8 1 11 -3 0 0 0
0 -8 1 11 -4 -1 0 0
0 -8 1 11 -4 0 0 0
0 -8 1 11 -5 0 0 0
0 -8 1 11 -7 1 0 0
0 -8 1 11 0 -1 0 0
0 -8 1 11 0 -2 0 0
0 -8 1 11 0 -3 0 0
0 -8 1 11 0 -4 -1 0
0 -8 1 11 0 0 0 0
0 -8 1 11 1 -1 0 0
0 -8 1 11 1 -2 0 0
0 -8 1 11 1 0 0 0
0 -8 1 11 2 -1 0 0
0 -8 1 11 2 0 0 0
0 -8 1 11 3 -1 0 0
0 -8 1 11 3 0 0 0
0 -8 1 11 4 0 0 0
0 -8 1 12 -1 -1 0 0
0 -8 1 12 -1 -2 0 0
0 -8 1 12 -1 -3 0 0
0 -8 1 12 -1 -4 0 0
0 -8 1 12 -1 -4 1 0
0 -8 1 12 -1 -5 0 0
0 -8 1 12 -1 0 0 0
0 -8 1 12 -2 -1 0 0
0 -8 1 12 -2 -2 0 0
0 -8 1 12 -2 -3 0 0
0 -8 1 12 -2 -4 0 0
0 -8 1 12 -2 -4 1 0
0 -8 1 12 -2 -5 1 0
0 -8 1 12 -2 0 0 0
0 -8 1 12 -3 -1 0 0
0 -8 1 12 -3 -2 0 0
0 -8 1 12 -3 -3 0 0
0 -8 1 12 -3 -4 1 0
0 -8 1 12 -3 0 0 0
0 -8 1 12 -4 -1 0 0
0 -8 1 12 -4 -2 0 0
0 -8 1 12 -4 -3 1 0
0 -8 1 12 -4 0 0 0
0 -8 1 12 -5 -1 0 0
0 -8 1 12 -5 0 0 0
0 -8 1 12 -6 0 0 0
0 -8 1 12 -7 1 0 0
0 -8 1 12 0 -1 0 0
0 -8 1 12 0 -2 0 0
0 -8 1 12 0 -3 0 0
0 -8 1 12 0 -4 0 0
0 -8 1 12 0 -5 -1 0
0 -8 1 12 0 0 0 0
0 -8 1 12 1 -1 0 0
0 -8 1 12 1 -2 0 0
0 -8 1 12 1 -3 0 0
0 -8 1 12 1 -4 -1 0
0 -8 1 12 1 0 0 0
0 -8 1 12 2 -1 0 0
0 -8 1 12 2 -2 0 0
0 -8 1 12 2 0 0 0
0 -8 1 12 3 -1 0 0
0 -8 1 12 3 -3 -1 0
0 -8 1 12 3 0 0 0
0 -8 1 12 4 0 0 0
0 -8 1 13 -1 -1 0 0
0 -8 1 13 -1 -2 0 0
0 -8 1 13 -1 -3 0 0
0 -8 1 13 -1 -4 0 0
0 -8 1 13 -1 -5 -1 0
0 -8 1 13 -1 -5 0 0
0 -8 1 13 -1 -5 1 0
0 -8 1 13 -1 -6 0 0
0 -8 1 13 -1 -7 0 1
0 -8 1 13 -1 0 0 0
0 -8 1 13 -2 -1 0 0
0 -8 1 13 -2 -2 0 0
0 -8 1 13 -2 -3 0 0
0 -8 1 13 -2 -4 0 0
0 -8 1 13 -2 -4 1 0
0 -8 1 13 -2 -5 0 0
0 -8 1 13 -2 -5 1 0
0 -8 1 13 -2 -6 1 0
0 -8 1 13 -2 -7 1 1
0 -8 1 13 -2 0 0 0
0 -8 1 13 -3 -1 0 0
0 -8 1 13 -3 -2 0 0
0 -8 1 13 -3 -3 0 0
0 -8 1 13 -3 -4 0 0
0 -8 1 13 -3 -4 1 0
0 -8 1 13 -3 -5 1 0
0 -8 1 13 -3 -6 2 0
0 -8 1 13 -3 0 0 0
0 -8 1 13 -4 -1 0 0
0 -8 1 13 -4 -2 0 0
0 -8 1 13 -4 -3 0 0
0 -8 1 13 -4 -3 1 0
0 -8 1 13 -4 -4 1 0
0 -8 1 13 -4 -5 2 0
0 -8 1 13 -4 0 0 0
0 -8 1 13 -5 -1 0 0
0 -8 1 13 -5 -2 0 0
0 -8 1 13 -5 -3 1 0
0 -8 1 13 -5 0 0 0
0 -8 1 13 -6 -1 0 0
0 -8 1 13 -6 -2 1 0
0 -8 1 13 -6 0 0 0
0 -8 1 13 -7 0 0 0
0 -8 1 13 -8 1 0 0
0 -8 1 13 0 -1 0 0
0 -8 1 13 0 -2 0 0
0 -8 1 13 0 -3 0 0
0 -8 1 13 0 -4 0 0
0 -8 1 13 0 -5 -1 0
0 -8 1 13 0 -5 0 0
0 -8 1 13 0 -6 -1 0
0 -8 1 13 0 0 0 0
0 -8 1 13 1 -1 0 0
0 -8 1 13 1 -2 0 0
0 -8 1 13 1 -3 0 0
0 -8 1 13 1 -4 -1 0
0 -8 1 13 1 -4 0 0
0 -8 1 13 1 -5 -1 0
0 -8 1 13 1 0 0 0
0 -8 1 13 2 -1 0 0
0 -8 1 13 2 -2 0 0
0 -8 1 13 2 -3 0 0
0 -8 1 13 2 -4 -1 0
0 -8 1 13 2 0 0 0
0 -8 1 13 3 -2 0 0
0 -8 1 14 -1 -1 0 0
0 -8 1 14 -1 -2 0 0
0 -8 1 14 -1 -3 0 0
0 -8 1 14 -1 -4 0 0
0 -8 1 14 -1 -5 -1 0
0 -8 1 14 -1 -5 0 0
0 -8 1 14 -1 -5 1 0
0 -8 1 14 -1 -6 -1 0
0 -8 1 14 -1 -6 0 0
0 -8 1 14 -1 -6 1 0
0 -8 1 14 -1 -7 0 0
0 -8 1 14 -1 -8 0 1
0 -8 1 14 -1 0 0 0
0 -8 1 14 -2 -1 0 0
0 -8 1 14 -2 -2 0 0
0 -8 1 14 -2 -3 0 0
0 -8 1 14 -2 -4 0 0
0 -8 1 14 -2 -4 1 0
0 -8 1 14 -2 -5 0 0
0 -8 1 14 -2 -5 1 0
0 -8 1 14 -2 -6 0 0
0 -8 1 14 -2 -6 1 0
0 -8 1 14 -2 -7 1 0
0 -8 1 14 -2 -8 1 1
0 -8 1 14 -2 0 0 0
0 -8 1 14 -3 -1 0 0
0 -8 1 14 -3 -2 0 0
0 -8 1 14 -3 -3 0 0
0 -8 1 14 -3 -4 0 0
0 -8 1 14 -3 -4 1 0
0 -8 1 14 -3 -5 0 0
0 -8 1 14 -3 -5 1 0
0 -8 1 14 -3 -6 1 0
0 -8 1 14 -3 -6 2 0
0 -8 1 14 -3 -7 1 1
0 -8 1 14 -3 -7 2 0
0 -8 1 14 -3 0 0 0
0 -8 1 14 -4 -1 0 0
0 -8 1 14 -4 -2 0 0
0 -8 1 14 -4 -3 0 0
0 -8 1 14 -4 -3 1 0
0 -8 1 14 -4 -4 0 0
0 -8 1 14 -4 -4 1 0
0 -8 1 14 -4 -5 1 0
0 -8 1 14 -4 -6 2 0
0 -8 1 14 -4 -7 3 0
0 -8 1 14 -4 0 0 0
0 -8 1 14 -5 -1 0 0
0 -8 1 14 -5 -2 0 0
0 -8 1 14 -5 -3 0 0
0 -8 1 14 -5 -3 1 0
0 -8 1 14 -5 -4 1 0
0 -8 1 14 -5 -5 2 0
0 -8 1 14 -5 0 0 0
0 -8 1 14 -6 -1 0 0
0 -8 1 14 -6 -2 0 0
0 -8 1 14 -6 -3 1 0
0 -8 1 14 -6 -4 2 0
0 -8 1 14 -6 0 0 0
0 -8 1 14 -7 -1 0 0
0 -8 1 14 -7 -2 1 0
0 -8 1 14 -7 0 0 0
0 -8 1 14 -8 0 0 0
0 -8 1 14 0 -1 0 0
0 -8 1 14 0 -2 0 0
0 -8 1 14 0 -3 0 0
0 -8 1 14 0 -4 0 0
0 -8 1 14 0 -5 -1 0
0 -8 1 14 0 -5 0 0
0 -8 1 14 0 -5 1 0
0 -8 1 14 0 -6 -1 0
0 -8 1 14 0 -6 0 0
0 -8 1 14 0 -7 -1 0
0 -8 1 14 0 -7 0 1
0 -8 1 14 0 0 0 0
0 -8 1 14 1 -2 0 0
0 -8 1 14 1 -3 0 0
0 -8 1 14 1 -4 0 0
0 -8 1 14 1 -5 -1 0
0 -8 1 14 1 -5 0 0
0 -8 1 14 1 -6 -1 0
0 -8 1 14 1 -7 -2 0
0 -8 1 14 2 -4 -1 0
0 -8 1 14 2 -4 0 0
0 -8 1 14 2 -5 -1 0
0 -8 1 14 2 -6 -2 0
0 -8 1 15 -1 -10 0 2
0 -8 1 15 -1 -3 0 0
0 -8 1 15 -1 -4 0 0
0 -8 1 15 -1 -5 -1 0
0 -8 1 15 -1 -5 0 0
0 -8 1 15 -1 -5 1 0
0 -8 1 15 -1 -6 -1 0
0 -8 1 15 -1 -6 0 0
0 -8 1 15 -1 -6 1 0
0 -8 1 15 -1 -7 -1 0
0 -8 1 15 -1 -7 0 0
0 -8 1 15 -1 -7 1 0
0 -8 1 15 -1 -8 0 0
0 -8 1 15 -1 -8 0 1
0 -8 1 15 -1 -9 0 1
0 -8 1 15 -2 -1 0 0
0 -8 1 15 -2 -10 1 2
0 -8 1 15 -2 -2 0 0
0 -8 1 15 -2 -3 0 0
0 -8 1 15 -2 -4 0 0
0 -8 1 15 -2 -4 1 0
0 -8 1 15 -2 -5 0 0
0 -8 1 15 -2 -5 1 0
0 -8 1 15 -2 -6 -1 0
0 -8 1 15 -2 -6 0 0
0 -8 1 15 -2 -6 1 0
0 -8 1 15 -2 -7 0 0
0 -8 1 15 -2 -7 1 0
0 -8 1 15 -2 -7 2 0
0 -8 1 15 -2 -8 1 0
0 -8 1 15 -2 -8 1 1
0 -8 1 15 -2 -9 1 1
0 -8 1 15 -3 -1 0 0
0 -8 1 15 -3 -2 0 0
0 -8 1 15 -3 -3 0 0
0 -8 1 15 -3 -4 0 0
0 -8 1 15 -3 -4 1 0
0 -8 1 15 -3 -5 0 0
0 -8 1 15 -3 -5 1 0
0 -8 1 15 -3 -6 0 0
0 -8 1 15 -3 -6 1 0
0 -8 1 15 -3 -6 2 0
0 -8 1 15 -3 -7 1 0
0 -8 1 15 -3 -7 2 0
0 -8 1 15 -3 -8 1 1
0 -8 1 15 -3 -8 2 0
0 -8 1 15 -3 -9 2 1
0 -8 1 15 -3 0 0 0
0 -8 1 15 -4 -1 0 0
0 -8 1 15 -4 -2 0 0
0 -8 1 15 -4 -3 0 0
0 -8 1 15 -4 -4 0 0
0 -8 1 15 -4 -4 1 0
0 -8 1 15 -4 -5 0 0
0 -8 1 15 -4 -5 1 0
0 -8 1 15 -4 -6 1 0
0 -8 1 15 -4 -6 2 0
0 -8 1 15 -4 -7 2 0
0 -8 1 15 -4 -8 2 1
0 -8 1 15 -4 -8 3 0
0 -8 1 15 -4 0 0 0
0 -8 1 15 -5 -1 0 0
0 -8 1 15 -5 -2 0 0
0 -8 1 15 -5 -3 0 0
0 -8 1 15 -5 -3 1 0
0 -8 1 15 -5 -4 0 0
0 -8 1 15 -5 -4 1 0
0 -8 1 15 -5 -5 1 0
0 -8 1 15 -5 -5 2 0
0 -8 1 15 -5 -6 2 0
0 -8 1 15 -5 -7 3 0
0 -8 1 15 -5 0 0 0
0 -8 1 15 -6 -1 0 0
0 -8 1 15 -6 -2 0 0
0 -8 1 15 -6 -3 0 0
0 -8 1 15 -6 -3 1 0
0 -8 1 15 -6 -4 1 0
0 -8 1 15 -6 -5 2 0
0 -8 1 15 -6 -6 3 0
0 -8 1 15 -6 0 0 0
0 -8 1 15 -7 -2 0 0
0 -8 1 15 -7 -2 1 0
0 -8 1 15 -7 -3 1 0
0 -8 1 15 -7 -4 2 0
0 -8 1 15 0 -5 -1 0
0 -8 1 15 0 -5 0 0
0 -8 1 15 0 -5 1 0
0 -8 1 15 0 -6 -1 0
0 -8 1 15 0 -6 0 0
0 -8 1 15 0 -6 1 0
0 -8 1 15 0 -7 -1 0
0 -8 1 15 0 -7 0 0
0 -8 1 15 0 -8 -1 0
0 -8 1 15 0 -8 -2 0
0 -8 1 15 0 -8 0 1
0 -8 1 15 0 -9 -1 1
0 -8 1 15 1 -6 -1 0
0 -8 1 15 1 -7 -1 0
0 -8 1 15 1 -7 -2 0
0 -8 1 15 1 -8 -1 1
0 -8 1 15 1 -8 -2 0
0 -8 1 15 2 -8 -3 0
0 -8 1 16 -1 -10 0 1
0 -8 1 16 -1 -11 0 2
0 -8 1 16 -1 -6 -1 0
0 -8 1 16 -1 -6 0 0
0 -8 1 16 -1 -7 -1 0
0 -8 1 16 -1 -7 0 0
0 -8 1 16 -1 -7 1 0
0 -8 1 16 -1 -8 -1 0
0 -8 1 16 -1 -8 -2 0
0 -8 1 16 -1 -8 0 0
0 -8 1 16 -1 -8 0 1
0 -8 1 16 -1 -8 1 0
0 -8 1 16 -1 -9 -1 0
0 -8 1 16 -1 -9 0 0
0 -8 1 16 -1 -9 0 1
0 -8 1 16 -1 -9 1 1
0 -8 1 16 -2 -10 1 1
0 -8 1 16 -2 -11 1 2
0 -8 1 16 -2 -12 1 3
0 -8 1 16 -2 -4 0 0
0 -8 1 16 -2 -5 0 0
0 -8 1 16 -2 -5 1 0
0 -8 1 16 -2 -6 -1 0
0 -8 1 16 -2 -6 0 0
0 -8 1 16 -2 -6 1 0
0 -8 1 16 -2 -7 -1 0
0 -8 1 16 -2 -7 0 0
0 -8 1 16 -2 -7 1 0
0 -8 1 16 -2 -7 2 0
0 -8 1 16 -2 -8 0 0
0 -8 1 16 -2 -8 1 0
0 -8 1 16 -2 -8 2 0
0 -8 1 16 -2 -9 0 1
0 -8 1 16 -2 -9 1 0
0 -8 1 16 -2 -9 1 1
0 -8 1 16 -3 -10 2 1
0 -8 1 16 -3 -11 2 2
0 -8 1 16 -3 -3 0 0
0 -8 1 16 -3 -4 0 0
0 -8 1 16 -3 -4 1 0
0 -8 1 16 -3 -5 0 0
0 -8 1 16 -3 -5 1 0
0 -8 1 16 -3 -6 -1 0
0 -8 1 16 -3 -6 0 0
0 -8 1 16 -3 -6 1 0
0 -8 1 16 -3 -7 0 0
0 -8 1 16 -3 -7 1 0
0 -8 1 16 -3 -7 2 0
0 -8 1 16 -3 -8 1 0
0 -8 1 16 -3 -8 1 1
0 -8 1 16 -3 -8 2 0
0 -8 1 16 -3 -9 1 1
0 -8 1 16 -3 -9 2 0
0 -8 1 16 -4 -10 3 1
0 -8 1 16 -4 -3 0 0
0 -8 1 16 -4 -4 0 0
0 -8 1 16 -4 -4 1 0
0 -8 1 16 -4 -5 0 0
0 -8 1 16 -4 -5 1 0
0 -8 1 16 -4 -6 0 0
0 -8 1 16 -4 -6 1 0
0 -8 1 16 -4 -6 2 0
0 -8 1 16 -4 -7 1 0
0 -8 1 16 -4 -7 2 0
0 -8 1 16 -4 -8 1 1
0 -8 1 16 -4 -8 2 0
0 -8 1 16 -4 -8 3 0
0 -8 1 16 -4 -9 2 1
0 -8 1 16 -4 -9 3 0
0 -8 1 16 -5 -3 0 0
0 -8 1 16 -5 -3 1 0
0 -8 1 16 -5 -4 0 0
0 -8 1 16 -5 -4 1 0
0 -8 1 16 -5 -5 0 0
0 -8 1 16 -5 -5 1 0
0 -8 1 16 -5 -6 1 0
0 -8 1 16 -5 -6 2 0
0 -8 1 16 -5 -7 2 0
0 -8 1 16 -5 -7 3 0
0 -8 1 16 -5 -8 2 1
0 -8 1 16 -5 -8 3 0
0 -8 1 16 -5 -9 4 0
0 -8 1 16 -6 -4 0 0
0 -8 1 16 -6 -4 1 0
0 -8 1 16 -6 -5 1 0
0 -8 1 16 -6 -5 2 0
0 -8 1 16 -6 -6 2 0
0 -8 1 16 -6 -7 2 1
0 -8 1 16 -6 -7 3 0
0 -8 1 16 -6 -8 4 0
0 -8 1 16 -7 -5 2 0
0 -8 1 16 -7 -6 3 0
0 -8 1 16 -7 -8 6 -1
0 -8 1 16 0 -10 -1 1
0 -8 1 16 0 -8 -1 0
0 -8 1 16 0 -8 -2 0
0 -8 1 16 0 -8 0 1
0 -8 1 16 0 -9 -1 0
0 -8 1 16 0 -9 -1 1
0 -8 1 16 0 -9 -2 0
0 -8 1 16 0 -9 0 1
0 -8 1 16 1 -10 -2 1
0 -8 1 16 1 -10 -3 0
0 -8 1 16 1 -9 -2 0
0 -8 1 16 1 -9 -3 0
0 -8 1 16 2 -10 -4 0
0 -8 1 17 -1 -10 -1 0
0 -8 1 17 -1 -10 -1 1
0 -8 1 17 -1 -10 -2 0
0 -8 1 17 -1 -10 0 0
0 -8 1 17 -1 -11 -1 1
0 -8 1 17 -1 -11 0 1
0 -8 1 17 -1 -11 0 2
0 -8 1 17 -1 -12 0 2
0 -8 1 17 -1 -13 0 3
0 -8 1 17 -2 -10 0 0
0 -8 1 17 -2 -10 0 1
0 -8 1 17 -2 -10 1 0
0 -8 1 17 -2 -10 1 1
0 -8 1 17 -2 -11 1 1
0 -8 1 17 -2 -11 1 2
0 -8 1 17 -2 -12 1 2
0 -8 1 17 -2 -13 1 3
0 -8 1 17 -2 -14 1 4
0 -8 1 17 -2 -8 -1 0
0 -8 1 17 -2 -9 -1 0
0 -8 1 17 -2 -9 0 0
0 -8 1 17 -2 -9 0 1
0 -8 1 17 -2 -9 1 0
0 -8 1 17 -2 -9 1 1
0 -8 1 17 -2 -9 2 0
0 -8 1 17 -3 -10 1 1
0 -8 1 17 -3 -10 2 0
0 -8 1 17 -3 -10 2 1
0 -8 1 17 -3 -10 3 0
0 -8 1 17 -3 -11 1 2
0 -8 1 17 -3 -11 2 1
0 -8 1 17 -3 -12 2 2
0 -8 1 17 -3 -13 2 3
0 -8 1 17 -3 -6 -1 0
0 -8 1 17 -3 -6 0 0
0 -8 1 17 -3 -7 -1 0
0 -8 1 17 -3 -7 0 0
0 -8 1 17 -3 -7 1 0
0 -8 1 17 -3 -8 -1 0
0 -8 1 17 -3 -8 0 0
0 -8 1 17 -3 -8 1 0
0 -8 1 17 -3 -8 1 1
0 -8 1 17 -3 -8 2 0
0 -8 1 17 -3 -9 0 0
0 -8 1 17 -3 -9 1 0
0 -8 1 17 -3 -9 1 1
0 -8 1 17 -3 -9 2 0
0 -8 1 17 -3 -9 3 0
0 -8 1 17 -4 -10 2 1
0 -8 1 17 -4 -10 3 0
0 -8 1 17 -4 -10 4 0
0 -8 1 17 -4 -11 2 2
0 -8 1 17 -4 -11 3 1
0 -8 1 17 -4 -12 3 2
0 -8 1 17 -4 -6 -1 0
0 -8 1 17 -4 -6 0 0
0 -8 1 17 -4 -6 1 0
0 -8 1 17 -4 -6 2 0
0 -8 1 17 -4 -7 -1 0
0 -8 1 17 -4 -7 0 0
0 -8 1 17 -4 -7 1 0
0 -8 1 17 -4 -7 2 0
0 -8 1 17 -4 -8 1 0
0 -8 1 17 -4 -8 1 1
0 -8 1 17 -4 -8 2 0
0 -8 1 17 -4 -8 3 0
0 -8 1 17 -4 -9 1 1
0 -8 1 17 -4 -9 2 0
0 -8 1 17 -4 -9 2 1
0 -8 1 17 -4 -9 3 0
0 -8 1 17 -5 -10 2 2
0 -8 1 17 -5 -10 3 1
0 -8 1 17 -5 -10 4 0
0 -8 1 17 -5 -11 4 1
0 -8 1 17 -5 -11 5 0
0 -8 1 17 -5 -6 0 0
0 -8 1 17 -5 -6 1 0
0 -8 1 17 -5 -6 2 0
0 -8 1 17 -5 -7 1 0
0 -8 1 17 -5 -7 2 0
0 -8 1 17 -5 -8 1 1
0 -8 1 17 -5 -8 2 0
0 -8 1 17 -5 -8 3 0
0 -8 1 17 -5 -9 2 1
0 -8 1 17 -5 -9 3 0
0 -8 1 17 -5 -9 4 0
0 -8 1 17 -6 -10 5 0
0 -8 1 17 -6 -7 2 0
0 -8 1 17 -6 -7 3 0
0 -8 1 17 -6 -8 2 1
0 -8 1 17 -6 -8 3 0
0 -8 1 17 -6 -9 3 1
0 -8 1 17 -6 -9 4 0
0 -8 1 17 -7 -10 7 -1
0 -8 1 17 -7 -8 4 0
0 -8 1 17 0 -11 -2 0
0 -8 1 18 -1 -15 0 4
0 -8 1 18 -2 -12 0 0
0 -8 1 18 -2 -12 1 2
0 -8 1 18 -2 -13 0 2
0 -8 1 18 -2 -14 1 3
0 -8 1 18 -2 -15 1 4
0 -8 1 18 -2 -16 1 5
0 -8 1 18 -3 -10 0 1
0 -8 1 18 -3 -11 0 1
0 -8 1 18 -3 -11 1 0
0 -8 1 18 -3 -11 1 1
0 -8 1 18 -3 -11 1 2
0 -8 1 18 -3 -11 2 0
0 -8 1 18 -3 -12 1 1
0 -8 1 18 -3 -12 1 2
0 -8 1 18 -3 -12 2 0
0 -8 1 18 -3 -12 2 1
0 -8 1 18 -3 -12 3 1
0 -8 1 18 -3 -13 2 2
0 -8 1 18 -3 -14 2 3
0 -8 1 18 -3 -15 2 4
0 -8 1 18 -3 -9 -2 0
0 -8 1 18 -4 -10 0 1
0 -8 1 18 -4 -10 1 0
0 -8 1 18 -4 -10 1 1
0 -8 1 18 -4 -10 2 0
0 -8 1 18 -4 -10 2 1
0 -8 1 18 -4 -10 3 0
0 -8 1 18 -4 -11 2 1
0 -8 1 18 -4 -11 3 0
0 -8 1 18 -4 -11 3 1
0 -8 1 18 -4 -11 4 0
0 -8 1 18 -4 -12 2 2
0 -8 1 18 -4 -12 3 1
0 -8 1 18 -4 -12 4 0
0 -8 1 18 -4 -13 2 3
0 -8 1 18 -4 -13 3 2
0 -8 1 18 -4 -14 3 3
0 -8 1 18 -4 -8 0 0
0 -8 1 18 -4 -9 0 0
0 -8 1 18 -4 -9 1 0
0 -8 1 18 -4 -9 1 1
0 -8 1 18 -5 -10 2 1
0 -8 1 18 -5 -10 3 0
0 -8 1 18 -5 -10 4 0
0 -8 1 18 -5 -11 2 2
0 -8 1 18 -5 -11 3 1
0 -8 1 18 -5 -11 4 0
0 -8 1 18 -5 -11 5 0
0 -8 1 18 -5 -12 3 2
0 -8 1 18 -5 -12 4 1
0 -8 1 18 -5 -12 5 0
0 -8 1 18 -5 -13 4 2
0 -8 1 18 -5 -13 5 1
0 -8 1 18 -5 -9 3 0
0 -8 1 18 -6 -10 4 0
0 -8 1 18 -6 -11 3 2
0 -8 1 18 -6 -11 4 1
0 -8 1 18 -6 -11 5 0
0 -8 1 18 -6 -11 7 -1
0 -8 1 18 -6 -12 5 1
0 -8 1 18 -6 -12 6 0
0 -8 1 18 -6 -12 7 -1
0 -8 1 18 -7 -11 7 -1
0 -8 1 18 -7 -12 8 -1
0 -8 1 18 -8 -12 10 -2
0 -8 1 18 1 -14 -4 1
0 -8 1 19 -2 -18 1 6
0 -8 1 19 -3 -17 2 5
0 -8 1 19 -4 -14 2 3
0 -8 1 19 -4 -15 3 3
0 -8 1 19 -4 -15 4 2
0 -8 1 19 -4 -16 3 4
0 -8 1 19 -5 -13 4 1
0 -8 1 19 -5 -13 5 0
0 -8 1 19 -5 -14 3 3
0 -8 1 19 -5 -14 4 2
0 -8 1 19 -5 -14 5 1
0 -8 1 19 -5 -14 6 0
0 -8 1 19 -5 -15 4 3
0 -8 1 19 -5 -15 5 2
0 -8 1 19 -6 -13 8 -1
0 -8 1 19 -6 -14 6 1
0 -8 1 19 -6 -14 7 0
0 -8 1 19 -6 -15 7 1
0 -8 1 19 -7 -14 8 0
0 -8 1 19 -7 -14 9 -1
0 -8 1 2 0 0 0 0
0 -8 1 20 -2 -20 1 7
0 -8 1 20 -4 -16 4 1
0 -8 1 20 -5 -17 4 4
0 -8 1 20 -6 -17 7 2
0 -8 1 3 0 0 0 0
0 -8 1 4 -1 0 0 0
0 -8 1 4 0 0 0 0
0 -8 1 5 -1 0 0 0
0 -8 1 5 0 0 0 0
0 -8 1 5 1 0 0 0
0 -8 1 6 -1 0 0 0
0 -8 1 6 -2 0 0 0
0 -8 1 6 0 0 0 0
0 -8 1 6 1 0 0 0
0 -8 1 7 -1 -1 0 0
0 -8 1 7 -1 0 0 0
0 -8 1 7 -2 0 0 0
0 -8 1 7 0 -1 0 0
0 -8 1 7 0 0 0 0
0 -8 1 7 1 0 0 0
0 -8 1 7 2 0 0 0
0 -8 1 8 -1 -1 0 0
0 -8 1 8 -1 0 0 0
0 -8 1 8 -2 -1 0 0
0 -8 1 8 -2 0 0 0
0 -8 1 8 -3 0 0 0
0 -8 1 8 0 -1 0 0
0 -8 1 8 0 0 0 0
0 -8 1 8 1 -1 0 0
0 -8 1 8 1 0 0 0
0 -8 1 8 2 0 0 0
0 -8 1 9 -1 -1 0 0
0 -8 1 9 -1 -2 0 0
0 -8 1 9 -1 0 0 0
0 -8 1 9 -2 -1 0 0
0 -8 1 9 -2 0 0 0
0 -8 1 9 -3 0 0 0
0 -8 1 9 -4 0 0 0
0 -8 1 9 0 -1 0 0
0 -8 1 9 0 -2 0 0
0 -8 1 9 0 0 0 0
0 -8 1 9 1 -1 0 0
0 -8 1 9 1 0 0 0
0 -8 1 9 2 0 0 0
0 -8 1 9 3 0 0 0
0 -8 10 0 -4 1 0 0
0 -8 2 1 0 0 0 0
0 -8 2 10 -1 -1 0 0
0 -8 2 10 -1 -2 0 0
0 -8 2 10 -1 -3 0 0
0 -8 2 10 -1 0 0 0
0 -8 2 10 -2 -1 0 0
0 -8 2 10 -2 -2 0 0
0 -8 2 10 -2 -3 0 0
0 -8 2 10 -2 0 0 0
0 -8 2 10 -3 -1 0 0
0 -8 2 10 -3 -2 0 0
0 -8 2 10 -3 -3 1 0
0 -8 2 10 -3 0 0 0
0 -8 2 10 -4 -1 0 0
0 -8 2 10 -4 0 0 0
0 -8 2 10 -5 0 0 0
0 -8 2 10 0 -1 0 0
0 -8 2 10 0 -2 0 0
0 -8 2 10 0 0 0 0
0 -8 2 10 1 -1 0 0
0 -8 2 10 1 0 0 0
0 -8 2 10 2 -1 0 0
0 -8 2 10 2 0 0 0
0 -8 2 10 3 0 0 0
0 -8 2 11 -1 -1 0 0
0 -8 2 11 -1 -2 0 0
0 -8 2 11 -1 -3 0 0
0 -8 2 11 -1 0 0 0
0 -8 2 11 -2 -1 0 0
0 -8 2 11 -2 -2 0 0
0 -8 2 11 -2 -3 0 0
0 -8 2 11 -2 -4 0 0
0 -8 2 11 -2 0 0 0
0 -8 2 11 -3 -1 0 0
0 -8 2 11 -3 -2 0 0
0 -8 2 11 -3 -3 0 0
0 -8 2 11 -3 -3 1 0
0 -8 2 11 -3 -4 1 0
0 -8 2 11 -3 0 0 0
0 -8 2 11 -4 -1 0 0
0 -8 2 11 -4 -2 0 0
0 -8 2 11 -4 -3 1 0
0 -8 2 11 -4 0 0 0
0 -8 2 11 -5 -1 0 0
0 -8 2 11 -5 0 0 0
0 -8 2 11 -6 0 0 0
0 -8 2 11 -7 1 0 0
0 -8 2 11 0 -1 0 0
0 -8 2 11 0 -2 0 0
0 -8 2 11 0 -3 0 0
0 -8 2 11 0 -4 -1 0
0 -8 2 11 0 0 0 0
0 -8 2 11 1 -1 0 0
0 -8 2 11 1 -2 0 0
0 -8 2 11 1 0 0 0
0 -8 2 11 2 -1 0 0
0 -8 2 12 -1 -1 0 0
0 -8 2 12 -1 -2 0 0
0 -8 2 12 -1 -3 0 0
0 -8 2 12 -1 -4 0 0
0 -8 2 12 -1 -5 -1 0
0 -8 2 12 -1 0 0 0
0 -8 2 12 -2 -1 0 0
0 -8 2 12 -2 -2 0 0
0 -8 2 12 -2 -3 0 0
0 -8 2 12 -2 -4 0 0
0 -8 2 12 -2 -4 1 0
0 -8 2 12 -2 -5 0 0
0 -8 2 12 -2 0 0 0
0 -8 2 12 -3 -1 0 0
0 -8 2 12 -3 -2 0 0
0 -8 2 12 -3 -3 0 0
0 -8 2 12 -3 -4 0 0
0 -8 2 12 -3 -4 1 0
0 -8 2 12 -3 -5 1 0
0 -8 2 12 -3 0 0 0
0 -8 2 12 -4 -1 0 0
0 -8 2 12 -4 -2 0 0
0 -8 2 12 -4 -3 0 0
0 -8 2 12 -4 -3 1 0
0 -8 2 12 -4 -4 1 0
0 -8 2 12 -4 -5 2 0
0 -8 2 12 -4 0 0 0
0 -8 2 12 -5 -1 0 0
0 -8 2 12 -5 -2 0 0
0 -8 2 12 -5 -3 1 0
0 -8 2 12 -5 0 0 0
0 -8 2 12 -6 -1 0 0
0 -8 2 12 -6 -2 1 0
0 -8 2 12 -6 0 0 0
0 -8 2 12 -7 0 0 0
0 -8 2 12 -7 1 0 0
0 -8 2 12 -8 1 0 0
0 -8 2 12 0 -1 0 0
0 -8 2 12 0 -2 0 0
0 -8 2 12 0 -3 0 0
0 -8 2 12 0 0 0 0
0 -8 2 12 1 -2 0 0
0 -8 2 12 1 -4 -1 0
0 -8 2 13 -1 -2 0 0
0 -8 2 13 -1 -3 0 0
0 -8 2 13 -1 -4 0 0
0 -8 2 13 -1 -5 -1 0
0 -8 2 13 -1 -5 0 0
0 -8 2 13 -1 -6 -1 0
0 -8 2 13 -10 2 0 0
0 -8 2 13 -2 -1 0 0
0 -8 2 13 -2 -2 0 0
0 -8 2 13 -2 -3 0 0
0 -8 2 13 -2 -4 0 0
0 -8 2 13 -2 -4 1 0
0 -8 2 13 -2 -5 -1 0
0 -8 2 13 -2 -5 0 0
0 -8 2 13 -2 -5 1 0
0 -8 2 13 -2 -6 0 0
0 -8 2 13 -2 0 0 0
0 -8 2 13 -3 -1 0 0
0 -8 2 13 -3 -2 0 0
0 -8 2 13 -3 -3 0 0
0 -8 2 13 -3 -4 0 0
0 -8 2 13 -3 -4 1 0
0 -8 2 13 -3 -5 0 0
0 -8 2 13 -3 -5 1 0
0 -8 2 13 -3 -6 1 0
0 -8 2 13 -3 -7 1 1
0 -8 2 13 -3 0 0 0
0 -8 2 13 -4 -1 0 0
0 -8 2 13 -4 -2 0 0
0 -8 2 13 -4 -3 0 0
0 -8 2 13 -4 -3 1 0
0 -8 2 13 -4 -4 0 0
0 -8 2 13 -4 -4 1 0
0 -8 2 13 -4 -5 1 0
0 -8 2 13 -4 -5 2 0
0 -8 2 13 -4 -6 2 0
0 -8 2 13 -4 0 0 0
0 -8 2 13 -5 -1 0 0
0 -8 2 13 -5 -2 0 0
0 -8 2 13 -5 -3 0 0
0 -8 2 13 -5 -3 1 0
0 -8 2 13 -5 -4 1 0
0 -8 2 13 -5 -5 2 0
0 -8 2 13 -5 0 0 0
0 -8 2 13 -6 -1 0 0
0 -8 2 13 -6 -2 0 0
0 -8 2 13 -6 -3 1 0
0 -8 2 13 -6 -4 2 0
0 -8 2 13 -6 0 0 0
0 -8 2 13 -7 -1 0 0
0 -8 2 13 -7 -2 1 0
0 -8 2 13 -7 0 0 0
0 -8 2 13 -8 -1 1 0
0 -8 2 13 -8 0 0 0
0 -8 2 13 -8 1 0 0
0 -8 2 13 -9 1 0 0
0 -8 2 13 0 -5 -1 0
0 -8 2 13 1 -6 -2 0
0 -8 2 14 -1 -6 -1 0
0 -8 2 14 -1 -6 0 0
0 -8 2 14 -1 -7 -1 0
0 -8 2 14 -1 -7 0 1
0 -8 2 14 -10 1 0 0
0 -8 2 14 -11 2 0 0
0 -8 2 14 -2 -5 0 0
0 -8 2 14 -2 -5 1 0
0 -8 2 14 -2 -6 -1 0
0 -8 2 14 -2 -6 0 0
0 -8 2 14 -2 -6 1 0
0 -8 2 14 -2 -7 0 0
0 -8 2 14 -2 -8 0 1
0 -8 2 14 -3 -3 0 0
0 -8 2 14 -3 -4 0 0
0 -8 2 14 -3 -4 1 0
0 -8 2 14 -3 -5 0 0
0 -8 2 14 -3 -5 1 0
0 -8 2 14 -3 -6 0 0
0 -8 2 14 -3 -6 1 0
0 -8 2 14 -3 -6 2 0
0 -8 2 14 -3 -7 1 0
0 -8 2 14 -3 -8 1 1
0 -8 2 14 -4 -1 0 0
0 -8 2 14 -4 -2 0 0
0 -8 2 14 -4 -3 0 0
0 -8 2 14 -4 -4 0 0
0 -8 2 14 -4 -4 1 0
0 -8 2 14 -4 -5 0 0
0 -8 2 14 -4 -5 1 0
0 -8 2 14 -4 -6 1 0
0 -8 2 14 -4 -6 2 0
0 -8 2 14 -4 -7 1 1
0 -8 2 14 -4 -7 2 0
0 -8 2 14 -4 -8 2 1
0 -8 2 14 -4 0 0 0
0 -8 2 14 -5 -1 0 0
0 -8 2 14 -5 -2 0 0
0 -8 2 14 -5 -3 0 0
0 -8 2 14 -5 -3 1 0
0 -8 2 14 -5 -4 0 0
0 -8 2 14 -5 -4 1 0
0 -8 2 14 -5 -5 1 0
0 -8 2 14 -5 -5 2 0
0 -8 2 14 -5 -6 2 0
0 -8 2 14 -5 -7 3 0
0 -8 2 14 -5 0 0 0
0 -8 2 14 -6 -1 0 0
0 -8 2 14 -6 -2 0 0
0 -8 2 14 -6 -3 0 0
0 -8 2 14 -6 -3 1 0
0 -8 2 14 -6 -4 1 0
0 -8 2 14 -6 -5 2 0
0 -8 2 14 -6 -6 3 0
0 -8 2 14 -6 0 0 0
0 -8 2 14 -7 -1 0 0
0 -8 2 14 -7 -2 0 0
0 -8 2 14 -7 -2 1 0
0 -8 2 14 -7 -3 1 0
0 -8 2 14 -7 -4 2 0
0 -8 2 14 -7 0 0 0
0 -8 2 14 -8 -1 0 0
0 -8 2 14 -8 -2 1 0
0 -8 2 14 -8 -3 2 0
0 -8 2 14 -8 0 0 0
0 -8 2 14 -8 1 0 0
0 -8 2 14 -9 -1 1 0
0 -8 2 14 -9 0 0 0
0 -8 2 14 -9 1 0 0
0 -8 2 15 -10 -1 1 0
0 -8 2 15 -10 0 0 0
0 -8 2 15 -10 1 0 0
0 -8 2 15 -2 -8 -1 0
0 -8 2 15 -2 -9 0 1
0 -8 2 15 -3 -10 1 2
0 -8 2 15 -3 -6 -1 0
0 -8 2 15 -3 -7 -1 0
0 -8 2 15 -3 -7 0 0
0 -8 2 15 -3 -7 1 0
0 -8 2 15 -3 -7 2 0
0 -8 2 15 -3 -8 1 0
0 -8 2 15 -3 -8 1 1
0 -8 2 15 -3 -9 1 1
0 -8 2 15 -4 -10 2 2
0 -8 2 15 -4 -5 0 0
0 -8 2 15 -4 -5 1 0
0 -8 2 15 -4 -6 0 0
0 -8 2 15 -4 -6 1 0
0 -8 2 15 -4 -6 2 0
0 -8 2 15 -4 -7 1 0
0 -8 2 15 -4 -7 1 1
0 -8 2 15 -4 -7 2 0
0 -8 2 15 -4 -8 1 1
0 -8 2 15 -4 -8 2 0
0 -8 2 15 -4 -9 2 1
0 -8 2 15 -5 -2 0 0
0 -8 2 15 -5 -3 0 0
0 -8 2 15 -5 -3 1 0
0 -8 2 15 -5 -4 0 0
0 -8 2 15 -5 -4 1 0
0 -8 2 15 -5 -5 0 0
0 -8 2 15 -5 -5 1 0
0 -8 2 15 -5 -6 1 0
0 -8 2 15 -5 -6 2 0
0 -8 2 15 -5 -7 2 0
0 -8 2 15 -5 -7 3 0
0 -8 2 15 -5 -8 2 1
0 -8 2 15 -5 -8 3 0
0 -8 2 15 -5 -9 3 1
0 -8 2 15 -6 -1 0 0
0 -8 2 15 -6 -2 0 0
0 -8 2 15 -6 -3 0 0
0 -8 2 15 -6 -3 1 0
0 -8 2 15 -6 -4 0 0
0 -8 2 15 -6 -4 1 0
0 -8 2 15 -6 -5 1 0
0 -8 2 15 -6 -5 2 0
0 -8 2 15 -6 -6 2 0
0 -8 2 15 -6 -7 2 1
0 -8 2 15 -6 -7 3 0
0 -8 2 15 -6 -8 4 0
0 -8 2 15 -6 0 0 0
0 -8 2 15 -7 -1 0 0
0 -8 2 15 -7 -2 0 0
0 -8 2 15 -7 -2 1 0
0 -8 2 15 -7 -3 0 0
0 -8 2 15 -7 -3 1 0
0 -8 2 15 -7 -4 1 0
0 -8 2 15 -7 -4 2 0
0 -8 2 15 -7 -5 2 0
0 -8 2 15 -7 -6 3 0
0 -8 2 15 -7 0 0 0
0 -8 2 15 -8 -1 0 0
0 -8 2 15 -8 -2 0 0
0 -8 2 15 -8 -2 1 0
0 -8 2 15 -8 -3 1 0
0 -8 2 15 -8 -4 2 0
0 -8 2 15 -8 -5 3 0
0 -8 2 15 -8 0 0 0
0 -8 2 15 -8 1 0 0
0 -8 2 15 -9 -1 0 0
0 -8 2 15 -9 -2 1 0
0 -8 2 15 -9 -3 2 0
0 -8 2 15 -9 -5 5 -1
0 -8 2 15 -9 0 0 0
0 -8 2 15 -9 1 0 0
0 -8 2 16 -10 -3 2 0
0 -8 2 16 -10 -4 3 0
0 -8 2 16 -3 -11 1 2
0 -8 2 16 -4 -10 2 1
0 -8 2 16 -4 -11 2 2
0 -8 2 16 -4 -12 2 3
0 -8 2 16 -4 -7 0 0
0 -8 2 16 -4 -8 0 0
0 -8 2 16 -4 -9 1 1
0 -8 2 16 -5 -10 2 2
0 -8 2 16 -5 -10 3 1
0 -8 2 16 -5 -11 3 2
0 -8 2 16 -5 -6 0 0
0 -8 2 16 -5 -7 1 0
0 -8 2 16 -5 -7 2 0
0 -8 2 16 -5 -8 1 1
0 -8 2 16 -5 -8 2 0
0 -8 2 16 -5 -8 3 0
0 -8 2 16 -5 -9 2 1
0 -8 2 16 -5 -9 3 0
0 -8 2 16 -6 -10 4 1
0 -8 2 16 -6 -5 0 0
0 -8 2 16 -6 -5 1 0
0 -8 2 16 -6 -6 1 0
0 -8 2 16 -6 -6 2 0
0 -8 2 16 -6 -7 2 0
0 -8 2 16 -6 -7 3 0
0 -8 2 16 -6 -8 2 1
0 -8 2 16 -6 -8 3 0
0 -8 2 16 -6 -9 3 1
0 -8 2 16 -6 -9 4 0
0 -8 2 16 -7 -3 0 0
0 -8 2 16 -7 -3 1 0
0 -8 2 16 -7 -4 0 0
0 -8 2 16 -7 -4 1 0
0 -8 2 16 -7 -5 1 0
0 -8 2 16 -7 -5 2 0
0 -8 2 16 -7 -6 2 0
0 -8 2 16 -7 -6 3 0
0 -8 2 16 -7 -7 2 1
0 -8 2 16 -7 -7 3 0
0 -8 2 16 -7 -8 3 1
0 -8 2 16 -7 -8 4 0
0 -8 2 16 -7 -9 5 0
0 -8 2 16 -8 -2 0 0
0 -8 2 16 -8 -2 1 0
0 -8 2 16 -8 -3 0 0
0 -8 2 16 -8 -3 1 0
0 -8 2 16 -8 -4 1 0
0 -8 2 16 -8 -4 2 0
0 -8 2 16 -8 -5 2 0
0 -8 2 16 -8 -6 3 0
0 -8 2 16 -8 -7 4 0
0 -8 2 16 -8 -8 6 -1
0 -8 2 16 -9 -2 0 0
0 -8 2 16 -9 -2 1 0
0 -8 2 16 -9 -3 1 0
0 -8 2 16 -9 -4 2 0
0 -8 2 16 -9 -5 3 0
0 -8 2 16 -9 -7 6 -1
0 -8 2 17 -10 -6 4 0
0 -8 2 17 -10 -7 6 -1
0 -8 2 17 -10 -9 9 -2
0 -8 2 17 -5 -12 3 2
0 -8 2 17 -5 -13 3 3
0 -8 2 17 -6 -10 3 1
0 -8 2 17 -6 -10 4 0
0 -8 2 17 -6 -11 3 2
0 -8 2 17 -6 -11 4 1
0 -8 2 17 -6 -12 4 2
0 -8 2 17 -7 -10 3 2
0 -8 2 17 -7 -10 4 1
0 -8 2 17 -7 -10 5 0
0 -8 2 17 -7 -11 5 1
0 -8 2 17 -7 -7 2 0
0 -8 2 17 -7 -8 2 1
0 -8 2 17 -7 -8 3 0
0 -8 2 17 -7 -8 4 0
0 -8 2 17 -7 -9 3 1
0 -8 2 17 -7 -9 4 0
0 -8 2 17 -8 -10 6 0
0 -8 2 17 -8 -10 7 -1
0 -8 2 17 -8 -5 1 0
0 -8 2 17 -8 -6 2 0
0 -8 2 17 -8 -6 3 0
0 -8 2 17 -8 -7 2 1
0 -8 2 17 -8 -7 3 0
0 -8 2 17 -8 -8 3 1
0 -8 2 17 -8 -8 4 0
0 -8 2 17 -8 -8 6 -1
0 -8 2 17 -8 -9 4 1
0 -8 2 17 -8 -9 5 0
0 -8 2 17 -9 -5 2 0
0 -8 2 17 -9 -6 3 0
0 -8 2 17 -9 -7 3 1
0 -8 2 17 -9 -7 4 0
0 -8 2 17 -9 -8 5 0
0 -8 2 17 -9 -9 7 -1
0 -8 2 18 -10 -10 8 -1
0 -8 2 18 -10 -11 10 -2
0 -8 2 18 -10 -9 6 0
0 -8 2 18 -10 -9 7 -1
0 -8 2 18 -7 -11 7 -1
0 -8 2 18 -7 -13 5 2
0 -8 2 18 -7 -13 6 1
0 -8 2 18 -7 -9 2 1
0 -8 2 18 -8 -11 4 2
0 -8 2 18 -8 -11 5 1
0 -8 2 18 -8 -11 7 -1
0 -8 2 18 -8 -12 6 1
0 -8 2 18 -8 -12 7 0
0 -8 2 18 -8 -7 2 1
0 -8 2 18 -9 -10 5 1
0 -8 2 18 -9 -10 6 0
0 -8 2 18 -9 -10 7 -1
0 -8 2 18 -9 -11 7 0
0 -8 2 18 -9 -11 8 -1
0 -8 2 18 -9 -12 9 -1
0 -8 2 18 -9 -8 4 0
0 -8 2 18 -9 -9 4 1
0 -8 2 18 -9 -9 5 0
0 -8 2 19 -10 -12 8 0
0 -8 2 19 -10 -13 10 -1
0 -8 2 19 -10 -13 11 -2
0 -8 2 19 -11 -13 13 -3
0 -8 2 2 0 0 0 0
0 -8 2 3 -1 0 0 0
0 -8 2 3 0 0 0 0
0 -8 2 4 -1 0 0 0
0 -8 2 4 0 0 0 0
0 -8 2 5 -1 0 0 0
0 -8 2 5 -2 0 0 0
0 -8 2 5 0 0 0 0
0 -8 2 5 1 0 0 0
0 -8 2 6 -1 -1 0 0
0 -8 2 6 -1 0 0 0
0 -8 2 6 -2 0 0 0
0 -8 2 6 0 0 0 0
0 -8 2 6 1 0 0 0
0 -8 2 7 -1 -1 0 0
0 -8 2 7 -1 0 0 0
0 -8 2 7 -2 0 0 0
0 -8 2 7 -3 0 0 0
0 -8 2 7 0 -1 0 0
0 -8 2 7 0 0 0 0
0 -8 2 7 1 0 0 0
0 -8 2 7 2 0 0 0
0 -8 2 8 -1 -1 0 0
0 -8 2 8 -1 -2 0 0
0 -8 2 8 -1 0 0 0
0 -8 2 8 -2 -1 0 0
0 -8 2 8 -2 0 0 0
0 -8 2 8 -3 0 0 0
0 -8 2 8 -4 0 0 0
0 -8 2 8 0 -1 0 0
0 -8 2 8 0 0 0 0
0 -8 2 8 1 0 0 0
0 -8 2 8 2 0 0 0
0 -8 2 9 -1 -1 0 0
0 -8 2 9 -1 -2 0 0
0 -8 2 9 -1 0 0 0
0 -8 2 9 -2 -1 0 0
0 -8 2 9 -2 -2 0 0
0 -8 2 9 -2 0 0 0
0 -8 2 9 -3 -1 0 0
0 -8 2 9 -3 0 0 0
0 -8 2 9 -4 0 0 0
0 -8 2 9 -6 1 0 0
0 -8 2 9 0 -1 0 0
0 -8 2 9 0 0 0 0
0 -8 2 9 1 -1 0 0
0 -8 2 9 1 0 0 0
0 -8 2 9 2 0 0 0
0 -8 2 9 3 0 0 0
0 -8 3 0 0 0 0 0
0 -8 3 1 0 0 0 0
0 -8 3 10 -1 -1 0 0
0 -8 3 10 -1 -2 0 0
0 -8 3 10 -1 0 0 0
0 -8 3 10 -2 -1 0 0
0 -8 3 10 -2 -2 0 0
0 -8 3 10 -2 -3 0 0
0 -8 3 10 -2 0 0 0
0 -8 3 10 -3 -1 0 0
0 -8 3 10 -3 -2 0 0
0 -8 3 10 -3 -3 0 0
0 -8 3 10 -3 -3 1 0
0 -8 3 10 -3 0 0 0
0 -8 3 10 -4 -1 0 0
0 -8 3 10 -4 -2 0 0
0 -8 3 10 -4 -3 1 0
0 -8 3 10 -4 0 0 0
0 -8 3 10 -5 -1 0 0
0 -8 3 10 -5 -2 1 0
0 -8 3 10 -5 0 0 0
0 -8 3 10 -6 0 0 0
0 -8 3 10 -7 1 0 0
0 -8 3 10 0 -1 0 0
0 -8 3 10 0 -2 0 0
0 -8 3 10 0 0 0 0
0 -8 3 11 -1 -2 0 0
0 -8 3 11 -1 -3 0 0
0 -8 3 11 -2 -1 0 0
0 -8 3 11 -2 -2 0 0
0 -8 3 11 -2 -3 0 0
0 -8 3 11 -2 -4 0 0
0 -8 3 11 -2 0 0 0
0 -8 3 11 -3 -1 0 0
0 -8 3 11 -3 -2 0 0
0 -8 3 11 -3 -3 0 0
0 -8 3 11 -3 -4 0 0
0 -8 3 11 -3 0 0 0
0 -8 3 11 -4 -1 0 0
0 -8 3 11 -4 -2 0 0
0 -8 3 11 -4 -3 0 0
0 -8 3 11 -4 -3 1 0
0 -8 3 11 -4 -4 1 0
0 -8 3 11 -4 0 0 0
0 -8 3 11 -5 -1 0 0
0 -8 3 11 -5 -2 0 0
0 -8 3 11 -5 -3 1 0
0 -8 3 11 -5 -4 2 0
0 -8 3 11 -5 0 0 0
0 -8 3 11 -6 -1 0 0
0 -8 3 11 -6 -2 1 0
0 -8 3 11 -6 0 0 0
0 -8 3 11 -7 0 0 0
0 -8 3 11 -7 1 0 0
0 -8 3 11 -8 1 0 0
0 -8 3 11 0 -4 -1 0
0 -8 3 12 -10 2 0 0
0 -8 3 12 -2 -5 -1 0
0 -8 3 12 -3 -1 0 0
0 -8 3 12 -3 -2 0 0
0 -8 3 12 -3 -3 0 0
0 -8 3 12 -3 -4 0 0
0 -8 3 12 -3 -4 1 0
0 -8 3 12 -3 -5 0 0
0 -8 3 12 -4 -1 0 0
0 -8 3 12 -4 -2 0 0
0 -8 3 12 -4 -3 0 0
0 -8 3 12 -4 -3 1 0
0 -8 3 12 -4 -4 0 0
0 -8 3 12 -4 -4 1 0
0 -8 3 12 -4 -5 1 0
0 -8 3 12 -4 0 0 0
0 -8 3 12 -5 -1 0 0
0 -8 3 12 -5 -2 0 0
0 -8 3 12 -5 -3 0 0
0 -8 3 12 -5 -3 1 0
0 -8 3 12 -5 -4 1 0
0 -8 3 12 -5 -5 2 0
0 -8 3 12 -5 0 0 0
0 -8 3 12 -6 -1 0 0
0 -8 3 12 -6 -2 0 0
0 -8 3 12 -6 -2 1 0
0 -8 3 12 -6 -3 1 0
0 -8 3 12 -6 -4 2 0
0 -8 3 12 -6 0 0 0
0 -8 3 12 -7 -1 0 0
0 -8 3 12 -7 -2 1 0
0 -8 3 12 -7 0 0 0
0 -8 3 12 -7 1 0 0
0 -8 3 12 -8 -1 1 0
0 -8 3 12 -8 0 0 0
0 -8 3 12 -8 1 0 0
0 -8 3 12 -9 1 0 0
0 -8 3 13 -10 0 1 0
0 -8 3 13 -10 1 0 0
0 -8 3 13 -11 2 0 0
0 -8 3 13 -4 -4 0 0
0 -8 3 13 -4 -5 0 0
0 -8 3 13 -4 -5 1 0
0 -8 3 13 -4 -6 1 0
0 -8 3 13 -4 -7 1 1
0 -8 3 13 -5 -2 0 0
0 -8 3 13 -5 -3 0 0
0 -8 3 13 -5 -3 1 0
0 -8 3 13 -5 -4 0 0
0 -8 3 13 -5 -4 1 0
0 -8 3 13 -5 -5 1 0
0 -8 3 13 -5 -5 2 0
0 -8 3 13 -5 -6 2 0
0 -8 3 13 -5 -7 2 1
0 -8 3 13 -6 -1 0 0
0 -8 3 13 -6 -2 0 0
0 -8 3 13 -6 -3 0 0
0 -8 3 13 -6 -3 1 0
0 -8 3 13 -6 -4 1 0
0 -8 3 13 -6 -5 2 0
0 -8 3 13 -6 -6 3 0
0 -8 3 13 -6 0 0 0
0 -8 3 13 -7 -1 0 0
0 -8 3 13 -7 -2 0 0
0 -8 3 13 -7 -2 1 0
0 -8 3 13 -7 -3 1 0
0 -8 3 13 -7 -4 2 0
0 -8 3 13 -7 -5 3 0
0 -8 3 13 -7 0 0 0
0 -8 3 13 -8 -1 0 0
0 -8 3 13 -8 -2 1 0
0 -8 3 13 -8 -3 2 0
0 -8 3 13 -8 0 0 0
0 -8 3 13 -8 1 0 0
0 -8 3 13 -9 -1 1 0
0 -8 3 13 -9 0 0 0
0 -8 3 13 -9 1 0 0
0 -8 3 14 -10 -1 1 0
0 -8 3 14 -10 -2 2 0
0 -8 3 14 -10 0 0 0
0 -8 3 14 -10 1 0 0
0 -8 3 14 -11 0 1 0
0 -8 3 14 -11 1 0 0
0 -8 3 14 -11 2 0 0
0 -8 3 14 -12 2 0 0
0 -8 3 14 -13 3 0 0
0 -8 3 14 -5 -7 2 0
0 -8 3 14 -5 -8 2 1
0 -8 3 14 -5 -9 2 2
0 -8 3 14 -6 -5 1 0
0 -8 3 14 -6 -5 2 0
0 -8 3 14 -6 -6 2 0
0 -8 3 14 -6 -7 2 1
0 -8 3 14 -6 -7 3 0
0 -8 3 14 -6 -8 3 1
0 -8 3 14 -7 -2 0 0
0 -8 3 14 -7 -3 0 0
0 -8 3 14 -7 -3 1 0
0 -8 3 14 -7 -4 1 0
0 -8 3 14 -7 -4 2 0
0 -8 3 14 -7 -5 2 0
0 -8 3 14 -7 -6 2 1
0 -8 3 14 -7 -6 3 0
0 -8 3 14 -7 -7 4 0
0 -8 3 14 -8 -1 0 0
0 -8 3 14 -8 -2 0 0
0 -8 3 14 -8 -2 1 0
0 -8 3 14 -8 -3 1 0
0 -8 3 14 -8 -4 2 0
0 -8 3 14 -8 -5 3 0
0 -8 3 14 -8 0 0 0
0 -8 3 14 -8 1 0 0
0 -8 3 14 -9 -1 0 0
0 -8 3 14 -9 -1 1 0
0 -8 3 14 -9 -2 1 0
0 -8 3 14 -9 -3 2 0
0 -8 3 14 -9 0 0 0
0 -8 3 14 -9 1 0 0
0 -8 3 15 -10 -1 0 0
0 -8 3 15 -10 -1 1 0
0 -8 3 15 -10 -2 1 0
0 -8 3 15 -10 -3 2 0
0 -8 3 15 -10 -4 3 0
0 -8 3 15 -11 -1 1 0
0 -8 3 15 -11 -2 2 0
0 -8 3 15 -11 -4 5 -1
0 -8 3 15 -11 0 0 0
0 -8 3 15 -11 1 0 0
0 -8 3 15 -11 2 0 0
0 -8 3 15 -12 0 1 0
0 -8 3 15 -12 1 0 0
0 -8 3 15 -12 2 0 0
0 -8 3 15 -13 1 1 0
0 -8 3 15 -13 2 0 0
0 -8 3 15 -6 -10 3 2
0 -8 3 15 -7 -8 3 1
0 -8 3 15 -7 -8 4 0
0 -8 3 15 -7 -9 4 1
0 -8 3 15 -8 -5 2 0
0 -8 3 15 -8 -6 3 0
0 -8 3 15 -8 -7 3 1
0 -8 3 15 -8 -7 4 0
0 -8 3 15 -8 -8 5 0
0 -8 3 15 -9 -2 0 0
0 -8 3 15 -9 -3 1 0
0 -8 3 15 -9 -3 2 0
0 -8 3 15 -9 -4 2 0
0 -8 3 15 -9 -5 3 0
0 -8 3 15 -9 -6 4 0
0 -8 3 15 -9 -7 6 -1
0 -8 3 16 -10 -6 3 1
0 -8 3 16 -10 -6 4 0
0 -8 3 16 -10 -7 5 0
0 -8 3 16 -10 -7 6 -1
0 -8 3 16 -10 -8 7 -1
0 -8 3 16 -11 -1 0 0
0 -8 3 16 -11 -3 2 0
0 -8 3 16 -11 -4 3 0
0 -8 3 16 -11 -5 4 0
0 -8 3 16 -11 -6 6 -1
0 -8 3 16 -12 -1 1 0
0 -8 3 16 -12 -2 2 0
0 -8 3 16 -12 -3 3 0
0 -8 3 16 -12 -4 5 -1
0 -8 3 16 -12 0 0 0
0 -8 3 16 -13 -1 2 0
0 -8 3 16 -13 0 1 0
0 -8 3 16 -5 -11 1 2
0 -8 3 16 -8 -7 2 1
0 -8 3 16 -9 -9 6 0
0 -8 3 17 -12 -8 9 -2
0 -8 3 17 -13 -4 4 0
0 -8 3 17 -13 -5 6 -1
0 -8 3 18 -10 -11 5 2
0 -8 3 18 -13 -7 7 -1
0 -8 3 18 -14 -7 9 -2
0 -8 3 2 0 0 0 0
0 -8 3 3 -1 0 0 0
0 -8 3 3 0 0 0 0
0 -8 3 4 -1 0 0 0
0 -8 3 4 0 0 0 0
0 -8 3 5 -1 0 0 0
0 -8 3 5 -2 0 0 0
0 -8 3 5 0 0 0 0
0 -8 3 5 1 0 0 0
0 -8 3 6 -1 -1 0 0
0 -8 3 6 -1 0 0 0
0 -8 3 6 -2 0 0 0
0 -8 3 6 -3 0 0 0
0 -8 3 6 0 0 0 0
0 -8 3 6 1 0 0 0
0 -8 3 7 -1 -1 0 0
0 -8 3 7 -1 0 0 0
0 -8 3 7 -2 -1 0 0
0 -8 3 7 -2 0 0 0
0 -8 3 7 -3 0 0 0
0 -8 3 7 0 0 0 0
0 -8 3 7 1 0 0 0
0 -8 3 8 -1 -1 0 0
0 -8 3 8 -1 0 0 0
0 -8 3 8 -2 -1 0 0
0 -8 3 8 -2 -2 0 0
0 -8 3 8 -2 0 0 0
0 -8 3 8 -3 -1 0 0
0 -8 3 8 -3 0 0 0
0 -8 3 8 -4 0 0 0
0 -8 3 8 0 -1 0 0
0 -8 3 8 0 0 0 0
0 -8 3 8 1 0 0 0
0 -8 3 8 2 0 0 0
0 -8 3 9 -1 -1 0 0
0 -8 3 9 -1 -2 0 0
0 -8 3 9 -1 0 0 0
0 -8 3 9 -2 -1 0 0
0 -8 3 9 -2 -2 0 0
0 -8 3 9 -2 0 0 0
0 -8 3 9 -3 -1 0 0
0 -8 3 9 -3 -2 0 0
0 -8 3 9 -3 0 0 0
0 -8 3 9 -4 -1 0 0
0 -8 3 9 -4 0 0 0
0 -8 3 9 -5 0 0 0
0 -8 3 9 0 -1 0 0
0 -8 3 9 0 0 0 0
0 -8 3 9 1 -1 0 0
0 -8 3 9 1 0 0 0
0 -8 4 0 0 0 0 0
0 -8 4 1 0 0 0 0
0 -8 4 10 -3 -2 0 0
0 -8 4 10 -3 -3 0 0
0 -8 4 10 -4 -1 0 0
0 -8 4 10 -4 -2 0 0
0 -8 4 10 -4 -3 0 0
0 -8 4 10 -4 -3 1 0
0 -8 4 10 -4 0 0 0
0 -8 4 10 -5 -1 0 0
0 -8 4 10 -5 -2 0 0
0 -8 4 10 -5 -3 1 0
0 -8 4 10 -5 0 0 0
0 -8 4 10 -6 -1 0 0
0 -8 4 10 -6 -2 1 0
0 -8 4 10 -6 0 0 0
0 -8 4 10 -7 -1 1 0
0 -8 4 10 -7 0 0 0
0 -8 4 10 -7 1 0 0
0 -8 4 10 -8 1 0 0
0 -8 4 11 -10 2 0 0
0 -8 4 11 -4 -4 0 0
0 -8 4 11 -5 -2 0 0
0 -8 4 11 -5 -3 0 0
0 -8 4 11 -5 -3 1 0
0 -8 4 11 -5 -4 1 0
0 -8 4 11 -6 -1 0 0
0 -8 4 11 -6 -2 0 0
0 -8 4 11 -6 -2 1 0
0 -8 4 11 -6 -3 1 0
0 -8 4 11 -6 -4 2 0
0 -8 4 11 -6 0 0 0
0 -8 4 11 -7 -1 0 0
0 -8 4 11 -7 -2 1 0
0 -8 4 11 -7 -3 2 0
0 -8 4 11 -7 0 0 0
0 -8 4 11 -7 1 0 0
0 -8 4 11 -8 -1 1 0
0 -8 4 11 -8 0 0 0
0 -8 4 11 -8 1 0 0
0 -8 4 11 -9 1 0 0
0 -8 4 12 -10 0 1 0
0 -8 4 12 -10 1 0 0
0 -8 4 12 -10 2 0 0
0 -8 4 12 -11 2 0 0
0 -8 4 12 -12 3 0 0
0 -8 4 12 -6 -5 2 0
0 -8 4 12 -6 -6 2 1
0 -8 4 12 -7 -2 0 0
0 -8 4 12 -7 -3 1 0
0 -8 4 12 -7 -4 2 0
0 -8 4 12 -7 -5 3 0
0 -8 4 12 -8 -1 0 0
0 -8 4 12 -8 -2 1 0
0 -8 4 12 -8 -3 2 0
0 -8 4 12 -8 0 0 0
0 -8 4 12 -9 -1 1 0
0 -8 4 12 -9 -2 2 0
0 -8 4 12 -9 0 0 0
0 -8 4 12 -9 1 0 0
0 -8 4 13 -10 -1 1 0
0 -8 4 13 -10 -2 2 0
0 -8 4 13 -10 0 0 0
0 -8 4 13 -11 0 1 0
0 -8 4 13 -11 1 0 0
0 -8 4 13 -11 2 0 0
0 -8 4 13 -12 1 1 0
0 -8 4 13 -12 2 0 0
0 -8 4 13 -13 3 0 0
0 -8 4 13 -8 -6 4 0
0 -8 4 13 -9 -3 2 0
0 -8 4 13 -9 -4 3 0
0 -8 4 14 -11 -4 5 -1
0 -8 4 14 -12 -1 2 0
0 -8 4 14 -13 -1 4 -1
0 -8 4 14 -13 1 1 0
0 -8 4 14 -13 2 0 0
0 -8 4 14 -14 3 0 0
0 -8 4 14 -15 4 0 0
0 -8 4 14 -8 -8 4 1
0 -8 4 15 -16 4 0 0
0 -8 4 16 -12 -8 9 -2
0 -8 4 16 -15 2 0 0
0 -8 4 18 -15 -8 9 -1
0 -8 4 2 -1 0 0 0
0 -8 4 2 0 0 0 0
0 -8 4 3 -1 0 0 0
0 -8 4 3 0 0 0 0
0 -8 4 4 -1 0 0 0
0 -8 4 4 -2 0 0 0
0 -8 4 4 0 0 0 0
0 -8 4 5 -1 0 0 0
0 -8 4 5 -2 0 0 0
0 -8 4 5 0 0 0 0
0 -8 4 6 -1 -1 0 0
0 -8 4 6 -1 0 0 0
0 -8 4 6 -2 -1 0 0
0 -8 4 6 -2 0 0 0
0 -8 4 6 -3 0 0 0
0 -8 4 6 0 0 0 0
0 -8 4 6 1 0 0 0
0 -8 4 7 -1 -1 0 0
0 -8 4 7 -1 0 0 0
0 -8 4 7 -2 -1 0 0
0 -8 4 7 -2 0 0 0
0 -8 4 7 -3 -1 0 0
0 -8 4 7 -3 0 0 0
0 -8 4 7 -4 0 0 0
0 -8 4 7 0 0 0 0
0 -8 4 7 1 0 0 0
0 -8 4 8 -1 -1 0 0
0 -8 4 8 -1 0 0 0
0 -8 4 8 -2 -1 0 0
0 -8 4 8 -2 -2 0 0
0 -8 4 8 -2 0 0 0
0 -8 4 8 -3 -1 0 0
0 -8 4 8 -3 -2 0 0
0 -8 4 8 -3 0 0 0
0 -8 4 8 -4 -1 0 0
0 -8 4 8 -4 -2 1 0
0 -8 4 8 -4 0 0 0
0 -8 4 8 -5 0 0 0
0 -8 4 8 -6 1 0 0
0 -8 4 8 0 -1 0 0
0 -8 4 8 0 0 0 0
0 -8 4 9 -1 -2 0 0
0 -8 4 9 -2 -1 0 0
0 -8 4 9 -2 -2 0 0
0 -8 4 9 -2 0 0 0
0 -8 4 9 -3 -1 0 0
0 -8 4 9 -3 -2 0 0
0 -8 4 9 -3 -3 0 0
0 -8 4 9 -3 0 0 0
0 -8 4 9 -4 -1 0 0
0 -8 4 9 -4 -2 0 0
0 -8 4 9 -4 0 0 0
0 -8 4 9 -5 -1 0 0
0 -8 4 9 -5 -2 1 0
0 -8 4 9 -5 0 0 0
0 -8 4 9 -6 0 0 0
0 -8 4 9 -7 1 0 0
0 -8 5 0 0 0 0 0
0 -8 5 1 0 0 0 0
0 -8 5 10 -10 2 0 0
0 -8 5 10 -4 -4 0 0
0 -8 5 10 -7 -3 2 0
0 -8 5 10 -8 -1 1 0
0 -8 5 10 -8 0 0 0
0 -8 5 10 -9 0 1 0
0 -8 5 10 -9 1 0 0
0 -8 5 11 -11 2 0 0
0 -8 5 11 -12 3 0 0
0 -8 5 12 -10 -4 5 -1
0 -8 5 12 -11 2 0 0
0 -8 5 14 -11 -6 4 1
0 -8 5 14 -16 4 0 0
0 -8 5 16 -18 0 5 -1
0 -8 5 2 -1 0 0 0
0 -8 5 2 0 0 0 0
0 -8 5 3 -1 0 0 0
0 -8 5 3 0 0 0 0
0 -8 5 4 -1 0 0 0
0 -8 5 4 -2 0 0 0
0 -8 5 4 0 0 0 0
0 -8 5 5 -1 0 0 0
0 -8 5 5 -2 -1 0 0
0 -8 5 5 -2 0 0 0
0 -8 5 5 -3 0 0 0
0 -8 5 5 0 0 0 0
0 -8 5 6 -1 0 0 0
0 -8 5 6 -2 -1 0 0
0 -8 5 6 -2 0 0 0
0 -8 5 6 -3 -1 0 0
0 -8 5 6 -3 0 0 0
0 -8 5 6 -4 0 0 0
0 -8 5 6 0 0 0 0
0 -8 5 7 -2 -1 0 0
0 -8 5 7 -2 0 0 0
0 -8 5 7 -3 -1 0 0
0 -8 5 7 -3 -2 0 0
0 -8 5 7 -3 0 0 0
0 -8 5 7 -4 -1 0 0
0 -8 5 7 -4 0 0 0
0 -8 5 7 -5 0 0 0
0 -8 5 7 -6 1 0 0
0 -8 5 8 -3 -2 0 0
0 -8 5 8 -4 -1 0 0
0 -8 5 8 -4 -2 0 0
0 -8 5 8 -4 0 0 0
0 -8 5 8 -5 -1 0 0
0 -8 5 8 -5 -2 1 0
0 -8 5 8 -5 0 0 0
0 -8 5 8 -6 0 0 0
0 -8 5 8 -6 1 0 0
0 -8 5 8 -7 1 0 0
0 -8 5 9 -5 -2 0 0
0 -8 5 9 -5 -3 1 0
0 -8 5 9 -6 -1 0 0
0 -8 5 9 -6 -2 1 0
0 -8 5 9 -6 0 0 0
0 -8 5 9 -7 -1 1 0
0 -8 5 9 -7 0 0 0
0 -8 5 9 -7 1 0 0
0 -8 5 9 -8 1 0 0
0 -8 5 9 -9 2 0 0
0 -8 6 -1 0 0 0 0
0 -8 6 0 0 0 0 0
0 -8 6 1 -1 0 0 0
0 -8 6 1 0 0 0 0
0 -8 6 10 -7 -5 2 1
0 -8 6 2 -1 0 0 0
0 -8 6 2 0 0 0 0
0 -8 6 3 -1 0 0 0
0 -8 6 3 -2 0 0 0
0 -8 6 3 0 0 0 0
0 -8 6 4 -1 0 0 0
0 -8 6 4 -2 0 0 0
0 -8 6 4 -3 0 0 0
0 -8 6 4 0 0 0 0
0 -8 6 5 -2 -1 0 0
0 -8 6 5 -2 0 0 0
0 -8 6 5 -3 -1 0 0
0 -8 6 5 -3 0 0 0
0 -8 6 5 -4 0 0 0
0 -8 6 5 -5 1 0 0
0 -8 6 6 -4 -1 0 0
0 -8 6 6 -4 0 0 0
0 -8 6 6 -5 0 0 0
0 -8 6 6 -6 1 0 0
0 -8 6 7 -6 -1 1 0
0 -8 6 7 -6 0 0 0
0 -8 6 7 -7 1 0 0
0 -8 6 8 -8 1 0 0
0 -8 6 8 -9 2 0 0
0 -8 7 -1 0 0 0 0
0 -8 7 0 0 0 0 0
0 -8 7 1 -1 0 0 0
0 -8 7 1 0 0 0 0
0 -8 7 12 -19 7 0 0
0 -8 7 2 -1 0 0 0
0 -8 7 2 -2 0 0 0
0 -8 7 2 0 0 0 0
0 -8 7 3 -2 0 0 0
0 -8 7 3 -3 0 0 0
0 -8 7 4 -3 -1 0 0
0 -8 7 4 -4 0 0 0
0 -8 7 4 -5 1 0 0
0 -8 8 -1 0 0 0 0
0 -8 8 -2 0 0 0 0
0 -8 8 0 -1 0 0 0
0 -8 8 0 0 0 0 0
0 -8 8 1 -2 0 0 0
0 -8 8 4 -7 2 0 0
0 -8 9 -2 0 0 0 0
0 -9 -6 6 -1 0 0 0
0 -9 -6 9 5 -2 -1 0
0 -9 -7 9 9 1 0 0
0 -9 -9 0 0 0 0 0
0 -9 0 0 0 0 0 0
0 -9 0 24 0 -20 0 0
0 -9 6 6 1 0 0 0
0 -9 6 9 -5 -2 1 0
0 -9 7 9 -9 1 0 0
0 -9 9 0 0 0 0 0
